t=,0, id=,B00, PRDE,actvstrat=,0.209171, actvprof=,0.000000, id=,B01, PRDE,actvstrat=,0.516316, actvprof=,0.000000, id=,B02, PRDE,actvstrat=,0.552756, actvprof=,0.000000, id=,B03, PRDE,actvstrat=,-0.250683, actvprof=,0.000000, id=,B04, PRDE,actvstrat=,-0.581856, actvprof=,0.000000, id=,B05, PRDE,actvstrat=,0.946453, actvprof=,0.000000, id=,B06, PRDE,actvstrat=,0.885710, actvprof=,0.000000, id=,B07, PRDE,actvstrat=,0.073972, actvprof=,0.000000, id=,B08, PRDE,actvstrat=,-0.079871, actvprof=,0.000000, id=,B09, PRDE,actvstrat=,-0.909113, actvprof=,0.000000, id=,B10, PRDE,actvstrat=,-0.792044, actvprof=,0.000000, id=,B11, PRDE,actvstrat=,-0.794272, actvprof=,0.000000, id=,B12, PRDE,actvstrat=,-0.628794, actvprof=,0.000000, id=,B13, PRDE,actvstrat=,0.995061, actvprof=,0.000000, id=,B14, PRDE,actvstrat=,-0.289778, actvprof=,0.000000, id=,B15, PRDE,actvstrat=,0.770522, actvprof=,0.000000, id=,B16, PRDE,actvstrat=,0.781739, actvprof=,0.000000, id=,B17, PRDE,actvstrat=,-0.848626, actvprof=,0.000000, id=,B18, PRDE,actvstrat=,-0.743476, actvprof=,0.000000, id=,B19, PRDE,actvstrat=,-0.273578, actvprof=,0.000000, id=,B20, PRDE,actvstrat=,0.581947, actvprof=,0.000000, id=,B21, PRDE,actvstrat=,-0.867235, actvprof=,0.000000, id=,B22, PRDE,actvstrat=,-0.937461, actvprof=,0.000000, id=,B23, PRDE,actvstrat=,0.941007, actvprof=,0.000000, id=,B24, PRDE,actvstrat=,-0.166682, actvprof=,0.000000, id=,B25, PRDE,actvstrat=,-0.697780, actvprof=,0.000000, id=,B26, PRDE,actvstrat=,-0.436832, actvprof=,0.000000, id=,B27, PRDE,actvstrat=,-0.144263, actvprof=,0.000000, id=,B28, PRDE,actvstrat=,-0.176614, actvprof=,0.000000, id=,B29, PRDE,actvstrat=,-0.404599, actvprof=,0.000000, id=,S00, PRDE,actvstrat=,-0.653758, actvprof=,0.000000, id=,S01, PRDE,actvstrat=,0.045579, actvprof=,0.000000, id=,S02, PRDE,actvstrat=,-0.631960, actvprof=,0.000000, id=,S03, PRDE,actvstrat=,0.264774, actvprof=,0.000000, id=,S04, PRDE,actvstrat=,0.668544, actvprof=,0.000000, id=,S05, PRDE,actvstrat=,-0.127123, actvprof=,0.000000, id=,S06, PRDE,actvstrat=,-0.359181, actvprof=,0.000000, id=,S07, PRDE,actvstrat=,-0.387120, actvprof=,0.000000, id=,S08, PRDE,actvstrat=,-0.339321, actvprof=,0.000000, id=,S09, PRDE,actvstrat=,0.088726, actvprof=,0.000000, id=,S10, PRDE,actvstrat=,-0.227858, actvprof=,0.000000, id=,S11, PRDE,actvstrat=,-0.523066, actvprof=,0.000000, id=,S12, PRDE,actvstrat=,0.564421, actvprof=,0.000000, id=,S13, PRDE,actvstrat=,0.957190, actvprof=,0.000000, id=,S14, PRDE,actvstrat=,-0.863469, actvprof=,0.000000, id=,S15, PRDE,actvstrat=,-0.777124, actvprof=,0.000000, id=,S16, PRDE,actvstrat=,-0.133164, actvprof=,0.000000, id=,S17, PRDE,actvstrat=,-0.790120, actvprof=,0.000000, id=,S18, PRDE,actvstrat=,-0.282680, actvprof=,0.000000, id=,S19, PRDE,actvstrat=,0.059728, actvprof=,0.000000, id=,S20, PRDE,actvstrat=,-0.192491, actvprof=,0.000000, id=,S21, PRDE,actvstrat=,0.674639, actvprof=,0.000000, id=,S22, PRDE,actvstrat=,0.749278, actvprof=,0.000000, id=,S23, PRDE,actvstrat=,0.236442, actvprof=,0.000000, id=,S24, PRDE,actvstrat=,0.316133, actvprof=,0.000000, id=,S25, PRDE,actvstrat=,-0.737962, actvprof=,0.000000, id=,S26, PRDE,actvstrat=,-0.050782, actvprof=,0.000000, id=,S27, PRDE,actvstrat=,0.177469, actvprof=,0.000000, id=,S28, PRDE,actvstrat=,0.948858, actvprof=,0.000000, id=,S29, PRDE,actvstrat=,-0.235202, actvprof=,0.000000, best_B_id=,B00, best_B_prof=,0.000000, best_B_strat=,0.209171, best_S_id=,S00, best_S_prof=,0.000000, best_S_strat=,-0.653758, 
t=,3600, id=,B00, PRDE,actvstrat=,0.209171, actvprof=,5.257934, id=,B01, PRDE,actvstrat=,0.516316, actvprof=,5.537372, id=,B02, PRDE,actvstrat=,0.552756, actvprof=,5.667647, id=,B03, PRDE,actvstrat=,-0.250683, actvprof=,4.949330, id=,B04, PRDE,actvstrat=,-0.581856, actvprof=,5.331265, id=,B05, PRDE,actvstrat=,0.946453, actvprof=,4.464619, id=,B06, PRDE,actvstrat=,0.885710, actvprof=,4.983496, id=,B07, PRDE,actvstrat=,0.073972, actvprof=,5.351265, id=,B08, PRDE,actvstrat=,-0.079871, actvprof=,5.164603, id=,B09, PRDE,actvstrat=,-0.909113, actvprof=,6.917340, id=,B10, PRDE,actvstrat=,-0.792044, actvprof=,6.309298, id=,B11, PRDE,actvstrat=,-0.794272, actvprof=,6.329576, id=,B12, PRDE,actvstrat=,-0.628794, actvprof=,5.642369, id=,B13, PRDE,actvstrat=,0.995061, actvprof=,4.354621, id=,B14, PRDE,actvstrat=,-0.289778, actvprof=,5.177936, id=,B15, PRDE,actvstrat=,0.770522, actvprof=,5.475429, id=,B16, PRDE,actvstrat=,0.781739, actvprof=,5.376264, id=,B17, PRDE,actvstrat=,-0.848626, actvprof=,6.617902, id=,B18, PRDE,actvstrat=,-0.743476, actvprof=,5.996250, id=,B19, PRDE,actvstrat=,-0.273578, actvprof=,5.139325, id=,B20, PRDE,actvstrat=,0.581947, actvprof=,5.566260, id=,B21, PRDE,actvstrat=,-0.867235, actvprof=,6.721233, id=,B22, PRDE,actvstrat=,-0.937461, actvprof=,6.993727, id=,B23, PRDE,actvstrat=,0.941007, actvprof=,4.731279, id=,B24, PRDE,actvstrat=,-0.166682, actvprof=,5.001829, id=,B25, PRDE,actvstrat=,-0.697780, actvprof=,5.961529, id=,B26, PRDE,actvstrat=,-0.436832, actvprof=,5.160436, id=,B27, PRDE,actvstrat=,-0.144263, actvprof=,5.024050, id=,B28, PRDE,actvstrat=,-0.176614, actvprof=,5.003495, id=,B29, PRDE,actvstrat=,-0.404599, actvprof=,5.128215, id=,S00, PRDE,actvstrat=,-0.653758, actvprof=,7.142612, id=,S01, PRDE,actvstrat=,0.045579, actvprof=,6.377352, id=,S02, PRDE,actvstrat=,-0.631960, actvprof=,6.789010, id=,S03, PRDE,actvstrat=,0.264774, actvprof=,6.820120, id=,S04, PRDE,actvstrat=,0.668544, actvprof=,7.183167, id=,S05, PRDE,actvstrat=,-0.127123, actvprof=,6.663179, id=,S06, PRDE,actvstrat=,-0.359181, actvprof=,6.653735, id=,S07, PRDE,actvstrat=,-0.387120, actvprof=,6.720956, id=,S08, PRDE,actvstrat=,-0.339321, actvprof=,6.871230, id=,S09, PRDE,actvstrat=,0.088726, actvprof=,6.845119, id=,S10, PRDE,actvstrat=,-0.227858, actvprof=,6.367075, id=,S11, PRDE,actvstrat=,-0.523066, actvprof=,6.750677, id=,S12, PRDE,actvstrat=,0.564421, actvprof=,7.260110, id=,S13, PRDE,actvstrat=,0.957190, actvprof=,6.841231, id=,S14, PRDE,actvstrat=,-0.863469, actvprof=,7.915095, id=,S15, PRDE,actvstrat=,-0.777124, actvprof=,7.162890, id=,S16, PRDE,actvstrat=,-0.133164, actvprof=,6.715956, id=,S17, PRDE,actvstrat=,-0.790120, actvprof=,7.658712, id=,S18, PRDE,actvstrat=,-0.282680, actvprof=,6.663457, id=,S19, PRDE,actvstrat=,0.059728, actvprof=,6.730122, id=,S20, PRDE,actvstrat=,-0.192491, actvprof=,6.682623, id=,S21, PRDE,actvstrat=,0.674639, actvprof=,7.499549, id=,S22, PRDE,actvstrat=,0.749278, actvprof=,7.341774, id=,S23, PRDE,actvstrat=,0.236442, actvprof=,6.957061, id=,S24, PRDE,actvstrat=,0.316133, actvprof=,7.033448, id=,S25, PRDE,actvstrat=,-0.737962, actvprof=,7.447883, id=,S26, PRDE,actvstrat=,-0.050782, actvprof=,6.619013, id=,S27, PRDE,actvstrat=,0.177469, actvprof=,6.754844, id=,S28, PRDE,actvstrat=,0.948858, actvprof=,6.846230, id=,S29, PRDE,actvstrat=,-0.235202, actvprof=,6.719011, best_B_id=,B22, best_B_prof=,6.993727, best_B_strat=,-0.937461, best_S_id=,S14, best_S_prof=,7.915095, best_S_strat=,-0.863469, 
t=,7200, id=,B00, PRDE,actvstrat=,0.901298, actvprof=,0.000000, id=,B01, PRDE,actvstrat=,-0.040874, actvprof=,0.000000, id=,B02, PRDE,actvstrat=,0.096623, actvprof=,0.000000, id=,B03, PRDE,actvstrat=,-0.029224, actvprof=,0.000000, id=,B04, PRDE,actvstrat=,-0.119329, actvprof=,0.000000, id=,B05, PRDE,actvstrat=,-0.853343, actvprof=,0.000000, id=,B06, PRDE,actvstrat=,0.826683, actvprof=,0.000000, id=,B07, PRDE,actvstrat=,0.870810, actvprof=,0.000000, id=,B08, PRDE,actvstrat=,0.157136, actvprof=,0.000000, id=,B09, PRDE,actvstrat=,-0.306761, actvprof=,0.000000, id=,B10, PRDE,actvstrat=,-0.082055, actvprof=,0.000000, id=,B11, PRDE,actvstrat=,0.033465, actvprof=,0.000000, id=,B12, PRDE,actvstrat=,0.164064, actvprof=,0.000000, id=,B13, PRDE,actvstrat=,0.266127, actvprof=,0.000000, id=,B14, PRDE,actvstrat=,0.699470, actvprof=,0.000000, id=,B15, PRDE,actvstrat=,-0.943135, actvprof=,0.000000, id=,B16, PRDE,actvstrat=,0.024499, actvprof=,0.000000, id=,B17, PRDE,actvstrat=,-0.437948, actvprof=,0.000000, id=,B18, PRDE,actvstrat=,0.302207, actvprof=,0.000000, id=,B19, PRDE,actvstrat=,-0.755964, actvprof=,0.000000, id=,B20, PRDE,actvstrat=,0.176877, actvprof=,0.000000, id=,B21, PRDE,actvstrat=,0.401097, actvprof=,0.000000, id=,B22, PRDE,actvstrat=,-0.147073, actvprof=,0.000000, id=,B23, PRDE,actvstrat=,0.603359, actvprof=,0.000000, id=,B24, PRDE,actvstrat=,-0.670165, actvprof=,0.000000, id=,B25, PRDE,actvstrat=,0.028854, actvprof=,0.000000, id=,B26, PRDE,actvstrat=,-0.740789, actvprof=,0.000000, id=,B27, PRDE,actvstrat=,0.714703, actvprof=,0.000000, id=,B28, PRDE,actvstrat=,0.653692, actvprof=,0.000000, id=,B29, PRDE,actvstrat=,0.081896, actvprof=,0.000000, id=,S00, PRDE,actvstrat=,0.277390, actvprof=,0.000000, id=,S01, PRDE,actvstrat=,0.729597, actvprof=,0.000000, id=,S02, PRDE,actvstrat=,0.195719, actvprof=,0.000000, id=,S03, PRDE,actvstrat=,0.012308, actvprof=,0.000000, id=,S04, PRDE,actvstrat=,-0.033322, actvprof=,0.000000, id=,S05, PRDE,actvstrat=,0.958070, actvprof=,0.000000, id=,S06, PRDE,actvstrat=,0.429672, actvprof=,0.000000, id=,S07, PRDE,actvstrat=,0.950580, actvprof=,0.000000, id=,S08, PRDE,actvstrat=,0.590336, actvprof=,0.000000, id=,S09, PRDE,actvstrat=,0.335489, actvprof=,0.000000, id=,S10, PRDE,actvstrat=,0.802679, actvprof=,0.000000, id=,S11, PRDE,actvstrat=,0.432890, actvprof=,0.000000, id=,S12, PRDE,actvstrat=,-0.837680, actvprof=,0.000000, id=,S13, PRDE,actvstrat=,0.588579, actvprof=,0.000000, id=,S14, PRDE,actvstrat=,0.890665, actvprof=,0.000000, id=,S15, PRDE,actvstrat=,-0.357387, actvprof=,0.000000, id=,S16, PRDE,actvstrat=,-0.430278, actvprof=,0.000000, id=,S17, PRDE,actvstrat=,0.579379, actvprof=,0.000000, id=,S18, PRDE,actvstrat=,0.854933, actvprof=,0.000000, id=,S19, PRDE,actvstrat=,-0.796871, actvprof=,0.000000, id=,S20, PRDE,actvstrat=,-0.083501, actvprof=,0.000000, id=,S21, PRDE,actvstrat=,0.822941, actvprof=,0.000000, id=,S22, PRDE,actvstrat=,-0.987147, actvprof=,0.000000, id=,S23, PRDE,actvstrat=,0.230696, actvprof=,0.000000, id=,S24, PRDE,actvstrat=,0.095282, actvprof=,0.000000, id=,S25, PRDE,actvstrat=,-0.590328, actvprof=,0.000000, id=,S26, PRDE,actvstrat=,0.423649, actvprof=,0.000000, id=,S27, PRDE,actvstrat=,0.056893, actvprof=,0.000000, id=,S28, PRDE,actvstrat=,0.038140, actvprof=,0.000000, id=,S29, PRDE,actvstrat=,0.419498, actvprof=,0.000000, best_B_id=,B00, best_B_prof=,0.000000, best_B_strat=,0.901298, best_S_id=,S00, best_S_prof=,0.000000, best_S_strat=,0.277390, 
t=,10800, id=,B00, PRDE,actvstrat=,0.901298, actvprof=,2.525266, id=,B01, PRDE,actvstrat=,-0.040874, actvprof=,2.918042, id=,B02, PRDE,actvstrat=,0.096623, actvprof=,3.137763, id=,B03, PRDE,actvstrat=,-0.029224, actvprof=,3.120819, id=,B04, PRDE,actvstrat=,-0.119329, actvprof=,3.051930, id=,B05, PRDE,actvstrat=,-0.853343, actvprof=,4.784978, id=,B06, PRDE,actvstrat=,0.826683, actvprof=,2.892487, id=,B07, PRDE,actvstrat=,0.870810, actvprof=,2.798876, id=,B08, PRDE,actvstrat=,0.157136, actvprof=,3.365818, id=,B09, PRDE,actvstrat=,-0.306761, actvprof=,3.118874, id=,B10, PRDE,actvstrat=,-0.082055, actvprof=,2.971931, id=,B11, PRDE,actvstrat=,0.033465, actvprof=,2.786654, id=,B12, PRDE,actvstrat=,0.164064, actvprof=,3.081652, id=,B13, PRDE,actvstrat=,0.266127, actvprof=,3.347207, id=,B14, PRDE,actvstrat=,0.699470, actvprof=,3.319985, id=,B15, PRDE,actvstrat=,-0.943135, actvprof=,4.547757, id=,B16, PRDE,actvstrat=,0.024499, actvprof=,3.079708, id=,B17, PRDE,actvstrat=,-0.437948, actvprof=,3.126652, id=,B18, PRDE,actvstrat=,0.302207, actvprof=,3.151374, id=,B19, PRDE,actvstrat=,-0.755964, actvprof=,4.336924, id=,B20, PRDE,actvstrat=,0.176877, actvprof=,3.167763, id=,B21, PRDE,actvstrat=,0.401097, actvprof=,3.409706, id=,B22, PRDE,actvstrat=,-0.147073, actvprof=,2.989986, id=,B23, PRDE,actvstrat=,0.603359, actvprof=,3.692205, id=,B24, PRDE,actvstrat=,-0.670165, actvprof=,4.169703, id=,B25, PRDE,actvstrat=,0.028854, actvprof=,2.936375, id=,B26, PRDE,actvstrat=,-0.740789, actvprof=,4.524979, id=,B27, PRDE,actvstrat=,0.714703, actvprof=,3.231374, id=,B28, PRDE,actvstrat=,0.653692, actvprof=,3.380818, id=,B29, PRDE,actvstrat=,0.081896, actvprof=,3.035819, id=,S00, PRDE,actvstrat=,0.277390, actvprof=,7.950797, id=,S01, PRDE,actvstrat=,0.729597, actvprof=,9.815510, id=,S02, PRDE,actvstrat=,0.195719, actvprof=,7.676909, id=,S03, PRDE,actvstrat=,0.012308, actvprof=,7.053578, id=,S04, PRDE,actvstrat=,-0.033322, actvprof=,6.415804, id=,S05, PRDE,actvstrat=,0.958070, actvprof=,10.039398, id=,S06, PRDE,actvstrat=,0.429672, actvprof=,8.677182, id=,S07, PRDE,actvstrat=,0.950580, actvprof=,10.229675, id=,S08, PRDE,actvstrat=,0.590336, actvprof=,9.200791, id=,S09, PRDE,actvstrat=,0.335489, actvprof=,8.069685, id=,S10, PRDE,actvstrat=,0.802679, actvprof=,10.110509, id=,S11, PRDE,actvstrat=,0.432890, actvprof=,8.445516, id=,S12, PRDE,actvstrat=,-0.837680, actvprof=,3.267763, id=,S13, PRDE,actvstrat=,0.588579, actvprof=,9.333290, id=,S14, PRDE,actvstrat=,0.890665, actvprof=,10.040231, id=,S15, PRDE,actvstrat=,-0.357387, actvprof=,5.336086, id=,S16, PRDE,actvstrat=,-0.430278, actvprof=,5.134143, id=,S17, PRDE,actvstrat=,0.579379, actvprof=,9.285235, id=,S18, PRDE,actvstrat=,0.854933, actvprof=,10.253008, id=,S19, PRDE,actvstrat=,-0.796871, actvprof=,3.466095, id=,S20, PRDE,actvstrat=,-0.083501, actvprof=,6.652469, id=,S21, PRDE,actvstrat=,0.822941, actvprof=,10.087453, id=,S22, PRDE,actvstrat=,-0.987147, actvprof=,6.574970, id=,S23, PRDE,actvstrat=,0.230696, actvprof=,7.595798, id=,S24, PRDE,actvstrat=,0.095282, actvprof=,6.912746, id=,S25, PRDE,actvstrat=,-0.590328, actvprof=,5.129421, id=,S26, PRDE,actvstrat=,0.423649, actvprof=,8.399406, id=,S27, PRDE,actvstrat=,0.056893, actvprof=,7.308577, id=,S28, PRDE,actvstrat=,0.038140, actvprof=,7.291355, id=,S29, PRDE,actvstrat=,0.419498, actvprof=,8.730515, best_B_id=,B05, best_B_prof=,4.784978, best_B_strat=,-0.853343, best_S_id=,S18, best_S_prof=,10.253008, best_S_strat=,0.854933, 
t=,14400, id=,B00, PRDE,actvstrat=,0.901298, actvprof=,2.544034, id=,B01, PRDE,actvstrat=,-0.040874, actvprof=,2.923896, id=,B02, PRDE,actvstrat=,0.096623, actvprof=,3.093340, id=,B03, PRDE,actvstrat=,-0.029224, actvprof=,3.018896, id=,B04, PRDE,actvstrat=,-0.119329, actvprof=,3.047646, id=,B05, PRDE,actvstrat=,-0.853343, actvprof=,5.027373, id=,B06, PRDE,actvstrat=,0.826683, actvprof=,2.869451, id=,B07, PRDE,actvstrat=,0.870810, actvprof=,2.795840, id=,B08, PRDE,actvstrat=,0.157136, actvprof=,3.290980, id=,B09, PRDE,actvstrat=,-0.306761, actvprof=,3.123202, id=,B10, PRDE,actvstrat=,-0.082055, actvprof=,2.953340, id=,B11, PRDE,actvstrat=,0.033465, actvprof=,2.914312, id=,B12, PRDE,actvstrat=,0.164064, actvprof=,3.105285, id=,B13, PRDE,actvstrat=,0.266127, actvprof=,3.209869, id=,B14, PRDE,actvstrat=,0.699470, actvprof=,3.287924, id=,B15, PRDE,actvstrat=,-0.943135, actvprof=,4.530705, id=,B16, PRDE,actvstrat=,0.024499, actvprof=,2.982229, id=,B17, PRDE,actvstrat=,-0.437948, actvprof=,3.197369, id=,B18, PRDE,actvstrat=,0.302207, actvprof=,3.220424, id=,B19, PRDE,actvstrat=,-0.755964, actvprof=,4.469316, id=,B20, PRDE,actvstrat=,0.176877, actvprof=,3.188618, id=,B21, PRDE,actvstrat=,0.401097, actvprof=,3.360286, id=,B22, PRDE,actvstrat=,-0.147073, actvprof=,2.963618, id=,B23, PRDE,actvstrat=,0.603359, actvprof=,3.599314, id=,B24, PRDE,actvstrat=,-0.670165, actvprof=,4.025287, id=,B25, PRDE,actvstrat=,0.028854, actvprof=,2.978062, id=,B26, PRDE,actvstrat=,-0.740789, actvprof=,4.495288, id=,B27, PRDE,actvstrat=,0.714703, actvprof=,3.327230, id=,B28, PRDE,actvstrat=,0.653692, actvprof=,3.405008, id=,B29, PRDE,actvstrat=,0.081896, actvprof=,2.910562, id=,S00, PRDE,actvstrat=,0.277390, actvprof=,8.024046, id=,S01, PRDE,actvstrat=,0.729597, actvprof=,9.838634, id=,S02, PRDE,actvstrat=,0.195719, actvprof=,7.538490, id=,S03, PRDE,actvstrat=,0.012308, actvprof=,7.052377, id=,S04, PRDE,actvstrat=,-0.033322, actvprof=,6.643210, id=,S05, PRDE,actvstrat=,0.958070, actvprof=,9.935717, id=,S06, PRDE,actvstrat=,0.429672, actvprof=,8.638492, id=,S07, PRDE,actvstrat=,0.950580, actvprof=,10.163079, id=,S08, PRDE,actvstrat=,0.590336, actvprof=,9.265021, id=,S09, PRDE,actvstrat=,0.335489, actvprof=,8.036130, id=,S10, PRDE,actvstrat=,0.802679, actvprof=,10.176135, id=,S11, PRDE,actvstrat=,0.432890, actvprof=,8.650576, id=,S12, PRDE,actvstrat=,-0.837680, actvprof=,3.212230, id=,S13, PRDE,actvstrat=,0.588579, actvprof=,9.359744, id=,S14, PRDE,actvstrat=,0.890665, actvprof=,10.010301, id=,S15, PRDE,actvstrat=,-0.357387, actvprof=,5.242373, id=,S16, PRDE,actvstrat=,-0.430278, actvprof=,5.047095, id=,S17, PRDE,actvstrat=,0.579379, actvprof=,9.243910, id=,S18, PRDE,actvstrat=,0.854933, actvprof=,10.254329, id=,S19, PRDE,actvstrat=,-0.796871, actvprof=,3.701814, id=,S20, PRDE,actvstrat=,-0.083501, actvprof=,6.473626, id=,S21, PRDE,actvstrat=,0.822941, actvprof=,10.120579, id=,S22, PRDE,actvstrat=,-0.987147, actvprof=,6.693071, id=,S23, PRDE,actvstrat=,0.230696, actvprof=,7.898074, id=,S24, PRDE,actvstrat=,0.095282, actvprof=,7.157933, id=,S25, PRDE,actvstrat=,-0.590328, actvprof=,5.039317, id=,S26, PRDE,actvstrat=,0.423649, actvprof=,8.470158, id=,S27, PRDE,actvstrat=,0.056893, actvprof=,7.204044, id=,S28, PRDE,actvstrat=,0.038140, actvprof=,7.135989, id=,S29, PRDE,actvstrat=,0.419498, actvprof=,8.604464, best_B_id=,B05, best_B_prof=,5.027373, best_B_strat=,-0.853343, best_S_id=,S18, best_S_prof=,10.254329, best_S_strat=,0.854933, 
t=,18000, id=,B00, PRDE,actvstrat=,0.780599, actvprof=,2.623660, id=,B01, PRDE,actvstrat=,0.162307, actvprof=,2.385044, id=,B02, PRDE,actvstrat=,0.469532, actvprof=,2.631993, id=,B03, PRDE,actvstrat=,-0.192490, actvprof=,2.148651, id=,B04, PRDE,actvstrat=,0.772135, actvprof=,2.675050, id=,B05, PRDE,actvstrat=,-0.369630, actvprof=,2.006426, id=,B06, PRDE,actvstrat=,-0.473280, actvprof=,2.233097, id=,B07, PRDE,actvstrat=,-0.778981, actvprof=,3.391729, id=,B08, PRDE,actvstrat=,0.688397, actvprof=,2.709772, id=,B09, PRDE,actvstrat=,0.100855, actvprof=,2.258653, id=,B10, PRDE,actvstrat=,-0.792044, actvprof=,3.535343, id=,B11, PRDE,actvstrat=,-0.754826, actvprof=,3.003111, id=,B12, PRDE,actvstrat=,-0.383082, actvprof=,2.108372, id=,B13, PRDE,actvstrat=,0.266127, actvprof=,2.671716, id=,B14, PRDE,actvstrat=,0.166229, actvprof=,2.453657, id=,B15, PRDE,actvstrat=,-0.943135, actvprof=,4.000074, id=,B16, PRDE,actvstrat=,0.649813, actvprof=,2.525880, id=,B17, PRDE,actvstrat=,0.737155, actvprof=,2.678383, id=,B18, PRDE,actvstrat=,-0.833248, actvprof=,3.815904, id=,B19, PRDE,actvstrat=,-0.418213, actvprof=,1.978092, id=,B20, PRDE,actvstrat=,-0.189617, actvprof=,2.020315, id=,B21, PRDE,actvstrat=,-0.507825, actvprof=,2.135040, id=,B22, PRDE,actvstrat=,0.815942, actvprof=,2.516435, id=,B23, PRDE,actvstrat=,0.698065, actvprof=,2.822830, id=,B24, PRDE,actvstrat=,-0.476795, actvprof=,2.274209, id=,B25, PRDE,actvstrat=,0.645384, actvprof=,2.769218, id=,B26, PRDE,actvstrat=,-0.946203, actvprof=,4.057020, id=,B27, PRDE,actvstrat=,-0.563293, actvprof=,2.445879, id=,B28, PRDE,actvstrat=,0.653692, actvprof=,2.717550, id=,B29, PRDE,actvstrat=,0.592692, actvprof=,2.762551, id=,S00, PRDE,actvstrat=,-0.591106, actvprof=,5.456212, id=,S01, PRDE,actvstrat=,-0.933910, actvprof=,3.446453, id=,S02, PRDE,actvstrat=,0.304651, actvprof=,8.380711, id=,S03, PRDE,actvstrat=,-0.866972, actvprof=,2.950055, id=,S04, PRDE,actvstrat=,0.092695, actvprof=,8.007926, id=,S05, PRDE,actvstrat=,0.033420, actvprof=,7.740421, id=,S06, PRDE,actvstrat=,-0.528370, actvprof=,5.165651, id=,S07, PRDE,actvstrat=,-0.142058, actvprof=,6.281783, id=,S08, PRDE,actvstrat=,0.590336, actvprof=,9.536565, id=,S09, PRDE,actvstrat=,-0.122532, actvprof=,6.204559, id=,S10, PRDE,actvstrat=,0.756620, actvprof=,10.382137, id=,S11, PRDE,actvstrat=,0.611601, actvprof=,9.814904, id=,S12, PRDE,actvstrat=,-0.420590, actvprof=,4.958703, id=,S13, PRDE,actvstrat=,-0.080788, actvprof=,6.779570, id=,S14, PRDE,actvstrat=,0.890665, actvprof=,10.773255, id=,S15, PRDE,actvstrat=,-0.857335, actvprof=,2.929499, id=,S16, PRDE,actvstrat=,0.949539, actvprof=,10.711865, id=,S17, PRDE,actvstrat=,0.999335, actvprof=,10.899646, id=,S18, PRDE,actvstrat=,0.143057, actvprof=,7.925702, id=,S19, PRDE,actvstrat=,0.350743, actvprof=,8.800996, id=,S20, PRDE,actvstrat=,0.921988, actvprof=,10.902146, id=,S21, PRDE,actvstrat=,0.670650, actvprof=,10.028241, id=,S22, PRDE,actvstrat=,-0.331983, actvprof=,5.543714, id=,S23, PRDE,actvstrat=,0.230696, actvprof=,8.329599, id=,S24, PRDE,actvstrat=,0.095282, actvprof=,7.748199, id=,S25, PRDE,actvstrat=,-0.614164, actvprof=,5.510658, id=,S26, PRDE,actvstrat=,0.462365, actvprof=,9.447119, id=,S27, PRDE,actvstrat=,0.357310, actvprof=,8.785996, id=,S28, PRDE,actvstrat=,-0.131410, actvprof=,6.014000, id=,S29, PRDE,actvstrat=,0.397991, actvprof=,8.993778, best_B_id=,B26, best_B_prof=,4.057020, best_B_strat=,-0.946203, best_S_id=,S20, best_S_prof=,10.902146, best_S_strat=,0.921988, 
t=,21600, id=,B00, PRDE,actvstrat=,0.740141, actvprof=,0.000000, id=,B01, PRDE,actvstrat=,-1.000000, actvprof=,0.000000, id=,B02, PRDE,actvstrat=,-0.644318, actvprof=,0.000000, id=,B03, PRDE,actvstrat=,1.000000, actvprof=,0.000000, id=,B04, PRDE,actvstrat=,-0.305675, actvprof=,0.000000, id=,B05, PRDE,actvstrat=,0.299470, actvprof=,0.000000, id=,B06, PRDE,actvstrat=,-0.121721, actvprof=,0.000000, id=,B07, PRDE,actvstrat=,1.000000, actvprof=,0.000000, id=,B08, PRDE,actvstrat=,-0.385252, actvprof=,0.000000, id=,B09, PRDE,actvstrat=,1.000000, actvprof=,0.000000, id=,B10, PRDE,actvstrat=,0.385430, actvprof=,0.000000, id=,B11, PRDE,actvstrat=,-1.000000, actvprof=,0.000000, id=,B12, PRDE,actvstrat=,0.043475, actvprof=,0.000000, id=,B13, PRDE,actvstrat=,-1.000000, actvprof=,0.000000, id=,B14, PRDE,actvstrat=,-0.742387, actvprof=,0.000000, id=,B15, PRDE,actvstrat=,-0.591423, actvprof=,0.000000, id=,B16, PRDE,actvstrat=,1.000000, actvprof=,0.000000, id=,B17, PRDE,actvstrat=,0.711698, actvprof=,0.000000, id=,B18, PRDE,actvstrat=,0.818885, actvprof=,0.000000, id=,B19, PRDE,actvstrat=,0.110540, actvprof=,0.000000, id=,B20, PRDE,actvstrat=,-0.163486, actvprof=,0.000000, id=,B21, PRDE,actvstrat=,-0.531697, actvprof=,0.000000, id=,B22, PRDE,actvstrat=,0.436192, actvprof=,0.000000, id=,B23, PRDE,actvstrat=,-0.105542, actvprof=,0.000000, id=,B24, PRDE,actvstrat=,-0.051498, actvprof=,0.000000, id=,B25, PRDE,actvstrat=,0.457342, actvprof=,0.000000, id=,B26, PRDE,actvstrat=,-0.016301, actvprof=,0.000000, id=,B27, PRDE,actvstrat=,-0.201569, actvprof=,0.000000, id=,B28, PRDE,actvstrat=,1.000000, actvprof=,0.000000, id=,B29, PRDE,actvstrat=,-1.000000, actvprof=,0.000000, id=,S00, PRDE,actvstrat=,-1.000000, actvprof=,0.000000, id=,S01, PRDE,actvstrat=,-1.000000, actvprof=,0.000000, id=,S02, PRDE,actvstrat=,-0.670905, actvprof=,0.000000, id=,S03, PRDE,actvstrat=,0.266779, actvprof=,0.000000, id=,S04, PRDE,actvstrat=,1.000000, actvprof=,0.000000, id=,S05, PRDE,actvstrat=,-1.000000, actvprof=,0.000000, id=,S06, PRDE,actvstrat=,-0.399537, actvprof=,0.000000, id=,S07, PRDE,actvstrat=,0.562061, actvprof=,0.000000, id=,S08, PRDE,actvstrat=,-0.533130, actvprof=,0.000000, id=,S09, PRDE,actvstrat=,-0.547475, actvprof=,0.000000, id=,S10, PRDE,actvstrat=,-0.331661, actvprof=,0.000000, id=,S11, PRDE,actvstrat=,-0.217965, actvprof=,0.000000, id=,S12, PRDE,actvstrat=,-0.632151, actvprof=,0.000000, id=,S13, PRDE,actvstrat=,0.714024, actvprof=,0.000000, id=,S14, PRDE,actvstrat=,-0.905502, actvprof=,0.000000, id=,S15, PRDE,actvstrat=,-0.985592, actvprof=,0.000000, id=,S16, PRDE,actvstrat=,1.000000, actvprof=,0.000000, id=,S17, PRDE,actvstrat=,0.583631, actvprof=,0.000000, id=,S18, PRDE,actvstrat=,0.300972, actvprof=,0.000000, id=,S19, PRDE,actvstrat=,0.054555, actvprof=,0.000000, id=,S20, PRDE,actvstrat=,0.348693, actvprof=,0.000000, id=,S21, PRDE,actvstrat=,0.805008, actvprof=,0.000000, id=,S22, PRDE,actvstrat=,-0.802030, actvprof=,0.000000, id=,S23, PRDE,actvstrat=,0.094004, actvprof=,0.000000, id=,S24, PRDE,actvstrat=,-0.308654, actvprof=,0.000000, id=,S25, PRDE,actvstrat=,-0.338206, actvprof=,0.000000, id=,S26, PRDE,actvstrat=,1.000000, actvprof=,0.000000, id=,S27, PRDE,actvstrat=,-0.959519, actvprof=,0.000000, id=,S28, PRDE,actvstrat=,-0.495075, actvprof=,0.000000, id=,S29, PRDE,actvstrat=,0.535894, actvprof=,0.000000, best_B_id=,B00, best_B_prof=,0.000000, best_B_strat=,0.740141, best_S_id=,S00, best_S_prof=,0.000000, best_S_strat=,-1.000000, 
t=,25200, id=,B00, PRDE,actvstrat=,0.740141, actvprof=,2.435334, id=,B01, PRDE,actvstrat=,-1.000000, actvprof=,2.979513, id=,B02, PRDE,actvstrat=,-0.644318, actvprof=,2.314776, id=,B03, PRDE,actvstrat=,1.000000, actvprof=,1.244473, id=,B04, PRDE,actvstrat=,-0.305675, actvprof=,1.722262, id=,B05, PRDE,actvstrat=,0.299470, actvprof=,2.273386, id=,B06, PRDE,actvstrat=,-0.121721, actvprof=,1.748929, id=,B07, PRDE,actvstrat=,1.000000, actvprof=,1.207806, id=,B08, PRDE,actvstrat=,-0.385252, actvprof=,1.763096, id=,B09, PRDE,actvstrat=,1.000000, actvprof=,1.228084, id=,B10, PRDE,actvstrat=,0.385430, actvprof=,2.349777, id=,B11, PRDE,actvstrat=,-1.000000, actvprof=,2.991736, id=,B12, PRDE,actvstrat=,0.043475, actvprof=,1.900322, id=,B13, PRDE,actvstrat=,-1.000000, actvprof=,2.912845, id=,B14, PRDE,actvstrat=,-0.742387, actvprof=,2.838121, id=,B15, PRDE,actvstrat=,-0.591423, actvprof=,2.170050, id=,B16, PRDE,actvstrat=,1.000000, actvprof=,1.253918, id=,B17, PRDE,actvstrat=,0.711698, actvprof=,2.457279, id=,B18, PRDE,actvstrat=,0.818885, actvprof=,2.341999, id=,B19, PRDE,actvstrat=,0.110540, actvprof=,2.035325, id=,B20, PRDE,actvstrat=,-0.163486, actvprof=,1.806708, id=,B21, PRDE,actvstrat=,-0.531697, actvprof=,2.093937, id=,B22, PRDE,actvstrat=,0.436192, actvprof=,2.287553, id=,B23, PRDE,actvstrat=,-0.105542, actvprof=,1.670039, id=,B24, PRDE,actvstrat=,-0.051498, actvprof=,1.915878, id=,B25, PRDE,actvstrat=,0.457342, actvprof=,2.279219, id=,B26, PRDE,actvstrat=,-0.016301, actvprof=,1.835042, id=,B27, PRDE,actvstrat=,-0.201569, actvprof=,1.666705, id=,B28, PRDE,actvstrat=,1.000000, actvprof=,1.251140, id=,B29, PRDE,actvstrat=,-1.000000, actvprof=,2.897845, id=,S00, PRDE,actvstrat=,-1.000000, actvprof=,10.875807, id=,S01, PRDE,actvstrat=,-1.000000, actvprof=,11.286928, id=,S02, PRDE,actvstrat=,-0.670905, actvprof=,5.810968, id=,S03, PRDE,actvstrat=,0.266779, actvprof=,9.222713, id=,S04, PRDE,actvstrat=,1.000000, actvprof=,11.152203, id=,S05, PRDE,actvstrat=,-1.000000, actvprof=,10.936920, id=,S06, PRDE,actvstrat=,-0.399537, actvprof=,5.876803, id=,S07, PRDE,actvstrat=,0.562061, actvprof=,10.696081, id=,S08, PRDE,actvstrat=,-0.533130, actvprof=,5.765411, id=,S09, PRDE,actvstrat=,-0.547475, actvprof=,5.487905, id=,S10, PRDE,actvstrat=,-0.331661, actvprof=,6.285145, id=,S11, PRDE,actvstrat=,-0.217965, actvprof=,6.767101, id=,S12, PRDE,actvstrat=,-0.632151, actvprof=,6.244033, id=,S13, PRDE,actvstrat=,0.714024, actvprof=,11.010255, id=,S14, PRDE,actvstrat=,-0.905502, actvprof=,3.011459, id=,S15, PRDE,actvstrat=,-0.985592, actvprof=,6.975717, id=,S16, PRDE,actvstrat=,1.000000, actvprof=,11.202204, id=,S17, PRDE,actvstrat=,0.583631, actvprof=,10.662747, id=,S18, PRDE,actvstrat=,0.300972, actvprof=,9.027153, id=,S19, PRDE,actvstrat=,0.054555, actvprof=,8.355471, id=,S20, PRDE,actvstrat=,0.348693, actvprof=,9.593555, id=,S21, PRDE,actvstrat=,0.805008, actvprof=,11.282761, id=,S22, PRDE,actvstrat=,-0.802030, actvprof=,4.798722, id=,S23, PRDE,actvstrat=,0.094004, actvprof=,8.004074, id=,S24, PRDE,actvstrat=,-0.308654, actvprof=,5.798190, id=,S25, PRDE,actvstrat=,-0.338206, actvprof=,6.256812, id=,S26, PRDE,actvstrat=,1.000000, actvprof=,11.432487, id=,S27, PRDE,actvstrat=,-0.959519, actvprof=,4.470659, id=,S28, PRDE,actvstrat=,-0.495075, actvprof=,5.640964, id=,S29, PRDE,actvstrat=,0.535894, actvprof=,10.447186, best_B_id=,B11, best_B_prof=,2.991736, best_B_strat=,-1.000000, best_S_id=,S26, best_S_prof=,11.432487, best_S_strat=,1.000000, 
t=,28800, id=,B00, PRDE,actvstrat=,0.740141, actvprof=,2.425589, id=,B01, PRDE,actvstrat=,-1.000000, actvprof=,2.943791, id=,B02, PRDE,actvstrat=,-0.644318, actvprof=,2.322116, id=,B03, PRDE,actvstrat=,1.000000, actvprof=,1.215572, id=,B04, PRDE,actvstrat=,-0.305675, actvprof=,1.714468, id=,B05, PRDE,actvstrat=,0.299470, actvprof=,2.223781, id=,B06, PRDE,actvstrat=,-0.121721, actvprof=,1.774052, id=,B07, PRDE,actvstrat=,1.000000, actvprof=,1.245295, id=,B08, PRDE,actvstrat=,-0.385252, actvprof=,1.861276, id=,B09, PRDE,actvstrat=,1.000000, actvprof=,1.224600, id=,B10, PRDE,actvstrat=,0.385430, actvprof=,2.289337, id=,B11, PRDE,actvstrat=,-1.000000, actvprof=,2.990180, id=,B12, PRDE,actvstrat=,0.043475, actvprof=,1.841137, id=,B13, PRDE,actvstrat=,-1.000000, actvprof=,2.995180, id=,B14, PRDE,actvstrat=,-0.742387, actvprof=,2.801289, id=,B15, PRDE,actvstrat=,-0.591423, actvprof=,2.087946, id=,B16, PRDE,actvstrat=,1.000000, actvprof=,1.260156, id=,B17, PRDE,actvstrat=,0.711698, actvprof=,2.339755, id=,B18, PRDE,actvstrat=,0.818885, actvprof=,2.369338, id=,B19, PRDE,actvstrat=,0.110540, actvprof=,1.964472, id=,B20, PRDE,actvstrat=,-0.163486, actvprof=,1.663356, id=,B21, PRDE,actvstrat=,-0.531697, actvprof=,1.983916, id=,B22, PRDE,actvstrat=,0.436192, actvprof=,2.289893, id=,B23, PRDE,actvstrat=,-0.105542, actvprof=,1.691135, id=,B24, PRDE,actvstrat=,-0.051498, actvprof=,1.830859, id=,B25, PRDE,actvstrat=,0.457342, actvprof=,2.312532, id=,B26, PRDE,actvstrat=,-0.016301, actvprof=,1.878776, id=,B27, PRDE,actvstrat=,-0.201569, actvprof=,1.628912, id=,B28, PRDE,actvstrat=,1.000000, actvprof=,1.236962, id=,B29, PRDE,actvstrat=,-1.000000, actvprof=,2.939485, id=,S00, PRDE,actvstrat=,-1.000000, actvprof=,11.148349, id=,S01, PRDE,actvstrat=,-1.000000, actvprof=,11.075015, id=,S02, PRDE,actvstrat=,-0.670905, actvprof=,5.880359, id=,S03, PRDE,actvstrat=,0.266779, actvprof=,8.997347, id=,S04, PRDE,actvstrat=,1.000000, actvprof=,11.292657, id=,S05, PRDE,actvstrat=,-1.000000, actvprof=,10.903207, id=,S06, PRDE,actvstrat=,-0.399537, actvprof=,6.062306, id=,S07, PRDE,actvstrat=,0.562061, actvprof=,10.382366, id=,S08, PRDE,actvstrat=,-0.533130, actvprof=,5.912582, id=,S09, PRDE,actvstrat=,-0.547475, actvprof=,5.583966, id=,S10, PRDE,actvstrat=,-0.331661, actvprof=,6.062862, id=,S11, PRDE,actvstrat=,-0.217965, actvprof=,6.524952, id=,S12, PRDE,actvstrat=,-0.632151, actvprof=,5.871887, id=,S13, PRDE,actvstrat=,0.714024, actvprof=,10.931541, id=,S14, PRDE,actvstrat=,-0.905502, actvprof=,3.029070, id=,S15, PRDE,actvstrat=,-0.985592, actvprof=,7.209545, id=,S16, PRDE,actvstrat=,1.000000, actvprof=,11.253629, id=,S17, PRDE,actvstrat=,0.583631, actvprof=,10.575564, id=,S18, PRDE,actvstrat=,0.300972, actvprof=,9.199294, id=,S19, PRDE,actvstrat=,0.054555, actvprof=,8.179002, id=,S20, PRDE,actvstrat=,0.348693, actvprof=,9.572077, id=,S21, PRDE,actvstrat=,0.805008, actvprof=,11.388769, id=,S22, PRDE,actvstrat=,-0.802030, actvprof=,4.621036, id=,S23, PRDE,actvstrat=,0.094004, actvprof=,8.131502, id=,S24, PRDE,actvstrat=,-0.308654, actvprof=,5.763552, id=,S25, PRDE,actvstrat=,-0.338206, actvprof=,6.083279, id=,S26, PRDE,actvstrat=,1.000000, actvprof=,11.429881, id=,S27, PRDE,actvstrat=,-0.959519, actvprof=,4.376866, id=,S28, PRDE,actvstrat=,-0.495075, actvprof=,5.797997, id=,S29, PRDE,actvstrat=,0.535894, actvprof=,10.174169, best_B_id=,B13, best_B_prof=,2.995180, best_B_strat=,-1.000000, best_S_id=,S26, best_S_prof=,11.429881, best_S_strat=,1.000000, 
t=,32400, id=,B00, PRDE,actvstrat=,0.604634, actvprof=,3.262853, id=,B01, PRDE,actvstrat=,-0.774581, actvprof=,3.542026, id=,B02, PRDE,actvstrat=,0.096623, actvprof=,2.520336, id=,B03, PRDE,actvstrat=,1.000000, actvprof=,1.773652, id=,B04, PRDE,actvstrat=,-0.119329, actvprof=,2.764508, id=,B05, PRDE,actvstrat=,-0.853343, actvprof=,4.226765, id=,B06, PRDE,actvstrat=,-0.270961, actvprof=,2.683673, id=,B07, PRDE,actvstrat=,-0.977009, actvprof=,4.132873, id=,B08, PRDE,actvstrat=,-0.781291, actvprof=,3.468969, id=,B09, PRDE,actvstrat=,1.000000, actvprof=,1.817542, id=,B10, PRDE,actvstrat=,0.984287, actvprof=,1.737262, id=,B11, PRDE,actvstrat=,-1.000000, actvprof=,4.254821, id=,B12, PRDE,actvstrat=,0.164064, actvprof=,2.462557, id=,B13, PRDE,actvstrat=,0.245722, actvprof=,2.726174, id=,B14, PRDE,actvstrat=,-0.742387, actvprof=,3.548693, id=,B15, PRDE,actvstrat=,-0.328588, actvprof=,2.403389, id=,B16, PRDE,actvstrat=,0.024499, actvprof=,2.858122, id=,B17, PRDE,actvstrat=,0.711698, actvprof=,3.167018, id=,B18, PRDE,actvstrat=,0.693503, actvprof=,3.136739, id=,B19, PRDE,actvstrat=,-0.140416, actvprof=,2.739230, id=,B20, PRDE,actvstrat=,-0.163486, actvprof=,2.581726, id=,B21, PRDE,actvstrat=,0.223818, actvprof=,2.656173, id=,B22, PRDE,actvstrat=,-0.108798, actvprof=,2.653950, id=,B23, PRDE,actvstrat=,0.695616, actvprof=,3.077571, id=,B24, PRDE,actvstrat=,0.375367, actvprof=,2.891456, id=,B25, PRDE,actvstrat=,-0.660153, actvprof=,2.975624, id=,B26, PRDE,actvstrat=,-0.195549, actvprof=,2.628116, id=,B27, PRDE,actvstrat=,-0.201569, actvprof=,2.450057, id=,B28, PRDE,actvstrat=,-0.689065, actvprof=,3.218130, id=,B29, PRDE,actvstrat=,0.274409, actvprof=,2.825065, id=,S00, PRDE,actvstrat=,-1.000000, actvprof=,10.463298, id=,S01, PRDE,actvstrat=,-1.000000, actvprof=,10.167458, id=,S02, PRDE,actvstrat=,0.725008, actvprof=,10.063289, id=,S03, PRDE,actvstrat=,-0.469693, actvprof=,5.101507, id=,S04, PRDE,actvstrat=,1.000000, actvprof=,10.236904, id=,S05, PRDE,actvstrat=,-0.483986, actvprof=,4.965948, id=,S06, PRDE,actvstrat=,0.429672, actvprof=,8.574921, id=,S07, PRDE,actvstrat=,0.536381, actvprof=,9.174379, id=,S08, PRDE,actvstrat=,-0.804929, actvprof=,3.807866, id=,S09, PRDE,actvstrat=,0.420944, actvprof=,8.402972, id=,S10, PRDE,actvstrat=,-0.516598, actvprof=,5.146230, id=,S11, PRDE,actvstrat=,0.900799, actvprof=,10.317739, id=,S12, PRDE,actvstrat=,0.224467, actvprof=,7.868515, id=,S13, PRDE,actvstrat=,0.359945, actvprof=,8.204912, id=,S14, PRDE,actvstrat=,-0.778887, actvprof=,4.143707, id=,S15, PRDE,actvstrat=,-0.985592, actvprof=,6.922660, id=,S16, PRDE,actvstrat=,0.533303, actvprof=,9.197435, id=,S17, PRDE,actvstrat=,0.377866, actvprof=,8.710757, id=,S18, PRDE,actvstrat=,0.854933, actvprof=,10.354129, id=,S19, PRDE,actvstrat=,0.054555, actvprof=,7.242668, id=,S20, PRDE,actvstrat=,-0.429231, actvprof=,5.433737, id=,S21, PRDE,actvstrat=,-0.563758, actvprof=,4.939559, id=,S22, PRDE,actvstrat=,-0.987147, actvprof=,7.694900, id=,S23, PRDE,actvstrat=,0.094004, actvprof=,7.299336, id=,S24, PRDE,actvstrat=,-0.308654, actvprof=,5.399292, id=,S25, PRDE,actvstrat=,-0.363883, actvprof=,4.891502, id=,S26, PRDE,actvstrat=,0.746824, actvprof=,9.966342, id=,S27, PRDE,actvstrat=,0.357310, actvprof=,8.133522, id=,S28, PRDE,actvstrat=,-0.416560, actvprof=,5.435681, id=,S29, PRDE,actvstrat=,0.817426, actvprof=,9.938841, best_B_id=,B11, best_B_prof=,4.254821, best_B_strat=,-1.000000, best_S_id=,S00, best_S_prof=,10.463298, best_S_strat=,-1.000000, 
t=,36000, id=,B00, PRDE,actvstrat=,0.604634, actvprof=,3.195607, id=,B01, PRDE,actvstrat=,-0.774581, actvprof=,3.558530, id=,B02, PRDE,actvstrat=,0.096623, actvprof=,2.505041, id=,B03, PRDE,actvstrat=,1.000000, actvprof=,1.782807, id=,B04, PRDE,actvstrat=,-0.119329, actvprof=,2.698377, id=,B05, PRDE,actvstrat=,-0.853343, actvprof=,4.321042, id=,B06, PRDE,actvstrat=,-0.270961, actvprof=,2.612820, id=,B07, PRDE,actvstrat=,-0.977009, actvprof=,4.059649, id=,B08, PRDE,actvstrat=,-0.781291, actvprof=,3.580752, id=,B09, PRDE,actvstrat=,1.000000, actvprof=,1.851836, id=,B10, PRDE,actvstrat=,0.984287, actvprof=,1.768640, id=,B11, PRDE,actvstrat=,-1.000000, actvprof=,4.239652, id=,B12, PRDE,actvstrat=,0.164064, actvprof=,2.534347, id=,B13, PRDE,actvstrat=,0.245722, actvprof=,2.756156, id=,B14, PRDE,actvstrat=,-0.742387, actvprof=,3.398944, id=,B15, PRDE,actvstrat=,-0.328588, actvprof=,2.439206, id=,B16, PRDE,actvstrat=,0.024499, actvprof=,2.652265, id=,B17, PRDE,actvstrat=,0.711698, actvprof=,3.138384, id=,B18, PRDE,actvstrat=,0.693503, actvprof=,3.129773, id=,B19, PRDE,actvstrat=,-0.140416, actvprof=,2.681988, id=,B20, PRDE,actvstrat=,-0.163486, actvprof=,2.520874, id=,B21, PRDE,actvstrat=,0.223818, actvprof=,2.705183, id=,B22, PRDE,actvstrat=,-0.108798, actvprof=,2.558236, id=,B23, PRDE,actvstrat=,0.695616, actvprof=,3.173940, id=,B24, PRDE,actvstrat=,0.375367, actvprof=,2.973798, id=,B25, PRDE,actvstrat=,-0.660153, actvprof=,3.053799, id=,B26, PRDE,actvstrat=,-0.195549, actvprof=,2.484901, id=,B27, PRDE,actvstrat=,-0.201569, actvprof=,2.428650, id=,B28, PRDE,actvstrat=,-0.689065, actvprof=,3.122134, id=,B29, PRDE,actvstrat=,0.274409, actvprof=,2.845741, id=,S00, PRDE,actvstrat=,-1.000000, actvprof=,10.304195, id=,S01, PRDE,actvstrat=,-1.000000, actvprof=,10.316417, id=,S02, PRDE,actvstrat=,0.725008, actvprof=,9.875716, id=,S03, PRDE,actvstrat=,-0.469693, actvprof=,5.142306, id=,S04, PRDE,actvstrat=,1.000000, actvprof=,10.311695, id=,S05, PRDE,actvstrat=,-0.483986, actvprof=,5.009526, id=,S06, PRDE,actvstrat=,0.429672, actvprof=,8.665696, id=,S07, PRDE,actvstrat=,0.536381, actvprof=,9.022646, id=,S08, PRDE,actvstrat=,-0.804929, actvprof=,3.654365, id=,S09, PRDE,actvstrat=,0.420944, actvprof=,8.630140, id=,S10, PRDE,actvstrat=,-0.516598, actvprof=,5.194529, id=,S11, PRDE,actvstrat=,0.900799, actvprof=,10.249472, id=,S12, PRDE,actvstrat=,0.224467, actvprof=,7.745681, id=,S13, PRDE,actvstrat=,0.359945, actvprof=,8.260551, id=,S14, PRDE,actvstrat=,-0.778887, actvprof=,4.066177, id=,S15, PRDE,actvstrat=,-0.985592, actvprof=,6.905945, id=,S16, PRDE,actvstrat=,0.533303, actvprof=,9.305151, id=,S17, PRDE,actvstrat=,0.377866, actvprof=,8.485415, id=,S18, PRDE,actvstrat=,0.854933, actvprof=,10.376001, id=,S19, PRDE,actvstrat=,0.054555, actvprof=,7.318591, id=,S20, PRDE,actvstrat=,-0.429231, actvprof=,5.216057, id=,S21, PRDE,actvstrat=,-0.563758, actvprof=,4.971469, id=,S22, PRDE,actvstrat=,-0.987147, actvprof=,7.659152, id=,S23, PRDE,actvstrat=,0.094004, actvprof=,7.352897, id=,S24, PRDE,actvstrat=,-0.308654, actvprof=,5.339809, id=,S25, PRDE,actvstrat=,-0.363883, actvprof=,5.028276, id=,S26, PRDE,actvstrat=,0.746824, actvprof=,9.878355, id=,S27, PRDE,actvstrat=,0.357310, actvprof=,8.319857, id=,S28, PRDE,actvstrat=,-0.416560, actvprof=,5.327170, id=,S29, PRDE,actvstrat=,0.817426, actvprof=,10.198776, best_B_id=,B05, best_B_prof=,4.321042, best_B_strat=,-0.853343, best_S_id=,S18, best_S_prof=,10.376001, best_S_strat=,0.854933, 
t=,39600, id=,B00, PRDE,actvstrat=,-0.131705, actvprof=,2.160913, id=,B01, PRDE,actvstrat=,-1.000000, actvprof=,3.677914, id=,B02, PRDE,actvstrat=,-0.223196, actvprof=,2.317586, id=,B03, PRDE,actvstrat=,-0.486255, actvprof=,2.410645, id=,B04, PRDE,actvstrat=,0.554479, actvprof=,2.907608, id=,B05, PRDE,actvstrat=,-0.853992, actvprof=,3.675414, id=,B06, PRDE,actvstrat=,-0.065490, actvprof=,2.156747, id=,B07, PRDE,actvstrat=,1.000000, actvprof=,1.606171, id=,B08, PRDE,actvstrat=,-0.443457, actvprof=,2.187581, id=,B09, PRDE,actvstrat=,0.832860, actvprof=,2.710656, id=,B10, PRDE,actvstrat=,1.000000, actvprof=,1.667284, id=,B11, PRDE,actvstrat=,0.017638, actvprof=,2.326753, id=,B12, PRDE,actvstrat=,-0.881098, actvprof=,3.858476, id=,B13, PRDE,actvstrat=,-0.624059, actvprof=,2.676488, id=,B14, PRDE,actvstrat=,-0.521836, actvprof=,2.374810, id=,B15, PRDE,actvstrat=,-0.465310, actvprof=,2.248972, id=,B16, PRDE,actvstrat=,1.000000, actvprof=,1.686729, id=,B17, PRDE,actvstrat=,-1.000000, actvprof=,3.573743, id=,B18, PRDE,actvstrat=,-0.411517, actvprof=,2.337031, id=,B19, PRDE,actvstrat=,-1.000000, actvprof=,3.432349, id=,B20, PRDE,actvstrat=,1.000000, actvprof=,1.660617, id=,B21, PRDE,actvstrat=,1.000000, actvprof=,1.650894, id=,B22, PRDE,actvstrat=,-1.000000, actvprof=,3.593466, id=,B23, PRDE,actvstrat=,0.369322, actvprof=,2.803437, id=,B24, PRDE,actvstrat=,-0.369407, actvprof=,2.190359, id=,B25, PRDE,actvstrat=,-0.046505, actvprof=,2.412867, id=,B26, PRDE,actvstrat=,-1.000000, actvprof=,3.687359, id=,B27, PRDE,actvstrat=,0.737339, actvprof=,3.093170, id=,B28, PRDE,actvstrat=,0.282635, actvprof=,2.631764, id=,B29, PRDE,actvstrat=,-0.107416, actvprof=,2.377588, id=,S00, PRDE,actvstrat=,-0.233783, actvprof=,5.841050, id=,S01, PRDE,actvstrat=,1.000000, actvprof=,10.789011, id=,S02, PRDE,actvstrat=,-0.670905, actvprof=,4.826845, id=,S03, PRDE,actvstrat=,0.952358, actvprof=,10.812067, id=,S04, PRDE,actvstrat=,-1.000000, actvprof=,9.759528, id=,S05, PRDE,actvstrat=,0.215411, actvprof=,8.427812, id=,S06, PRDE,actvstrat=,0.429672, actvprof=,9.487296, id=,S07, PRDE,actvstrat=,-0.013841, actvprof=,7.042761, id=,S08, PRDE,actvstrat=,-0.963976, actvprof=,5.703267, id=,S09, PRDE,actvstrat=,0.073441, actvprof=,7.716119, id=,S10, PRDE,actvstrat=,0.653651, actvprof=,10.322327, id=,S11, PRDE,actvstrat=,0.351170, actvprof=,9.229231, id=,S12, PRDE,actvstrat=,0.441275, actvprof=,9.184785, id=,S13, PRDE,actvstrat=,0.734905, actvprof=,10.680118, id=,S14, PRDE,actvstrat=,0.485243, actvprof=,9.364236, id=,S15, PRDE,actvstrat=,-0.110131, actvprof=,6.742472, id=,S16, PRDE,actvstrat=,-0.737942, actvprof=,4.580447, id=,S17, PRDE,actvstrat=,0.387074, actvprof=,9.213952, id=,S18, PRDE,actvstrat=,-1.000000, actvprof=,10.198989, id=,S19, PRDE,actvstrat=,0.054555, actvprof=,7.444720, id=,S20, PRDE,actvstrat=,-0.623718, actvprof=,5.136301, id=,S21, PRDE,actvstrat=,-0.545824, actvprof=,5.096300, id=,S22, PRDE,actvstrat=,0.272715, actvprof=,8.398367, id=,S23, PRDE,actvstrat=,-0.266325, actvprof=,6.035501, id=,S24, PRDE,actvstrat=,0.486038, actvprof=,9.419238, id=,S25, PRDE,actvstrat=,-0.461833, actvprof=,6.038279, id=,S26, PRDE,actvstrat=,-1.000000, actvprof=,10.312604, id=,S27, PRDE,actvstrat=,-0.521859, actvprof=,5.032964, id=,S28, PRDE,actvstrat=,0.187650, actvprof=,8.211971, id=,S29, PRDE,actvstrat=,0.607914, actvprof=,9.912312, best_B_id=,B12, best_B_prof=,3.858476, best_B_strat=,-0.881098, best_S_id=,S03, best_S_prof=,10.812067, best_S_strat=,0.952358, 
t=,43200, id=,B00, PRDE,actvstrat=,-0.131705, actvprof=,2.286709, id=,B01, PRDE,actvstrat=,-1.000000, actvprof=,3.662984, id=,B02, PRDE,actvstrat=,-0.223196, actvprof=,2.314487, id=,B03, PRDE,actvstrat=,-0.486255, actvprof=,2.383794, id=,B04, PRDE,actvstrat=,0.554479, actvprof=,2.910332, id=,B05, PRDE,actvstrat=,-0.853992, actvprof=,3.672568, id=,B06, PRDE,actvstrat=,-0.065490, actvprof=,2.134345, id=,B07, PRDE,actvstrat=,1.000000, actvprof=,1.634336, id=,B08, PRDE,actvstrat=,-0.443457, actvprof=,2.346988, id=,B09, PRDE,actvstrat=,0.832860, actvprof=,2.760468, id=,B10, PRDE,actvstrat=,1.000000, actvprof=,1.700448, id=,B11, PRDE,actvstrat=,0.017638, actvprof=,2.234902, id=,B12, PRDE,actvstrat=,-0.881098, actvprof=,3.826460, id=,B13, PRDE,actvstrat=,-0.624059, actvprof=,2.716578, id=,B14, PRDE,actvstrat=,-0.521836, actvprof=,2.350738, id=,B15, PRDE,actvstrat=,-0.465310, actvprof=,2.264070, id=,B16, PRDE,actvstrat=,1.000000, actvprof=,1.635586, id=,B17, PRDE,actvstrat=,-1.000000, actvprof=,3.589650, id=,B18, PRDE,actvstrat=,-0.411517, actvprof=,2.257264, id=,B19, PRDE,actvstrat=,-1.000000, actvprof=,3.463120, id=,B20, PRDE,actvstrat=,1.000000, actvprof=,1.701698, id=,B21, PRDE,actvstrat=,1.000000, actvprof=,1.657670, id=,B22, PRDE,actvstrat=,-1.000000, actvprof=,3.603956, id=,B23, PRDE,actvstrat=,0.369322, actvprof=,2.755190, id=,B24, PRDE,actvstrat=,-0.369407, actvprof=,2.130317, id=,B25, PRDE,actvstrat=,-0.046505, actvprof=,2.377127, id=,B26, PRDE,actvstrat=,-1.000000, actvprof=,3.652012, id=,B27, PRDE,actvstrat=,0.737339, actvprof=,2.973527, id=,B28, PRDE,actvstrat=,0.282635, actvprof=,2.624215, id=,B29, PRDE,actvstrat=,-0.107416, actvprof=,2.277820, id=,S00, PRDE,actvstrat=,-0.233783, actvprof=,6.010111, id=,S01, PRDE,actvstrat=,1.000000, actvprof=,10.830062, id=,S02, PRDE,actvstrat=,-0.670905, actvprof=,4.899674, id=,S03, PRDE,actvstrat=,0.952358, actvprof=,10.895063, id=,S04, PRDE,actvstrat=,-1.000000, actvprof=,9.856849, id=,S05, PRDE,actvstrat=,0.215411, actvprof=,8.277237, id=,S06, PRDE,actvstrat=,0.429672, actvprof=,9.375729, id=,S07, PRDE,actvstrat=,-0.013841, actvprof=,7.059575, id=,S08, PRDE,actvstrat=,-0.963976, actvprof=,5.786357, id=,S09, PRDE,actvstrat=,0.073441, actvprof=,7.675142, id=,S10, PRDE,actvstrat=,0.653651, actvprof=,10.304219, id=,S11, PRDE,actvstrat=,0.351170, actvprof=,9.174614, id=,S12, PRDE,actvstrat=,0.441275, actvprof=,9.556427, id=,S13, PRDE,actvstrat=,0.734905, actvprof=,10.442554, id=,S14, PRDE,actvstrat=,0.485243, actvprof=,9.227115, id=,S15, PRDE,actvstrat=,-0.110131, actvprof=,6.756792, id=,S16, PRDE,actvstrat=,-0.737942, actvprof=,4.639808, id=,S17, PRDE,actvstrat=,0.387074, actvprof=,9.292394, id=,S18, PRDE,actvstrat=,-1.000000, actvprof=,10.275051, id=,S19, PRDE,actvstrat=,0.054555, actvprof=,7.611808, id=,S20, PRDE,actvstrat=,-0.623718, actvprof=,5.481074, id=,S21, PRDE,actvstrat=,-0.545824, actvprof=,5.137456, id=,S22, PRDE,actvstrat=,0.272715, actvprof=,8.428489, id=,S23, PRDE,actvstrat=,-0.266325, actvprof=,5.950527, id=,S24, PRDE,actvstrat=,0.486038, actvprof=,9.487120, id=,S25, PRDE,actvstrat=,-0.461833, actvprof=,5.707467, id=,S26, PRDE,actvstrat=,-1.000000, actvprof=,10.280746, id=,S27, PRDE,actvstrat=,-0.521859, actvprof=,5.241208, id=,S28, PRDE,actvstrat=,0.187650, actvprof=,8.254320, id=,S29, PRDE,actvstrat=,0.607914, actvprof=,10.036019, best_B_id=,B12, best_B_prof=,3.826460, best_B_strat=,-0.881098, best_S_id=,S03, best_S_prof=,10.895063, best_S_strat=,0.952358, 
t=,46800, id=,B00, PRDE,actvstrat=,0.314046, actvprof=,2.435379, id=,B01, PRDE,actvstrat=,-0.990706, actvprof=,3.196244, id=,B02, PRDE,actvstrat=,-0.488309, actvprof=,2.036474, id=,B03, PRDE,actvstrat=,0.932810, actvprof=,1.882578, id=,B04, PRDE,actvstrat=,0.554479, actvprof=,2.644555, id=,B05, PRDE,actvstrat=,0.299470, actvprof=,2.423434, id=,B06, PRDE,actvstrat=,0.756395, actvprof=,2.611220, id=,B07, PRDE,actvstrat=,-0.778981, actvprof=,3.166521, id=,B08, PRDE,actvstrat=,-0.443457, actvprof=,1.893412, id=,B09, PRDE,actvstrat=,0.832860, actvprof=,2.322597, id=,B10, PRDE,actvstrat=,-0.181676, actvprof=,1.898690, id=,B11, PRDE,actvstrat=,-0.371473, actvprof=,1.959526, id=,B12, PRDE,actvstrat=,0.043475, actvprof=,2.000917, id=,B13, PRDE,actvstrat=,-0.951059, actvprof=,3.709877, id=,B14, PRDE,actvstrat=,0.789045, actvprof=,2.503715, id=,B15, PRDE,actvstrat=,-0.591423, actvprof=,2.249538, id=,B16, PRDE,actvstrat=,0.671712, actvprof=,2.687334, id=,B17, PRDE,actvstrat=,0.496749, actvprof=,2.564551, id=,B18, PRDE,actvstrat=,0.818885, actvprof=,2.290651, id=,B19, PRDE,actvstrat=,-1.000000, actvprof=,3.519869, id=,B20, PRDE,actvstrat=,0.872056, actvprof=,2.268706, id=,B21, PRDE,actvstrat=,-0.531697, actvprof=,2.078420, id=,B22, PRDE,actvstrat=,-0.937461, actvprof=,3.586816, id=,B23, PRDE,actvstrat=,-0.105542, actvprof=,2.067308, id=,B24, PRDE,actvstrat=,-0.051498, actvprof=,2.066475, id=,B25, PRDE,actvstrat=,-0.180477, actvprof=,1.957859, id=,B26, PRDE,actvstrat=,-0.740789, actvprof=,2.792339, id=,B27, PRDE,actvstrat=,0.737339, actvprof=,2.713446, id=,B28, PRDE,actvstrat=,0.282635, actvprof=,2.190369, id=,B29, PRDE,actvstrat=,-0.320762, actvprof=,1.837854, id=,S00, PRDE,actvstrat=,-0.233783, actvprof=,5.866633, id=,S01, PRDE,actvstrat=,1.000000, actvprof=,10.859897, id=,S02, PRDE,actvstrat=,0.725008, actvprof=,10.719336, id=,S03, PRDE,actvstrat=,0.266779, actvprof=,8.739253, id=,S04, PRDE,actvstrat=,-0.033322, actvprof=,7.029737, id=,S05, PRDE,actvstrat=,-0.717366, actvprof=,4.792144, id=,S06, PRDE,actvstrat=,-0.999614, actvprof=,10.152367, id=,S07, PRDE,actvstrat=,0.562061, actvprof=,10.119311, id=,S08, PRDE,actvstrat=,-0.963976, actvprof=,4.802145, id=,S09, PRDE,actvstrat=,-0.875035, actvprof=,3.139853, id=,S10, PRDE,actvstrat=,0.616764, actvprof=,10.191814, id=,S11, PRDE,actvstrat=,-0.115816, actvprof=,6.815562, id=,S12, PRDE,actvstrat=,-0.632151, actvprof=,5.098546, id=,S13, PRDE,actvstrat=,0.714024, actvprof=,10.468214, id=,S14, PRDE,actvstrat=,0.890665, actvprof=,11.025737, id=,S15, PRDE,actvstrat=,-0.357387, actvprof=,5.724683, id=,S16, PRDE,actvstrat=,0.615420, actvprof=,10.142923, id=,S17, PRDE,actvstrat=,0.387074, actvprof=,8.996486, id=,S18, PRDE,actvstrat=,-0.860271, actvprof=,3.052905, id=,S19, PRDE,actvstrat=,0.367865, actvprof=,9.322333, id=,S20, PRDE,actvstrat=,-0.623718, actvprof=,4.938817, id=,S21, PRDE,actvstrat=,0.483242, actvprof=,9.465117, id=,S22, PRDE,actvstrat=,0.272715, actvprof=,8.463130, id=,S23, PRDE,actvstrat=,-0.388866, actvprof=,5.561898, id=,S24, PRDE,actvstrat=,0.486038, actvprof=,10.010973, id=,S25, PRDE,actvstrat=,0.207427, actvprof=,8.476187, id=,S26, PRDE,actvstrat=,-1.000000, actvprof=,10.239593, id=,S27, PRDE,actvstrat=,-0.521859, actvprof=,5.000764, id=,S28, PRDE,actvstrat=,0.038140, actvprof=,7.564204, id=,S29, PRDE,actvstrat=,0.419498, actvprof=,9.208995, best_B_id=,B13, best_B_prof=,3.709877, best_B_strat=,-0.951059, best_S_id=,S14, best_S_prof=,11.025737, best_S_strat=,0.890665, 
t=,50400, id=,B00, PRDE,actvstrat=,0.314046, actvprof=,2.396022, id=,B01, PRDE,actvstrat=,-0.990706, actvprof=,3.214234, id=,B02, PRDE,actvstrat=,-0.488309, actvprof=,1.932679, id=,B03, PRDE,actvstrat=,0.932810, actvprof=,1.884206, id=,B04, PRDE,actvstrat=,0.554479, actvprof=,2.541303, id=,B05, PRDE,actvstrat=,0.299470, actvprof=,2.343938, id=,B06, PRDE,actvstrat=,0.756395, actvprof=,2.596721, id=,B07, PRDE,actvstrat=,-0.778981, actvprof=,3.053536, id=,B08, PRDE,actvstrat=,-0.443457, actvprof=,1.875595, id=,B09, PRDE,actvstrat=,0.832860, actvprof=,2.375744, id=,B10, PRDE,actvstrat=,-0.181676, actvprof=,1.845733, id=,B11, PRDE,actvstrat=,-0.371473, actvprof=,1.855455, id=,B12, PRDE,actvstrat=,0.043475, actvprof=,1.910040, id=,B13, PRDE,actvstrat=,-0.951059, actvprof=,3.608686, id=,B14, PRDE,actvstrat=,0.789045, actvprof=,2.484635, id=,B15, PRDE,actvstrat=,-0.591423, actvprof=,2.217546, id=,B16, PRDE,actvstrat=,0.671712, actvprof=,2.562692, id=,B17, PRDE,actvstrat=,0.496749, actvprof=,2.477135, id=,B18, PRDE,actvstrat=,0.818885, actvprof=,2.406161, id=,B19, PRDE,actvstrat=,-1.000000, actvprof=,3.507573, id=,B20, PRDE,actvstrat=,0.872056, actvprof=,2.249214, id=,B21, PRDE,actvstrat=,-0.531697, actvprof=,2.048376, id=,B22, PRDE,actvstrat=,-0.937461, actvprof=,3.601325, id=,B23, PRDE,actvstrat=,-0.105542, actvprof=,2.014625, id=,B24, PRDE,actvstrat=,-0.051498, actvprof=,1.978652, id=,B25, PRDE,actvstrat=,-0.180477, actvprof=,1.885595, id=,B26, PRDE,actvstrat=,-0.740789, actvprof=,2.770752, id=,B27, PRDE,actvstrat=,0.737339, actvprof=,2.597693, id=,B28, PRDE,actvstrat=,0.282635, actvprof=,2.230463, id=,B29, PRDE,actvstrat=,-0.320762, actvprof=,1.795315, id=,S00, PRDE,actvstrat=,-0.233783, actvprof=,6.009709, id=,S01, PRDE,actvstrat=,1.000000, actvprof=,11.043147, id=,S02, PRDE,actvstrat=,0.725008, actvprof=,10.769391, id=,S03, PRDE,actvstrat=,0.266779, actvprof=,8.763238, id=,S04, PRDE,actvstrat=,-0.033322, actvprof=,7.164177, id=,S05, PRDE,actvstrat=,-0.717366, actvprof=,4.801906, id=,S06, PRDE,actvstrat=,-0.999614, actvprof=,10.084932, id=,S07, PRDE,actvstrat=,0.562061, actvprof=,10.056460, id=,S08, PRDE,actvstrat=,-0.963976, actvprof=,4.809684, id=,S09, PRDE,actvstrat=,-0.875035, actvprof=,2.942145, id=,S10, PRDE,actvstrat=,0.616764, actvprof=,10.246186, id=,S11, PRDE,actvstrat=,-0.115816, actvprof=,6.814448, id=,S12, PRDE,actvstrat=,-0.632151, actvprof=,4.912325, id=,S13, PRDE,actvstrat=,0.714024, actvprof=,10.604665, id=,S14, PRDE,actvstrat=,0.890665, actvprof=,11.178705, id=,S15, PRDE,actvstrat=,-0.357387, actvprof=,5.663590, id=,S16, PRDE,actvstrat=,0.615420, actvprof=,10.072571, id=,S17, PRDE,actvstrat=,0.387074, actvprof=,8.971298, id=,S18, PRDE,actvstrat=,-0.860271, actvprof=,3.027008, id=,S19, PRDE,actvstrat=,0.367865, actvprof=,9.216025, id=,S20, PRDE,actvstrat=,-0.623718, actvprof=,5.080523, id=,S21, PRDE,actvstrat=,0.483242, actvprof=,9.363945, id=,S22, PRDE,actvstrat=,0.272715, actvprof=,8.695459, id=,S23, PRDE,actvstrat=,-0.388866, actvprof=,5.396918, id=,S24, PRDE,actvstrat=,0.486038, actvprof=,9.743814, id=,S25, PRDE,actvstrat=,0.207427, actvprof=,8.362396, id=,S26, PRDE,actvstrat=,-1.000000, actvprof=,10.167434, id=,S27, PRDE,actvstrat=,-0.521859, actvprof=,5.087606, id=,S28, PRDE,actvstrat=,0.038140, actvprof=,7.543490, id=,S29, PRDE,actvstrat=,0.419498, actvprof=,9.451586, best_B_id=,B13, best_B_prof=,3.608686, best_B_strat=,-0.951059, best_S_id=,S14, best_S_prof=,11.178705, best_S_strat=,0.890665, 
t=,54000, id=,B00, PRDE,actvstrat=,-0.885563, actvprof=,4.217656, id=,B01, PRDE,actvstrat=,-1.000000, actvprof=,3.760695, id=,B02, PRDE,actvstrat=,0.213548, actvprof=,2.409256, id=,B03, PRDE,actvstrat=,1.000000, actvprof=,1.227545, id=,B04, PRDE,actvstrat=,0.507893, actvprof=,3.021779, id=,B05, PRDE,actvstrat=,0.298821, actvprof=,2.977332, id=,B06, PRDE,actvstrat=,0.592018, actvprof=,2.940664, id=,B07, PRDE,actvstrat=,-0.752856, actvprof=,3.826531, id=,B08, PRDE,actvstrat=,-0.695950, actvprof=,3.544576, id=,B09, PRDE,actvstrat=,0.810644, actvprof=,2.811771, id=,B10, PRDE,actvstrat=,0.731913, actvprof=,2.904274, id=,B11, PRDE,actvstrat=,-0.199994, actvprof=,2.570651, id=,B12, PRDE,actvstrat=,-1.000000, actvprof=,3.609023, id=,B13, PRDE,actvstrat=,0.325894, actvprof=,2.555650, id=,B14, PRDE,actvstrat=,0.073492, actvprof=,2.566484, id=,B15, PRDE,actvstrat=,-0.614813, actvprof=,3.081503, id=,B16, PRDE,actvstrat=,-0.581950, actvprof=,2.914275, id=,B17, PRDE,actvstrat=,1.000000, actvprof=,1.290326, id=,B18, PRDE,actvstrat=,-0.883346, actvprof=,4.207934, id=,B19, PRDE,actvstrat=,-0.044214, actvprof=,2.635375, id=,B20, PRDE,actvstrat=,1.000000, actvprof=,1.254491, id=,B21, PRDE,actvstrat=,0.756500, actvprof=,2.925942, id=,B22, PRDE,actvstrat=,-0.469655, actvprof=,2.678988, id=,B23, PRDE,actvstrat=,-0.010569, actvprof=,2.686488, id=,B24, PRDE,actvstrat=,-0.488385, actvprof=,2.778158, id=,B25, PRDE,actvstrat=,-0.744845, actvprof=,3.625968, id=,B26, PRDE,actvstrat=,1.000000, actvprof=,1.170043, id=,B27, PRDE,actvstrat=,-0.229569, actvprof=,2.568706, id=,B28, PRDE,actvstrat=,1.000000, actvprof=,1.328105, id=,B29, PRDE,actvstrat=,0.057327, actvprof=,2.315919, id=,S00, PRDE,actvstrat=,-0.233783, actvprof=,6.246342, id=,S01, PRDE,actvstrat=,-0.431648, actvprof=,5.825494, id=,S02, PRDE,actvstrat=,0.339610, actvprof=,9.090892, id=,S03, PRDE,actvstrat=,-1.000000, actvprof=,9.662580, id=,S04, PRDE,actvstrat=,1.000000, actvprof=,10.627338, id=,S05, PRDE,actvstrat=,0.028893, actvprof=,7.956961, id=,S06, PRDE,actvstrat=,0.270848, actvprof=,8.597818, id=,S07, PRDE,actvstrat=,-0.589743, actvprof=,5.298807, id=,S08, PRDE,actvstrat=,0.939589, actvprof=,10.505667, id=,S09, PRDE,actvstrat=,-0.337837, actvprof=,6.023556, id=,S10, PRDE,actvstrat=,1.000000, actvprof=,10.725953, id=,S11, PRDE,actvstrat=,1.000000, actvprof=,11.085411, id=,S12, PRDE,actvstrat=,1.000000, actvprof=,10.961517, id=,S13, PRDE,actvstrat=,0.425548, actvprof=,9.593411, id=,S14, PRDE,actvstrat=,-0.246417, actvprof=,6.281899, id=,S15, PRDE,actvstrat=,-0.160408, actvprof=,6.643024, id=,S16, PRDE,actvstrat=,1.000000, actvprof=,10.734286, id=,S17, PRDE,actvstrat=,-0.603523, actvprof=,5.509093, id=,S18, PRDE,actvstrat=,0.100171, actvprof=,8.080299, id=,S19, PRDE,actvstrat=,0.367865, actvprof=,9.281455, id=,S20, PRDE,actvstrat=,-1.000000, actvprof=,9.720360, id=,S21, PRDE,actvstrat=,1.000000, actvprof=,10.829568, id=,S22, PRDE,actvstrat=,0.318995, actvprof=,9.078392, id=,S23, PRDE,actvstrat=,-1.000000, actvprof=,9.761750, id=,S24, PRDE,actvstrat=,0.894461, actvprof=,10.889848, id=,S25, PRDE,actvstrat=,-0.158740, actvprof=,6.263843, id=,S26, PRDE,actvstrat=,-0.391484, actvprof=,5.686322, id=,S27, PRDE,actvstrat=,-0.464215, actvprof=,5.251028, id=,S28, PRDE,actvstrat=,-0.377090, actvprof=,6.003278, id=,S29, PRDE,actvstrat=,0.713798, actvprof=,10.590114, best_B_id=,B00, best_B_prof=,4.217656, best_B_strat=,-0.885563, best_S_id=,S11, best_S_prof=,11.085411, best_S_strat=,1.000000, 
t=,57600, id=,B00, PRDE,actvstrat=,-0.885563, actvprof=,4.196199, id=,B01, PRDE,actvstrat=,-1.000000, actvprof=,3.787162, id=,B02, PRDE,actvstrat=,0.213548, actvprof=,2.460190, id=,B03, PRDE,actvstrat=,1.000000, actvprof=,1.253776, id=,B04, PRDE,actvstrat=,0.507893, actvprof=,2.939922, id=,B05, PRDE,actvstrat=,0.298821, actvprof=,2.874782, id=,B06, PRDE,actvstrat=,0.592018, actvprof=,2.887977, id=,B07, PRDE,actvstrat=,-0.752856, actvprof=,3.734522, id=,B08, PRDE,actvstrat=,-0.695950, actvprof=,3.461461, id=,B09, PRDE,actvstrat=,0.810644, actvprof=,2.794503, id=,B10, PRDE,actvstrat=,0.731913, actvprof=,2.785614, id=,B11, PRDE,actvstrat=,-0.199994, actvprof=,2.594082, id=,B12, PRDE,actvstrat=,-1.000000, actvprof=,3.587991, id=,B13, PRDE,actvstrat=,0.325894, actvprof=,2.573804, id=,B14, PRDE,actvstrat=,0.073492, actvprof=,2.527136, id=,B15, PRDE,actvstrat=,-0.614813, actvprof=,3.058258, id=,B16, PRDE,actvstrat=,-0.581950, actvprof=,2.817420, id=,B17, PRDE,actvstrat=,1.000000, actvprof=,1.179886, id=,B18, PRDE,actvstrat=,-0.883346, actvprof=,4.196199, id=,B19, PRDE,actvstrat=,-0.044214, actvprof=,2.538108, id=,B20, PRDE,actvstrat=,1.000000, actvprof=,1.268360, id=,B21, PRDE,actvstrat=,0.756500, actvprof=,2.898394, id=,B22, PRDE,actvstrat=,-0.469655, actvprof=,2.728946, id=,B23, PRDE,actvstrat=,-0.010569, actvprof=,2.509913, id=,B24, PRDE,actvstrat=,-0.488385, actvprof=,2.799781, id=,B25, PRDE,actvstrat=,-0.744845, actvprof=,3.766745, id=,B26, PRDE,actvstrat=,1.000000, actvprof=,1.202108, id=,B27, PRDE,actvstrat=,-0.229569, actvprof=,2.469357, id=,B28, PRDE,actvstrat=,1.000000, actvprof=,1.267388, id=,B29, PRDE,actvstrat=,0.057327, actvprof=,2.406856, id=,S00, PRDE,actvstrat=,-0.233783, actvprof=,5.939013, id=,S01, PRDE,actvstrat=,-0.431648, actvprof=,5.547060, id=,S02, PRDE,actvstrat=,0.339610, actvprof=,9.066717, id=,S03, PRDE,actvstrat=,-1.000000, actvprof=,9.932985, id=,S04, PRDE,actvstrat=,1.000000, actvprof=,10.751474, id=,S05, PRDE,actvstrat=,0.028893, actvprof=,7.874747, id=,S06, PRDE,actvstrat=,0.270848, actvprof=,8.720598, id=,S07, PRDE,actvstrat=,-0.589743, actvprof=,5.395529, id=,S08, PRDE,actvstrat=,0.939589, actvprof=,10.817170, id=,S09, PRDE,actvstrat=,-0.337837, actvprof=,5.842622, id=,S10, PRDE,actvstrat=,1.000000, actvprof=,10.886060, id=,S11, PRDE,actvstrat=,1.000000, actvprof=,10.880088, id=,S12, PRDE,actvstrat=,1.000000, actvprof=,10.936200, id=,S13, PRDE,actvstrat=,0.425548, actvprof=,9.515476, id=,S14, PRDE,actvstrat=,-0.246417, actvprof=,6.270825, id=,S15, PRDE,actvstrat=,-0.160408, actvprof=,6.669445, id=,S16, PRDE,actvstrat=,1.000000, actvprof=,10.866615, id=,S17, PRDE,actvstrat=,-0.603523, actvprof=,5.491364, id=,S18, PRDE,actvstrat=,0.100171, actvprof=,7.982805, id=,S19, PRDE,actvstrat=,0.367865, actvprof=,9.270332, id=,S20, PRDE,actvstrat=,-1.000000, actvprof=,9.772426, id=,S21, PRDE,actvstrat=,1.000000, actvprof=,10.715640, id=,S22, PRDE,actvstrat=,0.318995, actvprof=,8.966159, id=,S23, PRDE,actvstrat=,-1.000000, actvprof=,9.801038, id=,S24, PRDE,actvstrat=,0.894461, actvprof=,11.012174, id=,S25, PRDE,actvstrat=,-0.158740, actvprof=,6.654028, id=,S26, PRDE,actvstrat=,-0.391484, actvprof=,5.676229, id=,S27, PRDE,actvstrat=,-0.464215, actvprof=,5.700119, id=,S28, PRDE,actvstrat=,-0.377090, actvprof=,5.741647, id=,S29, PRDE,actvstrat=,0.713798, actvprof=,10.599110, best_B_id=,B00, best_B_prof=,4.196199, best_B_strat=,-0.885563, best_S_id=,S24, best_S_prof=,11.012174, best_S_strat=,0.894461, 
t=,61200, id=,B00, PRDE,actvstrat=,0.740141, actvprof=,3.080962, id=,B01, PRDE,actvstrat=,-1.000000, actvprof=,4.205175, id=,B02, PRDE,actvstrat=,0.213548, actvprof=,2.588163, id=,B03, PRDE,actvstrat=,-0.029224, actvprof=,2.522327, id=,B04, PRDE,actvstrat=,-0.305675, actvprof=,2.348431, id=,B05, PRDE,actvstrat=,0.298821, actvprof=,2.670667, id=,B06, PRDE,actvstrat=,0.592018, actvprof=,3.017626, id=,B07, PRDE,actvstrat=,-0.752856, actvprof=,3.434310, id=,B08, PRDE,actvstrat=,-0.695950, actvprof=,3.135964, id=,B09, PRDE,actvstrat=,-0.672073, actvprof=,3.012903, id=,B10, PRDE,actvstrat=,1.000000, actvprof=,1.393669, id=,B11, PRDE,actvstrat=,-0.287419, actvprof=,2.263705, id=,B12, PRDE,actvstrat=,0.739135, actvprof=,2.726225, id=,B13, PRDE,actvstrat=,-0.663211, actvprof=,2.951234, id=,B14, PRDE,actvstrat=,-0.159611, actvprof=,2.458714, id=,B15, PRDE,actvstrat=,-0.614813, actvprof=,2.754004, id=,B16, PRDE,actvstrat=,1.000000, actvprof=,1.418948, id=,B17, PRDE,actvstrat=,0.540568, actvprof=,2.993180, id=,B18, PRDE,actvstrat=,-0.411517, actvprof=,2.381766, id=,B19, PRDE,actvstrat=,0.232147, actvprof=,2.602886, id=,B20, PRDE,actvstrat=,-0.719629, actvprof=,3.190133, id=,B21, PRDE,actvstrat=,0.756500, actvprof=,2.909566, id=,B22, PRDE,actvstrat=,0.436192, actvprof=,2.875675, id=,B23, PRDE,actvstrat=,-0.398088, actvprof=,2.236204, id=,B24, PRDE,actvstrat=,-0.864340, actvprof=,4.151562, id=,B25, PRDE,actvstrat=,-0.763438, actvprof=,3.610150, id=,B26, PRDE,actvstrat=,0.645160, actvprof=,2.963179, id=,B27, PRDE,actvstrat=,0.127885, actvprof=,2.510105, id=,B28, PRDE,actvstrat=,0.211426, actvprof=,2.677334, id=,B29, PRDE,actvstrat=,0.057327, actvprof=,2.423157, id=,S00, PRDE,actvstrat=,-0.902815, actvprof=,3.108185, id=,S01, PRDE,actvstrat=,-0.431648, actvprof=,5.589955, id=,S02, PRDE,actvstrat=,0.339610, actvprof=,9.084823, id=,S03, PRDE,actvstrat=,0.012308, actvprof=,7.388641, id=,S04, PRDE,actvstrat=,0.748723, actvprof=,10.204870, id=,S05, PRDE,actvstrat=,-0.791760, actvprof=,3.754045, id=,S06, PRDE,actvstrat=,0.364644, actvprof=,8.479242, id=,S07, PRDE,actvstrat=,0.950580, actvprof=,10.289595, id=,S08, PRDE,actvstrat=,-0.948252, actvprof=,4.754643, id=,S09, PRDE,actvstrat=,-0.337837, actvprof=,5.600511, id=,S10, PRDE,actvstrat=,0.653651, actvprof=,10.133200, id=,S11, PRDE,actvstrat=,-0.271077, actvprof=,5.668570, id=,S12, PRDE,actvstrat=,1.000000, actvprof=,10.485715, id=,S13, PRDE,actvstrat=,0.425548, actvprof=,8.989819, id=,S14, PRDE,actvstrat=,0.726458, actvprof=,10.160701, id=,S15, PRDE,actvstrat=,-0.110131, actvprof=,6.693057, id=,S16, PRDE,actvstrat=,1.000000, actvprof=,10.494326, id=,S17, PRDE,actvstrat=,0.713036, actvprof=,10.134033, id=,S18, PRDE,actvstrat=,0.300972, actvprof=,8.627026, id=,S19, PRDE,actvstrat=,0.367865, actvprof=,9.155104, id=,S20, PRDE,actvstrat=,-0.083501, actvprof=,6.581663, id=,S21, PRDE,actvstrat=,0.805008, actvprof=,10.627109, id=,S22, PRDE,actvstrat=,-0.802030, actvprof=,3.755990, id=,S23, PRDE,actvstrat=,-0.914702, actvprof=,3.127075, id=,S24, PRDE,actvstrat=,0.088692, actvprof=,7.557537, id=,S25, PRDE,actvstrat=,-0.590328, actvprof=,5.314944, id=,S26, PRDE,actvstrat=,0.423649, actvprof=,8.810645, id=,S27, PRDE,actvstrat=,-0.464215, actvprof=,5.282442, id=,S28, PRDE,actvstrat=,0.112705, actvprof=,7.611706, id=,S29, PRDE,actvstrat=,0.713798, actvprof=,10.195425, best_B_id=,B01, best_B_prof=,4.205175, best_B_strat=,-1.000000, best_S_id=,S21, best_S_prof=,10.627109, best_S_strat=,0.805008, 
t=,64800, id=,B00, PRDE,actvstrat=,0.740141, actvprof=,2.886310, id=,B01, PRDE,actvstrat=,-1.000000, actvprof=,4.019528, id=,B02, PRDE,actvstrat=,0.213548, actvprof=,2.437690, id=,B03, PRDE,actvstrat=,-0.029224, actvprof=,2.362966, id=,B04, PRDE,actvstrat=,-0.305675, actvprof=,2.280186, id=,B05, PRDE,actvstrat=,0.298821, actvprof=,2.670472, id=,B06, PRDE,actvstrat=,0.592018, actvprof=,2.985757, id=,B07, PRDE,actvstrat=,-0.752856, actvprof=,3.521601, id=,B08, PRDE,actvstrat=,-0.695950, actvprof=,3.104926, id=,B09, PRDE,actvstrat=,-0.672073, actvprof=,2.983395, id=,B10, PRDE,actvstrat=,1.000000, actvprof=,1.358501, id=,B11, PRDE,actvstrat=,-0.287419, actvprof=,2.311159, id=,B12, PRDE,actvstrat=,0.739135, actvprof=,2.697417, id=,B13, PRDE,actvstrat=,-0.663211, actvprof=,2.878949, id=,B14, PRDE,actvstrat=,-0.159611, actvprof=,2.340882, id=,B15, PRDE,actvstrat=,-0.614813, actvprof=,2.698390, id=,B16, PRDE,actvstrat=,1.000000, actvprof=,1.366278, id=,B17, PRDE,actvstrat=,0.540568, actvprof=,2.975201, id=,B18, PRDE,actvstrat=,-0.411517, actvprof=,2.344216, id=,B19, PRDE,actvstrat=,0.232147, actvprof=,2.633249, id=,B20, PRDE,actvstrat=,-0.719629, actvprof=,3.141871, id=,B21, PRDE,actvstrat=,0.756500, actvprof=,2.887838, id=,B22, PRDE,actvstrat=,0.436192, actvprof=,2.843670, id=,B23, PRDE,actvstrat=,-0.398088, actvprof=,2.331715, id=,B24, PRDE,actvstrat=,-0.864340, actvprof=,4.295367, id=,B25, PRDE,actvstrat=,-0.763438, actvprof=,3.588825, id=,B26, PRDE,actvstrat=,0.645160, actvprof=,2.926172, id=,B27, PRDE,actvstrat=,0.127885, actvprof=,2.512413, id=,B28, PRDE,actvstrat=,0.211426, actvprof=,2.502969, id=,B29, PRDE,actvstrat=,0.057327, actvprof=,2.457968, id=,S00, PRDE,actvstrat=,-0.902815, actvprof=,2.909644, id=,S01, PRDE,actvstrat=,-0.431648, actvprof=,5.536088, id=,S02, PRDE,actvstrat=,0.339610, actvprof=,8.941714, id=,S03, PRDE,actvstrat=,0.012308, actvprof=,7.548629, id=,S04, PRDE,actvstrat=,0.748723, actvprof=,10.287714, id=,S05, PRDE,actvstrat=,-0.791760, actvprof=,3.862580, id=,S06, PRDE,actvstrat=,0.364644, actvprof=,8.583373, id=,S07, PRDE,actvstrat=,0.950580, actvprof=,10.459940, id=,S08, PRDE,actvstrat=,-0.948252, actvprof=,4.237172, id=,S09, PRDE,actvstrat=,-0.337837, actvprof=,5.373584, id=,S10, PRDE,actvstrat=,0.653651, actvprof=,10.107572, id=,S11, PRDE,actvstrat=,-0.271077, actvprof=,5.812482, id=,S12, PRDE,actvstrat=,1.000000, actvprof=,10.517858, id=,S13, PRDE,actvstrat=,0.425548, actvprof=,9.118940, id=,S14, PRDE,actvstrat=,0.726458, actvprof=,10.428551, id=,S15, PRDE,actvstrat=,-0.110131, actvprof=,6.604721, id=,S16, PRDE,actvstrat=,1.000000, actvprof=,10.570081, id=,S17, PRDE,actvstrat=,0.713036, actvprof=,10.250769, id=,S18, PRDE,actvstrat=,0.300972, actvprof=,8.739071, id=,S19, PRDE,actvstrat=,0.367865, actvprof=,9.098384, id=,S20, PRDE,actvstrat=,-0.083501, actvprof=,6.446245, id=,S21, PRDE,actvstrat=,0.805008, actvprof=,10.562859, id=,S22, PRDE,actvstrat=,-0.802030, actvprof=,3.936610, id=,S23, PRDE,actvstrat=,-0.914702, actvprof=,3.103259, id=,S24, PRDE,actvstrat=,0.088692, actvprof=,7.559046, id=,S25, PRDE,actvstrat=,-0.590328, actvprof=,5.388168, id=,S26, PRDE,actvstrat=,0.423649, actvprof=,8.993104, id=,S27, PRDE,actvstrat=,-0.464215, actvprof=,5.263860, id=,S28, PRDE,actvstrat=,0.112705, actvprof=,7.609881, id=,S29, PRDE,actvstrat=,0.713798, actvprof=,10.264242, best_B_id=,B24, best_B_prof=,4.295367, best_B_strat=,-0.864340, best_S_id=,S16, best_S_prof=,10.570081, best_S_strat=,1.000000, 
t=,68400, id=,B00, PRDE,actvstrat=,-1.000000, actvprof=,2.673735, id=,B01, PRDE,actvstrat=,-1.000000, actvprof=,2.751794, id=,B02, PRDE,actvstrat=,0.238509, actvprof=,1.526737, id=,B03, PRDE,actvstrat=,-0.844738, actvprof=,2.698736, id=,B04, PRDE,actvstrat=,0.228524, actvprof=,1.644798, id=,B05, PRDE,actvstrat=,0.561464, actvprof=,1.970647, id=,B06, PRDE,actvstrat=,0.871668, actvprof=,1.961202, id=,B07, PRDE,actvstrat=,1.000000, actvprof=,1.083106, id=,B08, PRDE,actvstrat=,0.799400, actvprof=,2.068151, id=,B09, PRDE,actvstrat=,-0.905647, actvprof=,3.026807, id=,B10, PRDE,actvstrat=,0.517444, actvprof=,1.890365, id=,B11, PRDE,actvstrat=,-1.000000, actvprof=,2.790963, id=,B12, PRDE,actvstrat=,-0.511703, actvprof=,1.402009, id=,B13, PRDE,actvstrat=,-0.723520, actvprof=,1.852864, id=,B14, PRDE,actvstrat=,0.536838, actvprof=,1.962035, id=,B15, PRDE,actvstrat=,-1.000000, actvprof=,2.717348, id=,B16, PRDE,actvstrat=,0.616016, actvprof=,2.080096, id=,B17, PRDE,actvstrat=,-0.579851, actvprof=,1.540071, id=,B18, PRDE,actvstrat=,-1.000000, actvprof=,2.651789, id=,B19, PRDE,actvstrat=,-0.122953, actvprof=,1.439789, id=,B20, PRDE,actvstrat=,0.341502, actvprof=,1.848141, id=,B21, PRDE,actvstrat=,0.106189, actvprof=,1.609241, id=,B22, PRDE,actvstrat=,0.148954, actvprof=,1.666744, id=,B23, PRDE,actvstrat=,0.860464, actvprof=,1.971480, id=,B24, PRDE,actvstrat=,-1.000000, actvprof=,2.783740, id=,B25, PRDE,actvstrat=,-0.654612, actvprof=,1.650076, id=,B26, PRDE,actvstrat=,-0.739548, actvprof=,2.095653, id=,B27, PRDE,actvstrat=,1.000000, actvprof=,1.003380, id=,B28, PRDE,actvstrat=,0.913494, actvprof=,1.757304, id=,B29, PRDE,actvstrat=,-0.007831, actvprof=,1.488402, id=,S00, PRDE,actvstrat=,1.000000, actvprof=,11.841659, id=,S01, PRDE,actvstrat=,-1.000000, actvprof=,10.126302, id=,S02, PRDE,actvstrat=,1.000000, actvprof=,12.061114, id=,S03, PRDE,actvstrat=,0.878984, actvprof=,11.988333, id=,S04, PRDE,actvstrat=,1.000000, actvprof=,11.938886, id=,S05, PRDE,actvstrat=,-0.135191, actvprof=,7.007824, id=,S06, PRDE,actvstrat=,0.080525, actvprof=,8.627344, id=,S07, PRDE,actvstrat=,-0.670197, actvprof=,5.416917, id=,S08, PRDE,actvstrat=,-0.190180, actvprof=,6.734756, id=,S09, PRDE,actvstrat=,-0.632930, actvprof=,5.718876, id=,S10, PRDE,actvstrat=,-0.490301, actvprof=,5.761933, id=,S11, PRDE,actvstrat=,-0.010649, actvprof=,8.594287, id=,S12, PRDE,actvstrat=,-1.000000, actvprof=,10.198528, id=,S13, PRDE,actvstrat=,0.780874, actvprof=,11.700542, id=,S14, PRDE,actvstrat=,-0.292690, actvprof=,6.524469, id=,S15, PRDE,actvstrat=,0.429703, actvprof=,10.145192, id=,S16, PRDE,actvstrat=,-0.056920, actvprof=,7.433955, id=,S17, PRDE,actvstrat=,0.290455, actvprof=,9.368767, id=,S18, PRDE,actvstrat=,-0.722271, actvprof=,4.815779, id=,S19, PRDE,actvstrat=,-0.258755, actvprof=,6.641696, id=,S20, PRDE,actvstrat=,-1.000000, actvprof=,10.394092, id=,S21, PRDE,actvstrat=,-0.700065, actvprof=,5.622483, id=,S22, PRDE,actvstrat=,0.425033, actvprof=,9.844622, id=,S23, PRDE,actvstrat=,-0.840748, actvprof=,3.364322, id=,S24, PRDE,actvstrat=,0.381342, actvprof=,9.694060, id=,S25, PRDE,actvstrat=,-0.181406, actvprof=,6.671420, id=,S26, PRDE,actvstrat=,0.631135, actvprof=,11.228853, id=,S27, PRDE,actvstrat=,-0.052417, actvprof=,7.900366, id=,S28, PRDE,actvstrat=,0.022434, actvprof=,7.998426, id=,S29, PRDE,actvstrat=,0.796330, actvprof=,11.663873, best_B_id=,B09, best_B_prof=,3.026807, best_B_strat=,-0.905647, best_S_id=,S02, best_S_prof=,12.061114, best_S_strat=,1.000000, 
t=,72000, id=,B00, PRDE,actvstrat=,-1.000000, actvprof=,2.706439, id=,B01, PRDE,actvstrat=,-1.000000, actvprof=,2.802274, id=,B02, PRDE,actvstrat=,0.238509, actvprof=,1.602530, id=,B03, PRDE,actvstrat=,-0.844738, actvprof=,2.704356, id=,B04, PRDE,actvstrat=,0.228524, actvprof=,1.576835, id=,B05, PRDE,actvstrat=,0.561464, actvprof=,1.974203, id=,B06, PRDE,actvstrat=,0.871668, actvprof=,1.972259, id=,B07, PRDE,actvstrat=,1.000000, actvprof=,1.062520, id=,B08, PRDE,actvstrat=,0.799400, actvprof=,2.040177, id=,B09, PRDE,actvstrat=,-0.905647, actvprof=,2.986722, id=,B10, PRDE,actvstrat=,0.517444, actvprof=,1.947258, id=,B11, PRDE,actvstrat=,-1.000000, actvprof=,2.624632, id=,B12, PRDE,actvstrat=,-0.511703, actvprof=,1.426415, id=,B13, PRDE,actvstrat=,-0.723520, actvprof=,1.847812, id=,B14, PRDE,actvstrat=,0.536838, actvprof=,2.007537, id=,B15, PRDE,actvstrat=,-1.000000, actvprof=,2.683383, id=,B16, PRDE,actvstrat=,0.616016, actvprof=,2.093511, id=,B17, PRDE,actvstrat=,-0.579851, actvprof=,1.626002, id=,B18, PRDE,actvstrat=,-1.000000, actvprof=,2.601576, id=,B19, PRDE,actvstrat=,-0.122953, actvprof=,1.416415, id=,B20, PRDE,actvstrat=,0.341502, actvprof=,1.857673, id=,B21, PRDE,actvstrat=,0.106189, actvprof=,1.578640, id=,B22, PRDE,actvstrat=,0.148954, actvprof=,1.647392, id=,B23, PRDE,actvstrat=,0.860464, actvprof=,1.956286, id=,B24, PRDE,actvstrat=,-1.000000, actvprof=,2.659771, id=,B25, PRDE,actvstrat=,-0.654612, actvprof=,1.639753, id=,B26, PRDE,actvstrat=,-0.739548, actvprof=,2.046705, id=,B27, PRDE,actvstrat=,1.000000, actvprof=,0.994741, id=,B28, PRDE,actvstrat=,0.913494, actvprof=,1.760588, id=,B29, PRDE,actvstrat=,-0.007831, actvprof=,1.434054, id=,S00, PRDE,actvstrat=,1.000000, actvprof=,11.870636, id=,S01, PRDE,actvstrat=,-1.000000, actvprof=,10.101159, id=,S02, PRDE,actvstrat=,1.000000, actvprof=,12.074251, id=,S03, PRDE,actvstrat=,0.878984, actvprof=,12.013834, id=,S04, PRDE,actvstrat=,1.000000, actvprof=,11.980916, id=,S05, PRDE,actvstrat=,-0.135191, actvprof=,7.049297, id=,S06, PRDE,actvstrat=,0.080525, actvprof=,8.453629, id=,S07, PRDE,actvstrat=,-0.670197, actvprof=,5.652049, id=,S08, PRDE,actvstrat=,-0.190180, actvprof=,6.758736, id=,S09, PRDE,actvstrat=,-0.632930, actvprof=,5.719689, id=,S10, PRDE,actvstrat=,-0.490301, actvprof=,5.966777, id=,S11, PRDE,actvstrat=,-0.010649, actvprof=,8.434740, id=,S12, PRDE,actvstrat=,-1.000000, actvprof=,10.349775, id=,S13, PRDE,actvstrat=,0.780874, actvprof=,11.689244, id=,S14, PRDE,actvstrat=,-0.292690, actvprof=,6.396230, id=,S15, PRDE,actvstrat=,0.429703, actvprof=,10.055603, id=,S16, PRDE,actvstrat=,-0.056920, actvprof=,7.602780, id=,S17, PRDE,actvstrat=,0.290455, actvprof=,9.356701, id=,S18, PRDE,actvstrat=,-0.722271, actvprof=,5.103567, id=,S19, PRDE,actvstrat=,-0.258755, actvprof=,6.497065, id=,S20, PRDE,actvstrat=,-1.000000, actvprof=,10.126993, id=,S21, PRDE,actvstrat=,-0.700065, actvprof=,5.634549, id=,S22, PRDE,actvstrat=,0.425033, actvprof=,10.077687, id=,S23, PRDE,actvstrat=,-0.840748, actvprof=,3.291311, id=,S24, PRDE,actvstrat=,0.381342, actvprof=,9.681290, id=,S25, PRDE,actvstrat=,-0.181406, actvprof=,6.794570, id=,S26, PRDE,actvstrat=,0.631135, actvprof=,10.978120, id=,S27, PRDE,actvstrat=,-0.052417, actvprof=,7.643336, id=,S28, PRDE,actvstrat=,0.022434, actvprof=,8.013343, id=,S29, PRDE,actvstrat=,0.796330, actvprof=,11.626188, best_B_id=,B09, best_B_prof=,2.986722, best_B_strat=,-0.905647, best_S_id=,S02, best_S_prof=,12.074251, best_S_strat=,1.000000, 
t=,75600, id=,B00, PRDE,actvstrat=,0.209171, actvprof=,2.098172, id=,B01, PRDE,actvstrat=,-1.000000, actvprof=,3.308795, id=,B02, PRDE,actvstrat=,-0.098388, actvprof=,2.008167, id=,B03, PRDE,actvstrat=,1.000000, actvprof=,1.341741, id=,B04, PRDE,actvstrat=,0.228524, actvprof=,2.294572, id=,B05, PRDE,actvstrat=,0.561464, actvprof=,2.567643, id=,B06, PRDE,actvstrat=,-0.065490, actvprof=,2.004556, id=,B07, PRDE,actvstrat=,0.590619, actvprof=,2.733207, id=,B08, PRDE,actvstrat=,0.799400, actvprof=,2.528196, id=,B09, PRDE,actvstrat=,-0.905647, actvprof=,3.697150, id=,B10, PRDE,actvstrat=,0.731913, actvprof=,2.683482, id=,B11, PRDE,actvstrat=,-1.000000, actvprof=,3.326574, id=,B12, PRDE,actvstrat=,-0.416582, actvprof=,2.099839, id=,B13, PRDE,actvstrat=,-0.723520, actvprof=,2.694316, id=,B14, PRDE,actvstrat=,0.536838, actvprof=,2.662092, id=,B15, PRDE,actvstrat=,-1.000000, actvprof=,3.236013, id=,B16, PRDE,actvstrat=,-0.539704, actvprof=,2.144008, id=,B17, PRDE,actvstrat=,0.248986, actvprof=,2.158731, id=,B18, PRDE,actvstrat=,-0.247728, actvprof=,2.081782, id=,B19, PRDE,actvstrat=,-0.122953, actvprof=,2.138730, id=,B20, PRDE,actvstrat=,1.000000, actvprof=,1.213956, id=,B21, PRDE,actvstrat=,0.106189, actvprof=,2.087616, id=,B22, PRDE,actvstrat=,-0.226739, actvprof=,2.059003, id=,B23, PRDE,actvstrat=,0.369322, actvprof=,2.576532, id=,B24, PRDE,actvstrat=,-0.369407, actvprof=,1.863715, id=,B25, PRDE,actvstrat=,-0.046505, actvprof=,2.127896, id=,B26, PRDE,actvstrat=,-0.558442, actvprof=,2.151231, id=,B27, PRDE,actvstrat=,0.127885, actvprof=,2.213734, id=,B28, PRDE,actvstrat=,1.000000, actvprof=,1.353964, id=,B29, PRDE,actvstrat=,-0.042258, actvprof=,1.893439, id=,S00, PRDE,actvstrat=,-0.233783, actvprof=,5.956442, id=,S01, PRDE,actvstrat=,-0.999811, actvprof=,10.128063, id=,S02, PRDE,actvstrat=,1.000000, actvprof=,11.146730, id=,S03, PRDE,actvstrat=,-0.908282, actvprof=,2.639591, id=,S04, PRDE,actvstrat=,-0.680213, actvprof=,5.213067, id=,S05, PRDE,actvstrat=,0.958070, actvprof=,10.997000, id=,S06, PRDE,actvstrat=,0.429672, actvprof=,9.825546, id=,S07, PRDE,actvstrat=,0.230702, actvprof=,8.475471, id=,S08, PRDE,actvstrat=,-0.533130, actvprof=,5.399189, id=,S09, PRDE,actvstrat=,0.335489, actvprof=,9.286349, id=,S10, PRDE,actvstrat=,0.689584, actvprof=,10.779488, id=,S11, PRDE,actvstrat=,-0.010649, actvprof=,7.809323, id=,S12, PRDE,actvstrat=,0.564421, actvprof=,9.959164, id=,S13, PRDE,actvstrat=,0.588579, actvprof=,10.268070, id=,S14, PRDE,actvstrat=,0.485243, actvprof=,9.740263, id=,S15, PRDE,actvstrat=,0.429703, actvprof=,9.358575, id=,S16, PRDE,actvstrat=,-0.056920, actvprof=,7.195678, id=,S17, PRDE,actvstrat=,-0.603523, actvprof=,5.392522, id=,S18, PRDE,actvstrat=,-0.800694, actvprof=,3.793822, id=,S19, PRDE,actvstrat=,0.054555, actvprof=,7.890716, id=,S20, PRDE,actvstrat=,-1.000000, actvprof=,10.297794, id=,S21, PRDE,actvstrat=,-0.841712, actvprof=,2.857103, id=,S22, PRDE,actvstrat=,-0.076396, actvprof=,6.878993, id=,S23, PRDE,actvstrat=,-0.266325, actvprof=,5.865048, id=,S24, PRDE,actvstrat=,0.894461, actvprof=,11.270904, id=,S25, PRDE,actvstrat=,-0.685184, actvprof=,5.170287, id=,S26, PRDE,actvstrat=,-0.391484, actvprof=,5.772821, id=,S27, PRDE,actvstrat=,0.056893, actvprof=,7.884605, id=,S28, PRDE,actvstrat=,0.109134, actvprof=,7.808767, id=,S29, PRDE,actvstrat=,0.535894, actvprof=,9.673315, best_B_id=,B09, best_B_prof=,3.697150, best_B_strat=,-0.905647, best_S_id=,S24, best_S_prof=,11.270904, best_S_strat=,0.894461, 
t=,79200, id=,B00, PRDE,actvstrat=,0.209171, actvprof=,2.195478, id=,B01, PRDE,actvstrat=,-1.000000, actvprof=,3.406345, id=,B02, PRDE,actvstrat=,-0.098388, actvprof=,2.131587, id=,B03, PRDE,actvstrat=,1.000000, actvprof=,1.355038, id=,B04, PRDE,actvstrat=,0.228524, actvprof=,2.339787, id=,B05, PRDE,actvstrat=,0.561464, actvprof=,2.665491, id=,B06, PRDE,actvstrat=,-0.065490, actvprof=,2.037140, id=,B07, PRDE,actvstrat=,0.590619, actvprof=,2.709242, id=,B08, PRDE,actvstrat=,0.799400, actvprof=,2.572433, id=,B09, PRDE,actvstrat=,-0.905647, actvprof=,3.760243, id=,B10, PRDE,actvstrat=,0.731913, actvprof=,2.761743, id=,B11, PRDE,actvstrat=,-1.000000, actvprof=,3.332731, id=,B12, PRDE,actvstrat=,-0.416582, actvprof=,2.149226, id=,B13, PRDE,actvstrat=,-0.723520, actvprof=,2.878830, id=,B14, PRDE,actvstrat=,0.536838, actvprof=,2.764660, id=,B15, PRDE,actvstrat=,-1.000000, actvprof=,3.342454, id=,B16, PRDE,actvstrat=,-0.539704, actvprof=,2.289091, id=,B17, PRDE,actvstrat=,0.248986, actvprof=,2.267146, id=,B18, PRDE,actvstrat=,-0.247728, actvprof=,2.133948, id=,B19, PRDE,actvstrat=,-0.122953, actvprof=,2.148115, id=,B20, PRDE,actvstrat=,1.000000, actvprof=,1.291841, id=,B21, PRDE,actvstrat=,0.106189, actvprof=,2.170894, id=,B22, PRDE,actvstrat=,-0.226739, actvprof=,2.024223, id=,B23, PRDE,actvstrat=,0.369322, actvprof=,2.466457, id=,B24, PRDE,actvstrat=,-0.369407, actvprof=,1.922692, id=,B25, PRDE,actvstrat=,-0.046505, actvprof=,2.137698, id=,B26, PRDE,actvstrat=,-0.558442, actvprof=,2.194922, id=,B27, PRDE,actvstrat=,0.127885, actvprof=,2.200617, id=,B28, PRDE,actvstrat=,1.000000, actvprof=,1.368232, id=,B29, PRDE,actvstrat=,-0.042258, actvprof=,2.007556, id=,S00, PRDE,actvstrat=,-0.233783, actvprof=,6.001000, id=,S01, PRDE,actvstrat=,-0.999811, actvprof=,10.125837, id=,S02, PRDE,actvstrat=,1.000000, actvprof=,11.061141, id=,S03, PRDE,actvstrat=,-0.908282, actvprof=,2.812023, id=,S04, PRDE,actvstrat=,-0.680213, actvprof=,5.161532, id=,S05, PRDE,actvstrat=,0.958070, actvprof=,10.997528, id=,S06, PRDE,actvstrat=,0.429672, actvprof=,9.600544, id=,S07, PRDE,actvstrat=,0.230702, actvprof=,8.647046, id=,S08, PRDE,actvstrat=,-0.533130, actvprof=,5.441679, id=,S09, PRDE,actvstrat=,0.335489, actvprof=,9.249285, id=,S10, PRDE,actvstrat=,0.689584, actvprof=,10.530154, id=,S11, PRDE,actvstrat=,-0.010649, actvprof=,7.733548, id=,S12, PRDE,actvstrat=,0.564421, actvprof=,9.854579, id=,S13, PRDE,actvstrat=,0.588579, actvprof=,10.117503, id=,S14, PRDE,actvstrat=,0.485243, actvprof=,9.652074, id=,S15, PRDE,actvstrat=,0.429703, actvprof=,9.515681, id=,S16, PRDE,actvstrat=,-0.056920, actvprof=,7.368538, id=,S17, PRDE,actvstrat=,-0.603523, actvprof=,5.601822, id=,S18, PRDE,actvstrat=,-0.800694, actvprof=,3.934554, id=,S19, PRDE,actvstrat=,0.054555, actvprof=,7.811328, id=,S20, PRDE,actvstrat=,-1.000000, actvprof=,10.212784, id=,S21, PRDE,actvstrat=,-0.841712, actvprof=,2.969110, id=,S22, PRDE,actvstrat=,-0.076396, actvprof=,6.904358, id=,S23, PRDE,actvstrat=,-0.266325, actvprof=,5.900858, id=,S24, PRDE,actvstrat=,0.894461, actvprof=,11.209061, id=,S25, PRDE,actvstrat=,-0.685184, actvprof=,4.953749, id=,S26, PRDE,actvstrat=,-0.391484, actvprof=,5.894747, id=,S27, PRDE,actvstrat=,0.056893, actvprof=,7.823134, id=,S28, PRDE,actvstrat=,0.109134, actvprof=,7.666880, id=,S29, PRDE,actvstrat=,0.535894, actvprof=,9.708325, best_B_id=,B09, best_B_prof=,3.760243, best_B_strat=,-0.905647, best_S_id=,S24, best_S_prof=,11.209061, best_S_strat=,0.894461, 
t=,82800, id=,B00, PRDE,actvstrat=,-1.000000, actvprof=,3.879696, id=,B01, PRDE,actvstrat=,-0.040874, actvprof=,2.271258, id=,B02, PRDE,actvstrat=,-1.000000, actvprof=,3.900253, id=,B03, PRDE,actvstrat=,-0.495777, actvprof=,2.300427, id=,B04, PRDE,actvstrat=,-0.142961, actvprof=,2.392655, id=,B05, PRDE,actvstrat=,-1.000000, actvprof=,4.081098, id=,B06, PRDE,actvstrat=,-0.157709, actvprof=,2.429046, id=,B07, PRDE,actvstrat=,-1.000000, actvprof=,3.931366, id=,B08, PRDE,actvstrat=,-0.199766, actvprof=,2.384599, id=,B09, PRDE,actvstrat=,0.077569, actvprof=,2.582390, id=,B10, PRDE,actvstrat=,0.345869, actvprof=,2.863797, id=,B11, PRDE,actvstrat=,0.352806, actvprof=,2.963248, id=,B12, PRDE,actvstrat=,-0.490461, actvprof=,2.249035, id=,B13, PRDE,actvstrat=,0.780580, actvprof=,2.924078, id=,B14, PRDE,actvstrat=,0.850723, actvprof=,2.776013, id=,B15, PRDE,actvstrat=,-0.700801, actvprof=,3.153816, id=,B16, PRDE,actvstrat=,1.000000, actvprof=,1.962905, id=,B17, PRDE,actvstrat=,0.379157, actvprof=,2.901855, id=,B18, PRDE,actvstrat=,0.208884, actvprof=,2.709342, id=,B19, PRDE,actvstrat=,-1.000000, actvprof=,4.154158, id=,B20, PRDE,actvstrat=,-0.349921, actvprof=,2.154306, id=,B21, PRDE,actvstrat=,1.000000, actvprof=,1.928458, id=,B22, PRDE,actvstrat=,-0.275322, actvprof=,2.300705, id=,B23, PRDE,actvstrat=,-0.216253, actvprof=,2.250146, id=,B24, PRDE,actvstrat=,-0.607041, actvprof=,2.490717, id=,B25, PRDE,actvstrat=,-0.336943, actvprof=,2.139861, id=,B26, PRDE,actvstrat=,-1.000000, actvprof=,3.999981, id=,B27, PRDE,actvstrat=,-0.587023, actvprof=,2.690730, id=,B28, PRDE,actvstrat=,0.844290, actvprof=,2.944913, id=,B29, PRDE,actvstrat=,-0.873348, actvprof=,3.891919, id=,S00, PRDE,actvstrat=,1.000000, actvprof=,10.409841, id=,S01, PRDE,actvstrat=,-1.000000, actvprof=,9.329771, id=,S02, PRDE,actvstrat=,0.548409, actvprof=,9.248377, id=,S03, PRDE,actvstrat=,-0.550829, actvprof=,5.038660, id=,S04, PRDE,actvstrat=,-0.600000, actvprof=,4.239719, id=,S05, PRDE,actvstrat=,-0.550783, actvprof=,5.006991, id=,S06, PRDE,actvstrat=,0.189156, actvprof=,8.016075, id=,S07, PRDE,actvstrat=,-0.064658, actvprof=,6.202069, id=,S08, PRDE,actvstrat=,0.500111, actvprof=,8.925023, id=,S09, PRDE,actvstrat=,0.017622, actvprof=,7.063513, id=,S10, PRDE,actvstrat=,-0.617214, actvprof=,4.439732, id=,S11, PRDE,actvstrat=,1.000000, actvprof=,10.484013, id=,S12, PRDE,actvstrat=,-0.157805, actvprof=,5.438408, id=,S13, PRDE,actvstrat=,0.535098, actvprof=,8.990861, id=,S14, PRDE,actvstrat=,1.000000, actvprof=,10.494569, id=,S15, PRDE,actvstrat=,-0.267714, actvprof=,5.272008, id=,S16, PRDE,actvstrat=,1.000000, actvprof=,10.331503, id=,S17, PRDE,actvstrat=,0.816373, actvprof=,10.264276, id=,S18, PRDE,actvstrat=,-1.000000, actvprof=,9.528118, id=,S19, PRDE,actvstrat=,-0.679689, actvprof=,4.666136, id=,S20, PRDE,actvstrat=,-1.000000, actvprof=,9.765355, id=,S21, PRDE,actvstrat=,-1.000000, actvprof=,9.520617, id=,S22, PRDE,actvstrat=,-0.267266, actvprof=,5.496190, id=,S23, PRDE,actvstrat=,-0.531131, actvprof=,4.854204, id=,S24, PRDE,actvstrat=,0.778688, actvprof=,10.173993, id=,S25, PRDE,actvstrat=,-0.280307, actvprof=,5.148667, id=,S26, PRDE,actvstrat=,-0.557473, actvprof=,4.914485, id=,S27, PRDE,actvstrat=,-0.140300, actvprof=,5.702314, id=,S28, PRDE,actvstrat=,0.601657, actvprof=,9.614234, id=,S29, PRDE,actvstrat=,0.587981, actvprof=,9.548952, best_B_id=,B19, best_B_prof=,4.154158, best_B_strat=,-1.000000, best_S_id=,S14, best_S_prof=,10.494569, best_S_strat=,1.000000, 
