t=,0, id=,B00, PRDE,actvstrat=,0.359291, actvprof=,0.000000, id=,B01, PRDE,actvstrat=,-0.030710, actvprof=,0.000000, id=,B02, PRDE,actvstrat=,-0.601554, actvprof=,0.000000, id=,B03, PRDE,actvstrat=,0.699299, actvprof=,0.000000, id=,B04, PRDE,actvstrat=,0.347691, actvprof=,0.000000, id=,B05, PRDE,actvstrat=,0.951785, actvprof=,0.000000, id=,B06, PRDE,actvstrat=,0.524902, actvprof=,0.000000, id=,B07, PRDE,actvstrat=,0.786978, actvprof=,0.000000, id=,B08, PRDE,actvstrat=,0.999730, actvprof=,0.000000, id=,B09, PRDE,actvstrat=,0.969145, actvprof=,0.000000, id=,B10, PRDE,actvstrat=,-0.441429, actvprof=,0.000000, id=,B11, PRDE,actvstrat=,0.303472, actvprof=,0.000000, id=,B12, PRDE,actvstrat=,0.540362, actvprof=,0.000000, id=,B13, PRDE,actvstrat=,0.608474, actvprof=,0.000000, id=,B14, PRDE,actvstrat=,0.502471, actvprof=,0.000000, id=,B15, PRDE,actvstrat=,0.003752, actvprof=,0.000000, id=,B16, PRDE,actvstrat=,0.641149, actvprof=,0.000000, id=,B17, PRDE,actvstrat=,-0.924414, actvprof=,0.000000, id=,B18, PRDE,actvstrat=,0.914934, actvprof=,0.000000, id=,B19, PRDE,actvstrat=,0.235336, actvprof=,0.000000, id=,B20, PRDE,actvstrat=,-0.213241, actvprof=,0.000000, id=,B21, PRDE,actvstrat=,-0.912135, actvprof=,0.000000, id=,B22, PRDE,actvstrat=,-0.640568, actvprof=,0.000000, id=,B23, PRDE,actvstrat=,0.538478, actvprof=,0.000000, id=,B24, PRDE,actvstrat=,0.362871, actvprof=,0.000000, id=,B25, PRDE,actvstrat=,0.432772, actvprof=,0.000000, id=,B26, PRDE,actvstrat=,-0.956034, actvprof=,0.000000, id=,B27, PRDE,actvstrat=,0.732361, actvprof=,0.000000, id=,B28, PRDE,actvstrat=,0.429042, actvprof=,0.000000, id=,B29, PRDE,actvstrat=,-0.511500, actvprof=,0.000000, id=,S00, PRDE,actvstrat=,0.515222, actvprof=,0.000000, id=,S01, PRDE,actvstrat=,0.832447, actvprof=,0.000000, id=,S02, PRDE,actvstrat=,-0.312562, actvprof=,0.000000, id=,S03, PRDE,actvstrat=,-0.542587, actvprof=,0.000000, id=,S04, PRDE,actvstrat=,0.970166, actvprof=,0.000000, id=,S05, PRDE,actvstrat=,0.846058, actvprof=,0.000000, id=,S06, PRDE,actvstrat=,0.312814, actvprof=,0.000000, id=,S07, PRDE,actvstrat=,-0.196993, actvprof=,0.000000, id=,S08, PRDE,actvstrat=,-0.851320, actvprof=,0.000000, id=,S09, PRDE,actvstrat=,0.055468, actvprof=,0.000000, id=,S10, PRDE,actvstrat=,0.738108, actvprof=,0.000000, id=,S11, PRDE,actvstrat=,0.596574, actvprof=,0.000000, id=,S12, PRDE,actvstrat=,-0.375457, actvprof=,0.000000, id=,S13, PRDE,actvstrat=,-0.708985, actvprof=,0.000000, id=,S14, PRDE,actvstrat=,0.863390, actvprof=,0.000000, id=,S15, PRDE,actvstrat=,-0.983880, actvprof=,0.000000, id=,S16, PRDE,actvstrat=,0.308702, actvprof=,0.000000, id=,S17, PRDE,actvstrat=,0.079684, actvprof=,0.000000, id=,S18, PRDE,actvstrat=,0.913198, actvprof=,0.000000, id=,S19, PRDE,actvstrat=,0.194032, actvprof=,0.000000, id=,S20, PRDE,actvstrat=,0.079466, actvprof=,0.000000, id=,S21, PRDE,actvstrat=,0.114108, actvprof=,0.000000, id=,S22, PRDE,actvstrat=,0.490532, actvprof=,0.000000, id=,S23, PRDE,actvstrat=,0.425849, actvprof=,0.000000, id=,S24, PRDE,actvstrat=,-0.719905, actvprof=,0.000000, id=,S25, PRDE,actvstrat=,0.956026, actvprof=,0.000000, id=,S26, PRDE,actvstrat=,-0.761745, actvprof=,0.000000, id=,S27, PRDE,actvstrat=,-0.551318, actvprof=,0.000000, id=,S28, PRDE,actvstrat=,-0.199870, actvprof=,0.000000, id=,S29, PRDE,actvstrat=,-0.087944, actvprof=,0.000000, best_B_id=,B00, best_B_prof=,0.000000, best_B_strat=,0.359291, best_S_id=,S00, best_S_prof=,0.000000, best_S_strat=,0.515222, 
t=,3600, id=,B00, PRDE,actvstrat=,0.359291, actvprof=,2.084444, id=,B01, PRDE,actvstrat=,-0.030710, actvprof=,1.738056, id=,B02, PRDE,actvstrat=,-0.601554, actvprof=,1.970556, id=,B03, PRDE,actvstrat=,0.699299, actvprof=,2.359722, id=,B04, PRDE,actvstrat=,0.347691, actvprof=,2.190556, id=,B05, PRDE,actvstrat=,0.951785, actvprof=,1.224167, id=,B06, PRDE,actvstrat=,0.524902, actvprof=,2.210833, id=,B07, PRDE,actvstrat=,0.786978, actvprof=,2.259167, id=,B08, PRDE,actvstrat=,0.999730, actvprof=,0.813611, id=,B09, PRDE,actvstrat=,0.969145, actvprof=,1.140278, id=,B10, PRDE,actvstrat=,-0.441429, actvprof=,1.830833, id=,B11, PRDE,actvstrat=,0.303472, actvprof=,1.989167, id=,B12, PRDE,actvstrat=,0.540362, actvprof=,2.290000, id=,B13, PRDE,actvstrat=,0.608474, actvprof=,2.321944, id=,B14, PRDE,actvstrat=,0.502471, actvprof=,2.224167, id=,B15, PRDE,actvstrat=,0.003752, actvprof=,1.775833, id=,B16, PRDE,actvstrat=,0.641149, actvprof=,2.177778, id=,B17, PRDE,actvstrat=,-0.924414, actvprof=,3.392222, id=,B18, PRDE,actvstrat=,0.914934, actvprof=,1.686944, id=,B19, PRDE,actvstrat=,0.235336, actvprof=,1.933333, id=,B20, PRDE,actvstrat=,-0.213241, actvprof=,1.639444, id=,B21, PRDE,actvstrat=,-0.912135, actvprof=,3.242222, id=,B22, PRDE,actvstrat=,-0.640568, actvprof=,2.465833, id=,B23, PRDE,actvstrat=,0.538478, actvprof=,2.161944, id=,B24, PRDE,actvstrat=,0.362871, actvprof=,2.173611, id=,B25, PRDE,actvstrat=,0.432772, actvprof=,2.133056, id=,B26, PRDE,actvstrat=,-0.956034, actvprof=,2.943611, id=,B27, PRDE,actvstrat=,0.732361, actvprof=,2.336944, id=,B28, PRDE,actvstrat=,0.429042, actvprof=,2.257500, id=,B29, PRDE,actvstrat=,-0.511500, actvprof=,1.839722, id=,S00, PRDE,actvstrat=,0.515222, actvprof=,10.554444, id=,S01, PRDE,actvstrat=,0.832447, actvprof=,11.788056, id=,S02, PRDE,actvstrat=,-0.312562, actvprof=,6.416667, id=,S03, PRDE,actvstrat=,-0.542587, actvprof=,6.129167, id=,S04, PRDE,actvstrat=,0.970166, actvprof=,11.760000, id=,S05, PRDE,actvstrat=,0.846058, actvprof=,11.818333, id=,S06, PRDE,actvstrat=,0.312814, actvprof=,10.094444, id=,S07, PRDE,actvstrat=,-0.196993, actvprof=,7.271389, id=,S08, PRDE,actvstrat=,-0.851320, actvprof=,3.140278, id=,S09, PRDE,actvstrat=,0.055468, actvprof=,8.724444, id=,S10, PRDE,actvstrat=,0.738108, actvprof=,11.556389, id=,S11, PRDE,actvstrat=,0.596574, actvprof=,11.067222, id=,S12, PRDE,actvstrat=,-0.375457, actvprof=,6.724444, id=,S13, PRDE,actvstrat=,-0.708985, actvprof=,5.559167, id=,S14, PRDE,actvstrat=,0.863390, actvprof=,11.690278, id=,S15, PRDE,actvstrat=,-0.983880, actvprof=,5.089167, id=,S16, PRDE,actvstrat=,0.308702, actvprof=,9.963889, id=,S17, PRDE,actvstrat=,0.079684, actvprof=,8.498611, id=,S18, PRDE,actvstrat=,0.913198, actvprof=,11.992222, id=,S19, PRDE,actvstrat=,0.194032, actvprof=,9.155556, id=,S20, PRDE,actvstrat=,0.079466, actvprof=,8.674722, id=,S21, PRDE,actvstrat=,0.114108, actvprof=,8.671389, id=,S22, PRDE,actvstrat=,0.490532, actvprof=,10.388889, id=,S23, PRDE,actvstrat=,0.425849, actvprof=,10.489167, id=,S24, PRDE,actvstrat=,-0.719905, actvprof=,5.565556, id=,S25, PRDE,actvstrat=,0.956026, actvprof=,11.751111, id=,S26, PRDE,actvstrat=,-0.761745, actvprof=,5.109444, id=,S27, PRDE,actvstrat=,-0.551318, actvprof=,6.135278, id=,S28, PRDE,actvstrat=,-0.199870, actvprof=,7.296389, id=,S29, PRDE,actvstrat=,-0.087944, actvprof=,7.494167, best_B_id=,B17, best_B_prof=,3.392222, best_B_strat=,-0.924414, best_S_id=,S18, best_S_prof=,11.992222, best_S_strat=,0.913198, 
t=,7200, id=,B00, PRDE,actvstrat=,0.630084, actvprof=,0.000000, id=,B01, PRDE,actvstrat=,0.791724, actvprof=,0.000000, id=,B02, PRDE,actvstrat=,-0.590966, actvprof=,0.000000, id=,B03, PRDE,actvstrat=,-0.783597, actvprof=,0.000000, id=,B04, PRDE,actvstrat=,-0.680450, actvprof=,0.000000, id=,B05, PRDE,actvstrat=,0.235205, actvprof=,0.000000, id=,B06, PRDE,actvstrat=,0.543712, actvprof=,0.000000, id=,B07, PRDE,actvstrat=,-0.246445, actvprof=,0.000000, id=,B08, PRDE,actvstrat=,-0.490198, actvprof=,0.000000, id=,B09, PRDE,actvstrat=,-0.676857, actvprof=,0.000000, id=,B10, PRDE,actvstrat=,-0.985451, actvprof=,0.000000, id=,B11, PRDE,actvstrat=,0.606041, actvprof=,0.000000, id=,B12, PRDE,actvstrat=,0.386551, actvprof=,0.000000, id=,B13, PRDE,actvstrat=,-0.985521, actvprof=,0.000000, id=,B14, PRDE,actvstrat=,0.165826, actvprof=,0.000000, id=,B15, PRDE,actvstrat=,-0.533577, actvprof=,0.000000, id=,B16, PRDE,actvstrat=,0.794380, actvprof=,0.000000, id=,B17, PRDE,actvstrat=,-0.512690, actvprof=,0.000000, id=,B18, PRDE,actvstrat=,-0.174269, actvprof=,0.000000, id=,B19, PRDE,actvstrat=,0.775841, actvprof=,0.000000, id=,B20, PRDE,actvstrat=,-0.626509, actvprof=,0.000000, id=,B21, PRDE,actvstrat=,0.307194, actvprof=,0.000000, id=,B22, PRDE,actvstrat=,-0.175263, actvprof=,0.000000, id=,B23, PRDE,actvstrat=,-0.419449, actvprof=,0.000000, id=,B24, PRDE,actvstrat=,0.240833, actvprof=,0.000000, id=,B25, PRDE,actvstrat=,0.197451, actvprof=,0.000000, id=,B26, PRDE,actvstrat=,-0.782304, actvprof=,0.000000, id=,B27, PRDE,actvstrat=,-0.207913, actvprof=,0.000000, id=,B28, PRDE,actvstrat=,0.090798, actvprof=,0.000000, id=,B29, PRDE,actvstrat=,-0.131022, actvprof=,0.000000, id=,S00, PRDE,actvstrat=,-0.856612, actvprof=,0.000000, id=,S01, PRDE,actvstrat=,-0.730676, actvprof=,0.000000, id=,S02, PRDE,actvstrat=,-0.470386, actvprof=,0.000000, id=,S03, PRDE,actvstrat=,-0.034529, actvprof=,0.000000, id=,S04, PRDE,actvstrat=,-0.242665, actvprof=,0.000000, id=,S05, PRDE,actvstrat=,-0.902883, actvprof=,0.000000, id=,S06, PRDE,actvstrat=,0.853945, actvprof=,0.000000, id=,S07, PRDE,actvstrat=,-0.291642, actvprof=,0.000000, id=,S08, PRDE,actvstrat=,-0.964945, actvprof=,0.000000, id=,S09, PRDE,actvstrat=,-0.676880, actvprof=,0.000000, id=,S10, PRDE,actvstrat=,0.109258, actvprof=,0.000000, id=,S11, PRDE,actvstrat=,0.247869, actvprof=,0.000000, id=,S12, PRDE,actvstrat=,0.790407, actvprof=,0.000000, id=,S13, PRDE,actvstrat=,0.770611, actvprof=,0.000000, id=,S14, PRDE,actvstrat=,0.258885, actvprof=,0.000000, id=,S15, PRDE,actvstrat=,-0.000642, actvprof=,0.000000, id=,S16, PRDE,actvstrat=,-0.180034, actvprof=,0.000000, id=,S17, PRDE,actvstrat=,0.317554, actvprof=,0.000000, id=,S18, PRDE,actvstrat=,0.078230, actvprof=,0.000000, id=,S19, PRDE,actvstrat=,0.690493, actvprof=,0.000000, id=,S20, PRDE,actvstrat=,-0.601755, actvprof=,0.000000, id=,S21, PRDE,actvstrat=,-0.096041, actvprof=,0.000000, id=,S22, PRDE,actvstrat=,-0.782004, actvprof=,0.000000, id=,S23, PRDE,actvstrat=,-0.871947, actvprof=,0.000000, id=,S24, PRDE,actvstrat=,-0.123858, actvprof=,0.000000, id=,S25, PRDE,actvstrat=,-0.536959, actvprof=,0.000000, id=,S26, PRDE,actvstrat=,0.278859, actvprof=,0.000000, id=,S27, PRDE,actvstrat=,0.769701, actvprof=,0.000000, id=,S28, PRDE,actvstrat=,-0.326288, actvprof=,0.000000, id=,S29, PRDE,actvstrat=,0.453844, actvprof=,0.000000, best_B_id=,B00, best_B_prof=,0.000000, best_B_strat=,0.630084, best_S_id=,S00, best_S_prof=,0.000000, best_S_strat=,-0.856612, 
t=,10800, id=,B00, PRDE,actvstrat=,0.630084, actvprof=,2.626450, id=,B01, PRDE,actvstrat=,0.791724, actvprof=,2.452279, id=,B02, PRDE,actvstrat=,-0.590966, actvprof=,1.912822, id=,B03, PRDE,actvstrat=,-0.783597, actvprof=,2.794787, id=,B04, PRDE,actvstrat=,-0.680450, actvprof=,2.162550, id=,B05, PRDE,actvstrat=,0.235205, actvprof=,2.185606, id=,B06, PRDE,actvstrat=,0.543712, actvprof=,2.270886, id=,B07, PRDE,actvstrat=,-0.246445, actvprof=,1.765041, id=,B08, PRDE,actvstrat=,-0.490198, actvprof=,1.824487, id=,B09, PRDE,actvstrat=,-0.676857, actvprof=,2.150328, id=,B10, PRDE,actvstrat=,-0.985451, actvprof=,3.445080, id=,B11, PRDE,actvstrat=,0.606041, actvprof=,2.439779, id=,B12, PRDE,actvstrat=,0.386551, actvprof=,2.373388, id=,B13, PRDE,actvstrat=,-0.985521, actvprof=,3.221463, id=,B14, PRDE,actvstrat=,0.165826, actvprof=,2.050881, id=,B15, PRDE,actvstrat=,-0.533577, actvprof=,1.861432, id=,B16, PRDE,actvstrat=,0.794380, actvprof=,2.548115, id=,B17, PRDE,actvstrat=,-0.512690, actvprof=,2.103938, id=,B18, PRDE,actvstrat=,-0.174269, actvprof=,1.758374, id=,B19, PRDE,actvstrat=,0.775841, actvprof=,2.388389, id=,B20, PRDE,actvstrat=,-0.626509, actvprof=,1.854210, id=,B21, PRDE,actvstrat=,0.307194, actvprof=,2.317554, id=,B22, PRDE,actvstrat=,-0.175263, actvprof=,1.851710, id=,B23, PRDE,actvstrat=,-0.419449, actvprof=,1.900600, id=,B24, PRDE,actvstrat=,0.240833, actvprof=,2.012824, id=,B25, PRDE,actvstrat=,0.197451, actvprof=,1.968657, id=,B26, PRDE,actvstrat=,-0.782304, actvprof=,2.877844, id=,B27, PRDE,actvstrat=,-0.207913, actvprof=,1.918656, id=,B28, PRDE,actvstrat=,0.090798, actvprof=,1.952823, id=,B29, PRDE,actvstrat=,-0.131022, actvprof=,1.951990, id=,S00, PRDE,actvstrat=,-0.856612, actvprof=,2.590060, id=,S01, PRDE,actvstrat=,-0.730676, actvprof=,5.060950, id=,S02, PRDE,actvstrat=,-0.470386, actvprof=,5.290678, id=,S03, PRDE,actvstrat=,-0.034529, actvprof=,6.955161, id=,S04, PRDE,actvstrat=,-0.242665, actvprof=,6.008472, id=,S05, PRDE,actvstrat=,-0.902883, actvprof=,2.536725, id=,S06, PRDE,actvstrat=,0.853945, actvprof=,11.103313, id=,S07, PRDE,actvstrat=,-0.291642, actvprof=,5.878192, id=,S08, PRDE,actvstrat=,-0.964945, actvprof=,4.985671, id=,S09, PRDE,actvstrat=,-0.676880, actvprof=,4.820112, id=,S10, PRDE,actvstrat=,0.109258, actvprof=,7.638788, id=,S11, PRDE,actvstrat=,0.247869, actvprof=,8.258802, id=,S12, PRDE,actvstrat=,0.790407, actvprof=,10.505799, id=,S13, PRDE,actvstrat=,0.770611, actvprof=,10.879974, id=,S14, PRDE,actvstrat=,0.258885, actvprof=,8.577421, id=,S15, PRDE,actvstrat=,-0.000642, actvprof=,7.547397, id=,S16, PRDE,actvstrat=,-0.180034, actvprof=,5.994028, id=,S17, PRDE,actvstrat=,0.317554, actvprof=,9.041320, id=,S18, PRDE,actvstrat=,0.078230, actvprof=,7.979351, id=,S19, PRDE,actvstrat=,0.690493, actvprof=,10.096623, id=,S20, PRDE,actvstrat=,-0.601755, actvprof=,4.824278, id=,S21, PRDE,actvstrat=,-0.096041, actvprof=,6.566263, id=,S22, PRDE,actvstrat=,-0.782004, actvprof=,4.372046, id=,S23, PRDE,actvstrat=,-0.871947, actvprof=,2.589227, id=,S24, PRDE,actvstrat=,-0.123858, actvprof=,6.799046, id=,S25, PRDE,actvstrat=,-0.536959, actvprof=,5.580685, id=,S26, PRDE,actvstrat=,0.278859, actvprof=,8.564087, id=,S27, PRDE,actvstrat=,0.769701, actvprof=,10.345795, id=,S28, PRDE,actvstrat=,-0.326288, actvprof=,5.318734, id=,S29, PRDE,actvstrat=,0.453844, actvprof=,9.576611, best_B_id=,B10, best_B_prof=,3.445080, best_B_strat=,-0.985451, best_S_id=,S06, best_S_prof=,11.103313, best_S_strat=,0.853945, 
t=,14400, id=,B00, PRDE,actvstrat=,0.630084, actvprof=,2.601975, id=,B01, PRDE,actvstrat=,0.791724, actvprof=,2.580724, id=,B02, PRDE,actvstrat=,-0.590966, actvprof=,1.888911, id=,B03, PRDE,actvstrat=,-0.783597, actvprof=,2.839338, id=,B04, PRDE,actvstrat=,-0.680450, actvprof=,2.250720, id=,B05, PRDE,actvstrat=,0.235205, actvprof=,2.174470, id=,B06, PRDE,actvstrat=,0.543712, actvprof=,2.409333, id=,B07, PRDE,actvstrat=,-0.246445, actvprof=,1.812660, id=,B08, PRDE,actvstrat=,-0.490198, actvprof=,1.849883, id=,B09, PRDE,actvstrat=,-0.676857, actvprof=,2.175442, id=,B10, PRDE,actvstrat=,-0.985451, actvprof=,3.481568, id=,B11, PRDE,actvstrat=,0.606041, actvprof=,2.525724, id=,B12, PRDE,actvstrat=,0.386551, actvprof=,2.371416, id=,B13, PRDE,actvstrat=,-0.985521, actvprof=,3.296983, id=,B14, PRDE,actvstrat=,0.165826, actvprof=,2.180720, id=,B15, PRDE,actvstrat=,-0.533577, actvprof=,1.865855, id=,B16, PRDE,actvstrat=,0.794380, actvprof=,2.550168, id=,B17, PRDE,actvstrat=,-0.512690, actvprof=,1.970023, id=,B18, PRDE,actvstrat=,-0.174269, actvprof=,1.803215, id=,B19, PRDE,actvstrat=,0.775841, actvprof=,2.490168, id=,B20, PRDE,actvstrat=,-0.626509, actvprof=,1.963217, id=,B21, PRDE,actvstrat=,0.307194, actvprof=,2.271276, id=,B22, PRDE,actvstrat=,-0.175263, actvprof=,1.839327, id=,B23, PRDE,actvstrat=,-0.419449, actvprof=,1.862244, id=,B24, PRDE,actvstrat=,0.240833, actvprof=,2.175581, id=,B25, PRDE,actvstrat=,0.197451, actvprof=,2.057802, id=,B26, PRDE,actvstrat=,-0.782304, actvprof=,2.897672, id=,B27, PRDE,actvstrat=,-0.207913, actvprof=,1.877244, id=,B28, PRDE,actvstrat=,0.090798, actvprof=,1.958634, id=,B29, PRDE,actvstrat=,-0.131022, actvprof=,1.957939, id=,S00, PRDE,actvstrat=,-0.856612, actvprof=,2.968923, id=,S01, PRDE,actvstrat=,-0.730676, actvprof=,4.852556, id=,S02, PRDE,actvstrat=,-0.470386, actvprof=,5.190755, id=,S03, PRDE,actvstrat=,-0.034529, actvprof=,7.248695, id=,S04, PRDE,actvstrat=,-0.242665, actvprof=,5.816178, id=,S05, PRDE,actvstrat=,-0.902883, actvprof=,2.601002, id=,S06, PRDE,actvstrat=,0.853945, actvprof=,10.929015, id=,S07, PRDE,actvstrat=,-0.291642, actvprof=,5.822706, id=,S08, PRDE,actvstrat=,-0.964945, actvprof=,4.844223, id=,S09, PRDE,actvstrat=,-0.676880, actvprof=,5.138671, id=,S10, PRDE,actvstrat=,0.109258, actvprof=,7.665366, id=,S11, PRDE,actvstrat=,0.247869, actvprof=,8.323013, id=,S12, PRDE,actvstrat=,0.790407, actvprof=,10.504149, id=,S13, PRDE,actvstrat=,0.770611, actvprof=,10.659568, id=,S14, PRDE,actvstrat=,0.258885, actvprof=,8.494404, id=,S15, PRDE,actvstrat=,-0.000642, actvprof=,7.278973, id=,S16, PRDE,actvstrat=,-0.180034, actvprof=,5.920207, id=,S17, PRDE,actvstrat=,0.317554, actvprof=,8.807880, id=,S18, PRDE,actvstrat=,0.078230, actvprof=,7.841480, id=,S19, PRDE,actvstrat=,0.690493, actvprof=,10.177340, id=,S20, PRDE,actvstrat=,-0.601755, actvprof=,5.118948, id=,S21, PRDE,actvstrat=,-0.096041, actvprof=,6.571465, id=,S22, PRDE,actvstrat=,-0.782004, actvprof=,4.140465, id=,S23, PRDE,actvstrat=,-0.871947, actvprof=,2.617391, id=,S24, PRDE,actvstrat=,-0.123858, actvprof=,6.732717, id=,S25, PRDE,actvstrat=,-0.536959, actvprof=,5.455341, id=,S26, PRDE,actvstrat=,0.278859, actvprof=,8.709962, id=,S27, PRDE,actvstrat=,0.769701, actvprof=,10.445399, id=,S28, PRDE,actvstrat=,-0.326288, actvprof=,5.418257, id=,S29, PRDE,actvstrat=,0.453844, actvprof=,9.461221, best_B_id=,B10, best_B_prof=,3.481568, best_B_strat=,-0.985451, best_S_id=,S06, best_S_prof=,10.929015, best_S_strat=,0.853945, 
t=,18000, id=,B00, PRDE,actvstrat=,0.246297, actvprof=,2.317287, id=,B01, PRDE,actvstrat=,0.711767, actvprof=,2.596461, id=,B02, PRDE,actvstrat=,-0.279803, actvprof=,2.087002, id=,B03, PRDE,actvstrat=,0.268366, actvprof=,2.404789, id=,B04, PRDE,actvstrat=,0.783257, actvprof=,2.547849, id=,B05, PRDE,actvstrat=,0.153478, actvprof=,2.399789, id=,B06, PRDE,actvstrat=,0.599917, actvprof=,2.600906, id=,B07, PRDE,actvstrat=,-0.246445, actvprof=,2.077835, id=,B08, PRDE,actvstrat=,-0.855838, actvprof=,3.762605, id=,B09, PRDE,actvstrat=,-0.148286, actvprof=,2.152004, id=,B10, PRDE,actvstrat=,-0.254344, actvprof=,2.077280, id=,B11, PRDE,actvstrat=,-0.180888, actvprof=,2.179783, id=,B12, PRDE,actvstrat=,0.624139, actvprof=,2.508125, id=,B13, PRDE,actvstrat=,-0.985521, actvprof=,3.103975, id=,B14, PRDE,actvstrat=,0.165826, actvprof=,2.305897, id=,B15, PRDE,actvstrat=,0.926334, actvprof=,1.841718, id=,B16, PRDE,actvstrat=,0.862402, actvprof=,2.303953, id=,B17, PRDE,actvstrat=,-0.512690, actvprof=,2.193116, id=,B18, PRDE,actvstrat=,-0.174269, actvprof=,2.051724, id=,B19, PRDE,actvstrat=,0.775841, actvprof=,2.608684, id=,B20, PRDE,actvstrat=,-0.971092, actvprof=,3.202311, id=,B21, PRDE,actvstrat=,0.307194, actvprof=,2.329509, id=,B22, PRDE,actvstrat=,0.390642, actvprof=,2.635907, id=,B23, PRDE,actvstrat=,0.983570, actvprof=,1.178366, id=,B24, PRDE,actvstrat=,0.240833, actvprof=,2.467846, id=,B25, PRDE,actvstrat=,0.117406, actvprof=,2.287564, id=,B26, PRDE,actvstrat=,-0.025349, actvprof=,2.125892, id=,B27, PRDE,actvstrat=,-0.207913, actvprof=,1.959499, id=,B28, PRDE,actvstrat=,-0.327441, actvprof=,1.993666, id=,B29, PRDE,actvstrat=,0.506084, actvprof=,2.627017, id=,S00, PRDE,actvstrat=,-0.669332, actvprof=,5.483208, id=,S01, PRDE,actvstrat=,0.832447, actvprof=,10.944471, id=,S02, PRDE,actvstrat=,-0.470386, actvprof=,5.686547, id=,S03, PRDE,actvstrat=,-0.034529, actvprof=,7.557710, id=,S04, PRDE,actvstrat=,0.970166, actvprof=,10.907803, id=,S05, PRDE,actvstrat=,0.283799, actvprof=,9.322759, id=,S06, PRDE,actvstrat=,-0.845118, actvprof=,3.771216, id=,S07, PRDE,actvstrat=,0.283092, actvprof=,9.007750, id=,S08, PRDE,actvstrat=,-0.625486, actvprof=,5.296814, id=,S09, PRDE,actvstrat=,-0.677359, actvprof=,5.075419, id=,S10, PRDE,actvstrat=,0.109258, actvprof=,8.517737, id=,S11, PRDE,actvstrat=,0.247869, actvprof=,8.827190, id=,S12, PRDE,actvstrat=,0.478540, actvprof=,9.923887, id=,S13, PRDE,actvstrat=,-0.991910, actvprof=,7.329092, id=,S14, PRDE,actvstrat=,0.436995, actvprof=,9.562488, id=,S15, PRDE,actvstrat=,-0.000642, actvprof=,7.387705, id=,S16, PRDE,actvstrat=,-0.658484, actvprof=,5.701269, id=,S17, PRDE,actvstrat=,0.414570, actvprof=,9.364149, id=,S18, PRDE,actvstrat=,-0.016312, actvprof=,7.843273, id=,S19, PRDE,actvstrat=,-0.162357, actvprof=,6.719909, id=,S20, PRDE,actvstrat=,0.622185, actvprof=,10.305286, id=,S21, PRDE,actvstrat=,-0.800164, actvprof=,4.075669, id=,S22, PRDE,actvstrat=,-0.518444, actvprof=,5.753215, id=,S23, PRDE,actvstrat=,0.425849, actvprof=,10.131393, id=,S24, PRDE,actvstrat=,-0.268914, actvprof=,6.053779, id=,S25, PRDE,actvstrat=,0.956026, actvprof=,11.221701, id=,S26, PRDE,actvstrat=,0.278859, actvprof=,9.116087, id=,S27, PRDE,actvstrat=,0.061542, actvprof=,7.889386, id=,S28, PRDE,actvstrat=,0.455367, actvprof=,9.404428, id=,S29, PRDE,actvstrat=,0.453844, actvprof=,9.432206, best_B_id=,B08, best_B_prof=,3.762605, best_B_strat=,-0.855838, best_S_id=,S25, best_S_prof=,11.221701, best_S_strat=,0.956026, 
t=,21600, id=,B00, PRDE,actvstrat=,0.246297, actvprof=,2.396400, id=,B01, PRDE,actvstrat=,0.711767, actvprof=,2.641679, id=,B02, PRDE,actvstrat=,-0.279803, actvprof=,2.064176, id=,B03, PRDE,actvstrat=,0.268366, actvprof=,2.456261, id=,B04, PRDE,actvstrat=,0.783257, actvprof=,2.576262, id=,B05, PRDE,actvstrat=,0.153478, actvprof=,2.417650, id=,B06, PRDE,actvstrat=,0.599917, actvprof=,2.687096, id=,B07, PRDE,actvstrat=,-0.246445, actvprof=,2.004315, id=,B08, PRDE,actvstrat=,-0.855838, actvprof=,3.907935, id=,B09, PRDE,actvstrat=,-0.148286, actvprof=,2.150427, id=,B10, PRDE,actvstrat=,-0.254344, actvprof=,2.018898, id=,B11, PRDE,actvstrat=,-0.180888, actvprof=,2.155566, id=,B12, PRDE,actvstrat=,0.624139, actvprof=,2.547790, id=,B13, PRDE,actvstrat=,-0.985521, actvprof=,3.131126, id=,B14, PRDE,actvstrat=,0.165826, actvprof=,2.284038, id=,B15, PRDE,actvstrat=,0.926334, actvprof=,1.816675, id=,B16, PRDE,actvstrat=,0.862402, actvprof=,2.304177, id=,B17, PRDE,actvstrat=,-0.512690, actvprof=,2.406400, id=,B18, PRDE,actvstrat=,-0.174269, actvprof=,2.095843, id=,B19, PRDE,actvstrat=,0.775841, actvprof=,2.591540, id=,B20, PRDE,actvstrat=,-0.971092, actvprof=,3.260987, id=,B21, PRDE,actvstrat=,0.307194, actvprof=,2.426539, id=,B22, PRDE,actvstrat=,0.390642, actvprof=,2.491817, id=,B23, PRDE,actvstrat=,0.983570, actvprof=,1.173478, id=,B24, PRDE,actvstrat=,0.240833, actvprof=,2.365289, id=,B25, PRDE,actvstrat=,0.117406, actvprof=,2.274872, id=,B26, PRDE,actvstrat=,-0.025349, actvprof=,2.168760, id=,B27, PRDE,actvstrat=,-0.207913, actvprof=,2.017509, id=,B28, PRDE,actvstrat=,-0.327441, actvprof=,2.015704, id=,B29, PRDE,actvstrat=,0.506084, actvprof=,2.724596, id=,S00, PRDE,actvstrat=,-0.669332, actvprof=,5.538915, id=,S01, PRDE,actvstrat=,0.832447, actvprof=,10.945467, id=,S02, PRDE,actvstrat=,-0.470386, actvprof=,5.660998, id=,S03, PRDE,actvstrat=,-0.034529, actvprof=,7.499062, id=,S04, PRDE,actvstrat=,0.970166, actvprof=,11.107551, id=,S05, PRDE,actvstrat=,0.283799, actvprof=,9.143515, id=,S06, PRDE,actvstrat=,-0.845118, actvprof=,3.507655, id=,S07, PRDE,actvstrat=,0.283092, actvprof=,8.861430, id=,S08, PRDE,actvstrat=,-0.625486, actvprof=,5.339469, id=,S09, PRDE,actvstrat=,-0.677359, actvprof=,5.239052, id=,S10, PRDE,actvstrat=,0.109258, actvprof=,8.367955, id=,S11, PRDE,actvstrat=,0.247869, actvprof=,8.952264, id=,S12, PRDE,actvstrat=,0.478540, actvprof=,9.664489, id=,S13, PRDE,actvstrat=,-0.991910, actvprof=,7.500313, id=,S14, PRDE,actvstrat=,0.436995, actvprof=,9.548933, id=,S15, PRDE,actvstrat=,-0.000642, actvprof=,7.642952, id=,S16, PRDE,actvstrat=,-0.658484, actvprof=,5.445997, id=,S17, PRDE,actvstrat=,0.414570, actvprof=,9.418377, id=,S18, PRDE,actvstrat=,-0.016312, actvprof=,7.671424, id=,S19, PRDE,actvstrat=,-0.162357, actvprof=,6.463085, id=,S20, PRDE,actvstrat=,0.622185, actvprof=,10.363937, id=,S21, PRDE,actvstrat=,-0.800164, actvprof=,4.277936, id=,S22, PRDE,actvstrat=,-0.518444, actvprof=,5.930166, id=,S23, PRDE,actvstrat=,0.425849, actvprof=,9.966574, id=,S24, PRDE,actvstrat=,-0.268914, actvprof=,6.053639, id=,S25, PRDE,actvstrat=,0.956026, actvprof=,11.211163, id=,S26, PRDE,actvstrat=,0.278859, actvprof=,8.949486, id=,S27, PRDE,actvstrat=,0.061542, actvprof=,8.006426, id=,S28, PRDE,actvstrat=,0.455367, actvprof=,9.601711, id=,S29, PRDE,actvstrat=,0.453844, actvprof=,9.469905, best_B_id=,B08, best_B_prof=,3.907935, best_B_strat=,-0.855838, best_S_id=,S25, best_S_prof=,11.211163, best_S_strat=,0.956026, 
t=,25200, id=,B00, PRDE,actvstrat=,-1.000000, actvprof=,4.262400, id=,B01, PRDE,actvstrat=,0.355595, actvprof=,3.223745, id=,B02, PRDE,actvstrat=,1.000000, actvprof=,2.192591, id=,B03, PRDE,actvstrat=,-0.656589, actvprof=,2.941511, id=,B04, PRDE,actvstrat=,-0.942490, actvprof=,3.791547, id=,B05, PRDE,actvstrat=,1.000000, actvprof=,2.007306, id=,B06, PRDE,actvstrat=,-0.704137, actvprof=,3.175966, id=,B07, PRDE,actvstrat=,1.000000, actvprof=,2.120644, id=,B08, PRDE,actvstrat=,0.396202, actvprof=,2.982624, id=,B09, PRDE,actvstrat=,-1.000000, actvprof=,4.148506, id=,B10, PRDE,actvstrat=,-1.000000, actvprof=,4.308235, id=,B11, PRDE,actvstrat=,-0.497488, actvprof=,2.890954, id=,B12, PRDE,actvstrat=,-0.291043, actvprof=,2.612331, id=,B13, PRDE,actvstrat=,0.807951, actvprof=,3.270970, id=,B14, PRDE,actvstrat=,0.004944, actvprof=,2.647888, id=,B15, PRDE,actvstrat=,0.050450, actvprof=,2.643721, id=,B16, PRDE,actvstrat=,-0.233770, actvprof=,2.767893, id=,B17, PRDE,actvstrat=,-0.951338, actvprof=,4.122116, id=,B18, PRDE,actvstrat=,1.000000, actvprof=,2.041752, id=,B19, PRDE,actvstrat=,-1.000000, actvprof=,4.237677, id=,B20, PRDE,actvstrat=,1.000000, actvprof=,2.193147, id=,B21, PRDE,actvstrat=,-1.000000, actvprof=,4.302957, id=,B22, PRDE,actvstrat=,-1.000000, actvprof=,4.430462, id=,B23, PRDE,actvstrat=,-0.231727, actvprof=,2.753726, id=,B24, PRDE,actvstrat=,-0.558020, actvprof=,3.086240, id=,B25, PRDE,actvstrat=,-0.858934, actvprof=,4.254900, id=,B26, PRDE,actvstrat=,-0.897552, actvprof=,4.072947, id=,B27, PRDE,actvstrat=,-0.753451, actvprof=,3.486534, id=,B28, PRDE,actvstrat=,0.381141, actvprof=,3.098185, id=,B29, PRDE,actvstrat=,-1.000000, actvprof=,4.237677, id=,S00, PRDE,actvstrat=,0.613675, actvprof=,9.597900, id=,S01, PRDE,actvstrat=,1.000000, actvprof=,10.080976, id=,S02, PRDE,actvstrat=,0.089475, actvprof=,7.313916, id=,S03, PRDE,actvstrat=,0.176295, actvprof=,7.556148, id=,S04, PRDE,actvstrat=,0.532289, actvprof=,8.780366, id=,S05, PRDE,actvstrat=,0.395062, actvprof=,8.756198, id=,S06, PRDE,actvstrat=,0.819357, actvprof=,10.092643, id=,S07, PRDE,actvstrat=,-0.921117, actvprof=,3.865994, id=,S08, PRDE,actvstrat=,0.042473, actvprof=,7.240857, id=,S09, PRDE,actvstrat=,-1.000000, actvprof=,9.744850, id=,S10, PRDE,actvstrat=,0.087381, actvprof=,7.161132, id=,S11, PRDE,actvstrat=,-1.000000, actvprof=,9.836521, id=,S12, PRDE,actvstrat=,0.410251, actvprof=,8.299790, id=,S13, PRDE,actvstrat=,0.711989, actvprof=,9.800131, id=,S14, PRDE,actvstrat=,0.584197, actvprof=,9.455672, id=,S15, PRDE,actvstrat=,0.297662, actvprof=,8.187841, id=,S16, PRDE,actvstrat=,-0.074625, actvprof=,6.247483, id=,S17, PRDE,actvstrat=,-1.000000, actvprof=,10.207092, id=,S18, PRDE,actvstrat=,0.860059, actvprof=,10.369043, id=,S19, PRDE,actvstrat=,0.169066, actvprof=,7.436421, id=,S20, PRDE,actvstrat=,-0.372730, actvprof=,5.482451, id=,S21, PRDE,actvstrat=,1.000000, actvprof=,10.167090, id=,S22, PRDE,actvstrat=,-1.000000, actvprof=,9.899579, id=,S23, PRDE,actvstrat=,1.000000, actvprof=,10.054586, id=,S24, PRDE,actvstrat=,0.038987, actvprof=,7.509757, id=,S25, PRDE,actvstrat=,0.516212, actvprof=,9.071767, id=,S26, PRDE,actvstrat=,0.065958, actvprof=,7.421143, id=,S27, PRDE,actvstrat=,1.000000, actvprof=,10.335708, id=,S28, PRDE,actvstrat=,-0.879950, actvprof=,3.422643, id=,S29, PRDE,actvstrat=,0.219191, actvprof=,7.689487, best_B_id=,B22, best_B_prof=,4.430462, best_B_strat=,-1.000000, best_S_id=,S18, best_S_prof=,10.369043, best_S_strat=,0.860059, 
t=,28800, id=,B00, PRDE,actvstrat=,-1.000000, actvprof=,4.452145, id=,B01, PRDE,actvstrat=,0.355595, actvprof=,3.163933, id=,B02, PRDE,actvstrat=,1.000000, actvprof=,2.193780, id=,B03, PRDE,actvstrat=,-0.656589, actvprof=,2.986986, id=,B04, PRDE,actvstrat=,-0.942490, actvprof=,3.931305, id=,B05, PRDE,actvstrat=,1.000000, actvprof=,2.033778, id=,B06, PRDE,actvstrat=,-0.704137, actvprof=,3.310879, id=,B07, PRDE,actvstrat=,1.000000, actvprof=,2.105168, id=,B08, PRDE,actvstrat=,0.396202, actvprof=,3.066015, id=,B09, PRDE,actvstrat=,-1.000000, actvprof=,4.193669, id=,B10, PRDE,actvstrat=,-1.000000, actvprof=,4.320616, id=,B11, PRDE,actvstrat=,-0.497488, actvprof=,2.818234, id=,B12, PRDE,actvstrat=,-0.291043, actvprof=,2.619759, id=,B13, PRDE,actvstrat=,0.807951, actvprof=,3.233100, id=,B14, PRDE,actvstrat=,0.004944, actvprof=,2.738927, id=,B15, PRDE,actvstrat=,0.050450, actvprof=,2.696982, id=,B16, PRDE,actvstrat=,-0.233770, actvprof=,2.626009, id=,B17, PRDE,actvstrat=,-0.951338, actvprof=,4.032695, id=,B18, PRDE,actvstrat=,1.000000, actvprof=,2.168502, id=,B19, PRDE,actvstrat=,-1.000000, actvprof=,4.268254, id=,B20, PRDE,actvstrat=,1.000000, actvprof=,2.191836, id=,B21, PRDE,actvstrat=,-1.000000, actvprof=,4.306032, id=,B22, PRDE,actvstrat=,-1.000000, actvprof=,4.390061, id=,B23, PRDE,actvstrat=,-0.231727, actvprof=,2.718788, id=,B24, PRDE,actvstrat=,-0.558020, actvprof=,2.880318, id=,B25, PRDE,actvstrat=,-0.858934, actvprof=,4.152835, id=,B26, PRDE,actvstrat=,-0.897552, actvprof=,4.018250, id=,B27, PRDE,actvstrat=,-0.753451, actvprof=,3.357408, id=,B28, PRDE,actvstrat=,0.381141, actvprof=,3.210878, id=,B29, PRDE,actvstrat=,-1.000000, actvprof=,4.367561, id=,S00, PRDE,actvstrat=,0.613675, actvprof=,9.600967, id=,S01, PRDE,actvstrat=,1.000000, actvprof=,10.108890, id=,S02, PRDE,actvstrat=,0.089475, actvprof=,7.236906, id=,S03, PRDE,actvstrat=,0.176295, actvprof=,7.536077, id=,S04, PRDE,actvstrat=,0.532289, actvprof=,8.897624, id=,S05, PRDE,actvstrat=,0.395062, actvprof=,8.464423, id=,S06, PRDE,actvstrat=,0.819357, actvprof=,10.070834, id=,S07, PRDE,actvstrat=,-0.921117, actvprof=,3.919221, id=,S08, PRDE,actvstrat=,0.042473, actvprof=,7.168711, id=,S09, PRDE,actvstrat=,-1.000000, actvprof=,9.810275, id=,S10, PRDE,actvstrat=,0.087381, actvprof=,7.269962, id=,S11, PRDE,actvstrat=,-1.000000, actvprof=,9.702357, id=,S12, PRDE,actvstrat=,0.410251, actvprof=,8.331921, id=,S13, PRDE,actvstrat=,0.711989, actvprof=,9.975277, id=,S14, PRDE,actvstrat=,0.584197, actvprof=,9.404020, id=,S15, PRDE,actvstrat=,0.297662, actvprof=,8.166919, id=,S16, PRDE,actvstrat=,-0.074625, actvprof=,6.223142, id=,S17, PRDE,actvstrat=,-1.000000, actvprof=,10.049723, id=,S18, PRDE,actvstrat=,0.860059, actvprof=,10.351949, id=,S19, PRDE,actvstrat=,0.169066, actvprof=,7.411075, id=,S20, PRDE,actvstrat=,-0.372730, actvprof=,5.349935, id=,S21, PRDE,actvstrat=,1.000000, actvprof=,10.106251, id=,S22, PRDE,actvstrat=,-1.000000, actvprof=,9.893887, id=,S23, PRDE,actvstrat=,1.000000, actvprof=,10.070140, id=,S24, PRDE,actvstrat=,0.038987, actvprof=,7.294824, id=,S25, PRDE,actvstrat=,0.516212, actvprof=,9.151099, id=,S26, PRDE,actvstrat=,0.065958, actvprof=,7.278573, id=,S27, PRDE,actvstrat=,1.000000, actvprof=,10.218197, id=,S28, PRDE,actvstrat=,-0.879950, actvprof=,3.317546, id=,S29, PRDE,actvstrat=,0.219191, actvprof=,7.658301, best_B_id=,B00, best_B_prof=,4.452145, best_B_strat=,-1.000000, best_S_id=,S18, best_S_prof=,10.351949, best_S_strat=,0.860059, 
t=,32400, id=,B00, PRDE,actvstrat=,-1.000000, actvprof=,4.069708, id=,B01, PRDE,actvstrat=,0.355595, actvprof=,3.236321, id=,B02, PRDE,actvstrat=,0.616979, actvprof=,3.160483, id=,B03, PRDE,actvstrat=,0.354884, actvprof=,3.325216, id=,B04, PRDE,actvstrat=,0.147418, actvprof=,2.639060, id=,B05, PRDE,actvstrat=,1.000000, actvprof=,1.905401, id=,B06, PRDE,actvstrat=,0.543712, actvprof=,3.291880, id=,B07, PRDE,actvstrat=,0.585968, actvprof=,3.176039, id=,B08, PRDE,actvstrat=,-0.267257, actvprof=,2.621559, id=,B09, PRDE,actvstrat=,0.690203, actvprof=,3.238821, id=,B10, PRDE,actvstrat=,-1.000000, actvprof=,4.117489, id=,B11, PRDE,actvstrat=,0.663543, actvprof=,3.259656, id=,B12, PRDE,actvstrat=,0.386551, actvprof=,3.319937, id=,B13, PRDE,actvstrat=,0.540433, actvprof=,3.152704, id=,B14, PRDE,actvstrat=,-0.147188, actvprof=,2.548499, id=,B15, PRDE,actvstrat=,-0.533577, actvprof=,2.878798, id=,B16, PRDE,actvstrat=,-0.694059, actvprof=,3.579121, id=,B17, PRDE,actvstrat=,-0.143299, actvprof=,2.766013, id=,B18, PRDE,actvstrat=,-0.358524, actvprof=,2.565444, id=,B19, PRDE,actvstrat=,0.919921, actvprof=,2.347652, id=,B20, PRDE,actvstrat=,1.000000, actvprof=,1.979017, id=,B21, PRDE,actvstrat=,-1.000000, actvprof=,4.094988, id=,B22, PRDE,actvstrat=,-0.740956, actvprof=,3.736353, id=,B23, PRDE,actvstrat=,-0.763069, actvprof=,3.889974, id=,B24, PRDE,actvstrat=,-0.558020, actvprof=,2.919634, id=,B25, PRDE,actvstrat=,-0.386390, actvprof=,2.567944, id=,B26, PRDE,actvstrat=,-0.897552, actvprof=,4.418064, id=,B27, PRDE,actvstrat=,0.686527, actvprof=,3.220487, id=,B28, PRDE,actvstrat=,0.381141, actvprof=,3.170205, id=,B29, PRDE,actvstrat=,-1.000000, actvprof=,4.029983, id=,S00, PRDE,actvstrat=,-0.378749, actvprof=,5.548415, id=,S01, PRDE,actvstrat=,0.792122, actvprof=,10.234274, id=,S02, PRDE,actvstrat=,0.089475, actvprof=,7.384368, id=,S03, PRDE,actvstrat=,0.176295, actvprof=,7.673553, id=,S04, PRDE,actvstrat=,0.532289, actvprof=,9.562564, id=,S05, PRDE,actvstrat=,0.326880, actvprof=,8.222755, id=,S06, PRDE,actvstrat=,0.853945, actvprof=,10.331503, id=,S07, PRDE,actvstrat=,-0.453141, actvprof=,5.562583, id=,S08, PRDE,actvstrat=,-0.964945, actvprof=,5.438408, id=,S09, PRDE,actvstrat=,-1.000000, actvprof=,10.182327, id=,S10, PRDE,actvstrat=,-0.981788, actvprof=,7.421314, id=,S11, PRDE,actvstrat=,0.734321, actvprof=,9.937311, id=,S12, PRDE,actvstrat=,0.829470, actvprof=,10.265110, id=,S13, PRDE,actvstrat=,0.711989, actvprof=,10.192605, id=,S14, PRDE,actvstrat=,0.258885, actvprof=,8.049688, id=,S15, PRDE,actvstrat=,0.363910, actvprof=,8.729177, id=,S16, PRDE,actvstrat=,-0.074625, actvprof=,6.478753, id=,S17, PRDE,actvstrat=,0.317554, actvprof=,8.303316, id=,S18, PRDE,actvstrat=,0.208535, actvprof=,7.912457, id=,S19, PRDE,actvstrat=,0.338805, actvprof=,8.632782, id=,S20, PRDE,actvstrat=,0.454063, actvprof=,8.675840, id=,S21, PRDE,actvstrat=,1.000000, actvprof=,10.140379, id=,S22, PRDE,actvstrat=,-0.864339, actvprof=,3.418277, id=,S23, PRDE,actvstrat=,0.614257, actvprof=,9.688406, id=,S24, PRDE,actvstrat=,0.799011, actvprof=,10.248998, id=,S25, PRDE,actvstrat=,-0.464722, actvprof=,5.358958, id=,S26, PRDE,actvstrat=,0.123101, actvprof=,7.502431, id=,S27, PRDE,actvstrat=,0.513359, actvprof=,8.735011, id=,S28, PRDE,actvstrat=,0.118538, actvprof=,7.566324, id=,S29, PRDE,actvstrat=,0.219191, actvprof=,8.064412, best_B_id=,B26, best_B_prof=,4.418064, best_B_strat=,-0.897552, best_S_id=,S06, best_S_prof=,10.331503, best_S_strat=,0.853945, 
t=,36000, id=,B00, PRDE,actvstrat=,-1.000000, actvprof=,4.057363, id=,B01, PRDE,actvstrat=,0.355595, actvprof=,3.198583, id=,B02, PRDE,actvstrat=,0.616979, actvprof=,3.066773, id=,B03, PRDE,actvstrat=,0.354884, actvprof=,3.205250, id=,B04, PRDE,actvstrat=,0.147418, actvprof=,2.759401, id=,B05, PRDE,actvstrat=,1.000000, actvprof=,1.777006, id=,B06, PRDE,actvstrat=,0.543712, actvprof=,3.167471, id=,B07, PRDE,actvstrat=,0.585968, actvprof=,3.202889, id=,B08, PRDE,actvstrat=,-0.267257, actvprof=,2.620091, id=,B09, PRDE,actvstrat=,0.690203, actvprof=,3.121775, id=,B10, PRDE,actvstrat=,-1.000000, actvprof=,4.098337, id=,B11, PRDE,actvstrat=,0.663543, actvprof=,3.187888, id=,B12, PRDE,actvstrat=,0.386551, actvprof=,3.201361, id=,B13, PRDE,actvstrat=,0.540433, actvprof=,3.105663, id=,B14, PRDE,actvstrat=,-0.147188, actvprof=,2.609952, id=,B15, PRDE,actvstrat=,-0.533577, actvprof=,2.884267, id=,B16, PRDE,actvstrat=,-0.694059, actvprof=,3.369423, id=,B17, PRDE,actvstrat=,-0.143299, actvprof=,2.810653, id=,B18, PRDE,actvstrat=,-0.358524, actvprof=,2.634814, id=,B19, PRDE,actvstrat=,0.919921, actvprof=,2.414667, id=,B20, PRDE,actvstrat=,1.000000, actvprof=,1.980347, id=,B21, PRDE,actvstrat=,-1.000000, actvprof=,4.203618, id=,B22, PRDE,actvstrat=,-0.740956, actvprof=,3.747213, id=,B23, PRDE,actvstrat=,-0.763069, actvprof=,3.911664, id=,B24, PRDE,actvstrat=,-0.558020, actvprof=,2.967603, id=,B25, PRDE,actvstrat=,-0.386390, actvprof=,2.688010, id=,B26, PRDE,actvstrat=,-0.897552, actvprof=,4.335984, id=,B27, PRDE,actvstrat=,0.686527, actvprof=,3.179277, id=,B28, PRDE,actvstrat=,0.381141, actvprof=,3.108441, id=,B29, PRDE,actvstrat=,-1.000000, actvprof=,4.074030, id=,S00, PRDE,actvstrat=,-0.378749, actvprof=,5.356714, id=,S01, PRDE,actvstrat=,0.792122, actvprof=,10.365082, id=,S02, PRDE,actvstrat=,0.089475, actvprof=,7.417758, id=,S03, PRDE,actvstrat=,0.176295, actvprof=,7.770686, id=,S04, PRDE,actvstrat=,0.532289, actvprof=,9.430050, id=,S05, PRDE,actvstrat=,0.326880, actvprof=,8.527796, id=,S06, PRDE,actvstrat=,0.853945, actvprof=,10.330914, id=,S07, PRDE,actvstrat=,-0.453141, actvprof=,5.556721, id=,S08, PRDE,actvstrat=,-0.964945, actvprof=,5.707004, id=,S09, PRDE,actvstrat=,-1.000000, actvprof=,10.129241, id=,S10, PRDE,actvstrat=,-0.981788, actvprof=,7.066773, id=,S11, PRDE,actvstrat=,0.734321, actvprof=,10.001458, id=,S12, PRDE,actvstrat=,0.829470, actvprof=,10.242578, id=,S13, PRDE,actvstrat=,0.711989, actvprof=,10.086739, id=,S14, PRDE,actvstrat=,0.258885, actvprof=,8.023751, id=,S15, PRDE,actvstrat=,0.363910, actvprof=,8.710025, id=,S16, PRDE,actvstrat=,-0.074625, actvprof=,6.487170, id=,S17, PRDE,actvstrat=,0.317554, actvprof=,8.284315, id=,S18, PRDE,actvstrat=,0.208535, actvprof=,7.769714, id=,S19, PRDE,actvstrat=,0.338805, actvprof=,8.730859, id=,S20, PRDE,actvstrat=,0.454063, actvprof=,8.815584, id=,S21, PRDE,actvstrat=,1.000000, actvprof=,10.297024, id=,S22, PRDE,actvstrat=,-0.864339, actvprof=,3.423174, id=,S23, PRDE,actvstrat=,0.614257, actvprof=,9.733116, id=,S24, PRDE,actvstrat=,0.799011, actvprof=,10.218688, id=,S25, PRDE,actvstrat=,-0.464722, actvprof=,5.561304, id=,S26, PRDE,actvstrat=,0.123101, actvprof=,7.624015, id=,S27, PRDE,actvstrat=,0.513359, actvprof=,9.091427, id=,S28, PRDE,actvstrat=,0.118538, actvprof=,7.654016, id=,S29, PRDE,actvstrat=,0.219191, actvprof=,8.197229, best_B_id=,B26, best_B_prof=,4.335984, best_B_strat=,-0.897552, best_S_id=,S01, best_S_prof=,10.365082, best_S_strat=,0.792122, 
t=,39600, id=,B00, PRDE,actvstrat=,-0.248453, actvprof=,4.530891, id=,B01, PRDE,actvstrat=,1.000000, actvprof=,2.409067, id=,B02, PRDE,actvstrat=,-0.996228, actvprof=,5.272891, id=,B03, PRDE,actvstrat=,0.113569, actvprof=,4.459775, id=,B04, PRDE,actvstrat=,0.562507, actvprof=,4.724794, id=,B05, PRDE,actvstrat=,-0.491119, actvprof=,5.001482, id=,B06, PRDE,actvstrat=,-0.484137, actvprof=,5.272891, id=,B07, PRDE,actvstrat=,0.171948, actvprof=,4.337266, id=,B08, PRDE,actvstrat=,1.000000, actvprof=,2.252111, id=,B09, PRDE,actvstrat=,-1.000000, actvprof=,5.355397, id=,B10, PRDE,actvstrat=,-0.963135, actvprof=,4.902030, id=,B11, PRDE,actvstrat=,0.652617, actvprof=,4.383936, id=,B12, PRDE,actvstrat=,0.315934, actvprof=,4.743407, id=,B13, PRDE,actvstrat=,-1.000000, actvprof=,5.234554, id=,B14, PRDE,actvstrat=,-0.147188, actvprof=,4.588673, id=,B15, PRDE,actvstrat=,-0.246959, actvprof=,4.647289, id=,B16, PRDE,actvstrat=,0.077675, actvprof=,4.354211, id=,B17, PRDE,actvstrat=,-1.000000, actvprof=,4.960367, id=,B18, PRDE,actvstrat=,1.000000, actvprof=,2.389621, id=,B19, PRDE,actvstrat=,-0.665637, actvprof=,5.655975, id=,B20, PRDE,actvstrat=,-0.862864, actvprof=,5.997111, id=,B21, PRDE,actvstrat=,0.799391, actvprof=,4.150585, id=,B22, PRDE,actvstrat=,-1.000000, actvprof=,5.200663, id=,B23, PRDE,actvstrat=,-0.656801, actvprof=,5.855989, id=,B24, PRDE,actvstrat=,0.928218, actvprof=,3.111342, id=,B25, PRDE,actvstrat=,-0.280752, actvprof=,4.579506, id=,B26, PRDE,actvstrat=,1.000000, actvprof=,2.478239, id=,B27, PRDE,actvstrat=,-1.000000, actvprof=,5.087043, id=,B28, PRDE,actvstrat=,-0.358720, actvprof=,5.003704, id=,B29, PRDE,actvstrat=,0.192562, actvprof=,4.299207, id=,S00, PRDE,actvstrat=,1.000000, actvprof=,9.276243, id=,S01, PRDE,actvstrat=,1.000000, actvprof=,9.099841, id=,S02, PRDE,actvstrat=,0.089475, actvprof=,7.122194, id=,S03, PRDE,actvstrat=,-0.308472, actvprof=,5.412901, id=,S04, PRDE,actvstrat=,0.532289, actvprof=,8.683977, id=,S05, PRDE,actvstrat=,1.000000, actvprof=,9.140955, id=,S06, PRDE,actvstrat=,0.488692, actvprof=,8.798707, id=,S07, PRDE,actvstrat=,0.751068, actvprof=,9.578487, id=,S08, PRDE,actvstrat=,-1.000000, actvprof=,7.747518, id=,S09, PRDE,actvstrat=,0.153938, actvprof=,7.422216, id=,S10, PRDE,actvstrat=,1.000000, actvprof=,8.888992, id=,S11, PRDE,actvstrat=,-1.000000, actvprof=,7.711405, id=,S12, PRDE,actvstrat=,0.683125, actvprof=,9.130676, id=,S13, PRDE,actvstrat=,-0.244865, actvprof=,5.326783, id=,S14, PRDE,actvstrat=,0.236156, actvprof=,7.757519, id=,S15, PRDE,actvstrat=,1.000000, actvprof=,9.238184, id=,S16, PRDE,actvstrat=,0.812056, actvprof=,9.470702, id=,S17, PRDE,actvstrat=,-0.470615, actvprof=,5.240944, id=,S18, PRDE,actvstrat=,0.208535, actvprof=,7.574450, id=,S19, PRDE,actvstrat=,1.000000, actvprof=,8.839266, id=,S20, PRDE,actvstrat=,0.914657, actvprof=,9.625157, id=,S21, PRDE,actvstrat=,1.000000, actvprof=,9.152067, id=,S22, PRDE,actvstrat=,1.000000, actvprof=,8.970109, id=,S23, PRDE,actvstrat=,1.000000, actvprof=,9.063727, id=,S24, PRDE,actvstrat=,0.933071, actvprof=,9.531262, id=,S25, PRDE,actvstrat=,-0.384697, actvprof=,4.880639, id=,S26, PRDE,actvstrat=,-0.301670, actvprof=,5.213997, id=,S27, PRDE,actvstrat=,0.704406, actvprof=,9.062338, id=,S28, PRDE,actvstrat=,1.000000, actvprof=,8.923994, id=,S29, PRDE,actvstrat=,1.000000, actvprof=,9.036225, best_B_id=,B20, best_B_prof=,5.997111, best_B_strat=,-0.862864, best_S_id=,S20, best_S_prof=,9.625157, best_S_strat=,0.914657, 
t=,43200, id=,B00, PRDE,actvstrat=,-0.248453, actvprof=,4.497538, id=,B01, PRDE,actvstrat=,1.000000, actvprof=,2.198281, id=,B02, PRDE,actvstrat=,-0.996228, actvprof=,4.993530, id=,B03, PRDE,actvstrat=,0.113569, actvprof=,4.450036, id=,B04, PRDE,actvstrat=,0.562507, actvprof=,4.428785, id=,B05, PRDE,actvstrat=,-0.491119, actvprof=,5.068255, id=,B06, PRDE,actvstrat=,-0.484137, actvprof=,5.070894, id=,B07, PRDE,actvstrat=,0.171948, actvprof=,4.175303, id=,B08, PRDE,actvstrat=,1.000000, actvprof=,2.098833, id=,B09, PRDE,actvstrat=,-1.000000, actvprof=,5.026031, id=,B10, PRDE,actvstrat=,-0.963135, actvprof=,4.896582, id=,B11, PRDE,actvstrat=,0.652617, actvprof=,4.276835, id=,B12, PRDE,actvstrat=,0.315934, actvprof=,4.595042, id=,B13, PRDE,actvstrat=,-1.000000, actvprof=,5.082006, id=,B14, PRDE,actvstrat=,-0.147188, actvprof=,4.363088, id=,B15, PRDE,actvstrat=,-0.246959, actvprof=,4.443092, id=,B16, PRDE,actvstrat=,0.077675, actvprof=,4.233917, id=,B17, PRDE,actvstrat=,-1.000000, actvprof=,4.902693, id=,B18, PRDE,actvstrat=,1.000000, actvprof=,2.189808, id=,B19, PRDE,actvstrat=,-0.665637, actvprof=,5.721058, id=,B20, PRDE,actvstrat=,-0.862864, actvprof=,5.860231, id=,B21, PRDE,actvstrat=,0.799391, actvprof=,3.957517, id=,B22, PRDE,actvstrat=,-1.000000, actvprof=,5.083533, id=,B23, PRDE,actvstrat=,-0.656801, actvprof=,5.829118, id=,B24, PRDE,actvstrat=,0.928218, actvprof=,2.834139, id=,B25, PRDE,actvstrat=,-0.280752, actvprof=,4.493927, id=,B26, PRDE,actvstrat=,1.000000, actvprof=,2.256617, id=,B27, PRDE,actvstrat=,-1.000000, actvprof=,4.827551, id=,B28, PRDE,actvstrat=,-0.358720, actvprof=,4.796578, id=,B29, PRDE,actvstrat=,0.192562, actvprof=,4.436563, id=,S00, PRDE,actvstrat=,1.000000, actvprof=,9.371897, id=,S01, PRDE,actvstrat=,1.000000, actvprof=,9.163555, id=,S02, PRDE,actvstrat=,0.089475, actvprof=,7.112224, id=,S03, PRDE,actvstrat=,-0.308472, actvprof=,5.304098, id=,S04, PRDE,actvstrat=,0.532289, actvprof=,9.032300, id=,S05, PRDE,actvstrat=,1.000000, actvprof=,9.232586, id=,S06, PRDE,actvstrat=,0.488692, actvprof=,8.872988, id=,S07, PRDE,actvstrat=,0.751068, actvprof=,9.715938, id=,S08, PRDE,actvstrat=,-1.000000, actvprof=,7.596271, id=,S09, PRDE,actvstrat=,0.153938, actvprof=,7.426542, id=,S10, PRDE,actvstrat=,1.000000, actvprof=,9.184945, id=,S11, PRDE,actvstrat=,-1.000000, actvprof=,7.693219, id=,S12, PRDE,actvstrat=,0.683125, actvprof=,9.412037, id=,S13, PRDE,actvstrat=,-0.244865, actvprof=,5.197566, id=,S14, PRDE,actvstrat=,0.236156, actvprof=,7.808363, id=,S15, PRDE,actvstrat=,1.000000, actvprof=,9.340645, id=,S16, PRDE,actvstrat=,0.812056, actvprof=,9.660658, id=,S17, PRDE,actvstrat=,-0.470615, actvprof=,5.171731, id=,S18, PRDE,actvstrat=,0.208535, actvprof=,7.485433, id=,S19, PRDE,actvstrat=,1.000000, actvprof=,9.267448, id=,S20, PRDE,actvstrat=,0.914657, actvprof=,9.763023, id=,S21, PRDE,actvstrat=,1.000000, actvprof=,9.452178, id=,S22, PRDE,actvstrat=,1.000000, actvprof=,9.249808, id=,S23, PRDE,actvstrat=,1.000000, actvprof=,9.082719, id=,S24, PRDE,actvstrat=,0.933071, actvprof=,9.532875, id=,S25, PRDE,actvstrat=,-0.384697, actvprof=,4.836163, id=,S26, PRDE,actvstrat=,-0.301670, actvprof=,4.993113, id=,S27, PRDE,actvstrat=,0.704406, actvprof=,9.205918, id=,S28, PRDE,actvstrat=,1.000000, actvprof=,9.086191, id=,S29, PRDE,actvstrat=,1.000000, actvprof=,9.241753, best_B_id=,B20, best_B_prof=,5.860231, best_B_strat=,-0.862864, best_S_id=,S20, best_S_prof=,9.763023, best_S_strat=,0.914657, 
t=,46800, id=,B00, PRDE,actvstrat=,0.630084, actvprof=,3.810335, id=,B01, PRDE,actvstrat=,-0.824485, actvprof=,5.418532, id=,B02, PRDE,actvstrat=,1.000000, actvprof=,2.069349, id=,B03, PRDE,actvstrat=,0.113569, actvprof=,3.759775, id=,B04, PRDE,actvstrat=,0.562507, actvprof=,3.738662, id=,B05, PRDE,actvstrat=,0.523409, actvprof=,3.755886, id=,B06, PRDE,actvstrat=,-0.704137, actvprof=,4.507063, id=,B07, PRDE,actvstrat=,0.171948, actvprof=,3.488085, id=,B08, PRDE,actvstrat=,-0.490198, actvprof=,3.900899, id=,B09, PRDE,actvstrat=,-0.676857, actvprof=,4.242873, id=,B10, PRDE,actvstrat=,-0.285592, actvprof=,3.423357, id=,B11, PRDE,actvstrat=,-0.549240, actvprof=,3.950903, id=,B12, PRDE,actvstrat=,-0.291043, actvprof=,3.416967, id=,B13, PRDE,actvstrat=,0.807951, actvprof=,3.397521, id=,B14, PRDE,actvstrat=,-0.147188, actvprof=,3.261120, id=,B15, PRDE,actvstrat=,-0.246959, actvprof=,3.619207, id=,B16, PRDE,actvstrat=,0.077675, actvprof=,3.301679, id=,B17, PRDE,actvstrat=,-0.951338, actvprof=,5.051833, id=,B18, PRDE,actvstrat=,-0.871588, actvprof=,5.394641, id=,B19, PRDE,actvstrat=,-0.891608, actvprof=,5.258518, id=,B20, PRDE,actvstrat=,0.295886, actvprof=,3.896732, id=,B21, PRDE,actvstrat=,0.799391, actvprof=,3.390576, id=,B22, PRDE,actvstrat=,-1.000000, actvprof=,5.325468, id=,B23, PRDE,actvstrat=,-0.528417, actvprof=,3.768387, id=,B24, PRDE,actvstrat=,0.335030, actvprof=,3.709771, id=,B25, PRDE,actvstrat=,0.197451, actvprof=,3.525032, id=,B26, PRDE,actvstrat=,-0.782304, actvprof=,4.813757, id=,B27, PRDE,actvstrat=,-0.872825, actvprof=,5.448257, id=,B28, PRDE,actvstrat=,0.090798, actvprof=,3.538645, id=,B29, PRDE,actvstrat=,-0.131022, actvprof=,3.408355, id=,S00, PRDE,actvstrat=,0.613675, actvprof=,8.474079, id=,S01, PRDE,actvstrat=,1.000000, actvprof=,9.509170, id=,S02, PRDE,actvstrat=,0.089475, actvprof=,6.247494, id=,S03, PRDE,actvstrat=,0.795909, actvprof=,9.308874, id=,S04, PRDE,actvstrat=,0.532289, actvprof=,8.476023, id=,S05, PRDE,actvstrat=,0.931285, actvprof=,9.538895, id=,S06, PRDE,actvstrat=,-0.661025, actvprof=,3.522532, id=,S07, PRDE,actvstrat=,0.283092, actvprof=,7.435098, id=,S08, PRDE,actvstrat=,-0.479375, actvprof=,3.679490, id=,S09, PRDE,actvstrat=,0.125220, actvprof=,6.772262, id=,S10, PRDE,actvstrat=,1.000000, actvprof=,9.336099, id=,S11, PRDE,actvstrat=,-1.000000, actvprof=,8.464911, id=,S12, PRDE,actvstrat=,0.683125, actvprof=,8.655206, id=,S13, PRDE,actvstrat=,0.770611, actvprof=,9.439719, id=,S14, PRDE,actvstrat=,0.356912, actvprof=,7.482325, id=,S15, PRDE,actvstrat=,0.297662, actvprof=,6.820322, id=,S16, PRDE,actvstrat=,-0.180034, actvprof=,4.320380, id=,S17, PRDE,actvstrat=,-0.539867, actvprof=,4.002574, id=,S18, PRDE,actvstrat=,0.078230, actvprof=,6.673087, id=,S19, PRDE,actvstrat=,0.879091, actvprof=,9.454998, id=,S20, PRDE,actvstrat=,-0.601755, actvprof=,4.015353, id=,S21, PRDE,actvstrat=,0.902679, actvprof=,9.381381, id=,S22, PRDE,actvstrat=,-1.000000, actvprof=,8.607979, id=,S23, PRDE,actvstrat=,1.000000, actvprof=,9.359990, id=,S24, PRDE,actvstrat=,0.869569, actvprof=,9.594733, id=,S25, PRDE,actvstrat=,0.516212, actvprof=,8.109880, id=,S26, PRDE,actvstrat=,-0.301670, actvprof=,4.203703, id=,S27, PRDE,actvstrat=,0.888645, actvprof=,9.609179, id=,S28, PRDE,actvstrat=,0.455367, actvprof=,7.884582, id=,S29, PRDE,actvstrat=,1.000000, actvprof=,9.213588, best_B_id=,B27, best_B_prof=,5.448257, best_B_strat=,-0.872825, best_S_id=,S27, best_S_prof=,9.609179, best_S_strat=,0.888645, 
t=,50400, id=,B00, PRDE,actvstrat=,0.630084, actvprof=,3.884763, id=,B01, PRDE,actvstrat=,-0.824485, actvprof=,5.325663, id=,B02, PRDE,actvstrat=,1.000000, actvprof=,2.071485, id=,B03, PRDE,actvstrat=,0.113569, actvprof=,3.735729, id=,B04, PRDE,actvstrat=,0.562507, actvprof=,3.849067, id=,B05, PRDE,actvstrat=,0.523409, actvprof=,3.871151, id=,B06, PRDE,actvstrat=,-0.704137, actvprof=,4.607991, id=,B07, PRDE,actvstrat=,0.171948, actvprof=,3.557942, id=,B08, PRDE,actvstrat=,-0.490198, actvprof=,3.776980, id=,B09, PRDE,actvstrat=,-0.676857, actvprof=,4.410343, id=,B10, PRDE,actvstrat=,-0.285592, actvprof=,3.570860, id=,B11, PRDE,actvstrat=,-0.549240, actvprof=,3.876429, id=,B12, PRDE,actvstrat=,-0.291043, actvprof=,3.482522, id=,B13, PRDE,actvstrat=,0.807951, actvprof=,3.469883, id=,B14, PRDE,actvstrat=,-0.147188, actvprof=,3.461271, id=,B15, PRDE,actvstrat=,-0.246959, actvprof=,3.668781, id=,B16, PRDE,actvstrat=,0.077675, actvprof=,3.435298, id=,B17, PRDE,actvstrat=,-0.951338, actvprof=,5.237604, id=,B18, PRDE,actvstrat=,-0.871588, actvprof=,5.403306, id=,B19, PRDE,actvstrat=,-0.891608, actvprof=,5.359137, id=,B20, PRDE,actvstrat=,0.295886, actvprof=,3.814899, id=,B21, PRDE,actvstrat=,0.799391, actvprof=,3.561832, id=,B22, PRDE,actvstrat=,-1.000000, actvprof=,5.475115, id=,B23, PRDE,actvstrat=,-0.528417, actvprof=,3.910042, id=,B24, PRDE,actvstrat=,0.335030, actvprof=,3.861707, id=,B25, PRDE,actvstrat=,0.197451, actvprof=,3.604056, id=,B26, PRDE,actvstrat=,-0.782304, actvprof=,4.907449, id=,B27, PRDE,actvstrat=,-0.872825, actvprof=,5.473587, id=,B28, PRDE,actvstrat=,0.090798, actvprof=,3.505718, id=,B29, PRDE,actvstrat=,-0.131022, actvprof=,3.493912, id=,S00, PRDE,actvstrat=,0.613675, actvprof=,8.368443, id=,S01, PRDE,actvstrat=,1.000000, actvprof=,9.212232, id=,S02, PRDE,actvstrat=,0.089475, actvprof=,6.205426, id=,S03, PRDE,actvstrat=,0.795909, actvprof=,9.308070, id=,S04, PRDE,actvstrat=,0.532289, actvprof=,8.403167, id=,S05, PRDE,actvstrat=,0.931285, actvprof=,9.522524, id=,S06, PRDE,actvstrat=,-0.661025, actvprof=,3.553220, id=,S07, PRDE,actvstrat=,0.283092, actvprof=,7.249363, id=,S08, PRDE,actvstrat=,-0.479375, actvprof=,4.027131, id=,S09, PRDE,actvstrat=,0.125220, actvprof=,6.544192, id=,S10, PRDE,actvstrat=,1.000000, actvprof=,9.282096, id=,S11, PRDE,actvstrat=,-1.000000, actvprof=,8.579286, id=,S12, PRDE,actvstrat=,0.683125, actvprof=,8.687902, id=,S13, PRDE,actvstrat=,0.770611, actvprof=,9.319459, id=,S14, PRDE,actvstrat=,0.356912, actvprof=,7.463957, id=,S15, PRDE,actvstrat=,0.297662, actvprof=,7.048243, id=,S16, PRDE,actvstrat=,-0.180034, actvprof=,4.312839, id=,S17, PRDE,actvstrat=,-0.539867, actvprof=,3.915598, id=,S18, PRDE,actvstrat=,0.078230, actvprof=,6.373073, id=,S19, PRDE,actvstrat=,0.879091, actvprof=,9.504329, id=,S20, PRDE,actvstrat=,-0.601755, actvprof=,3.923515, id=,S21, PRDE,actvstrat=,0.902679, actvprof=,9.333765, id=,S22, PRDE,actvstrat=,-1.000000, actvprof=,8.581231, id=,S23, PRDE,actvstrat=,1.000000, actvprof=,9.295291, id=,S24, PRDE,actvstrat=,0.869569, actvprof=,9.430298, id=,S25, PRDE,actvstrat=,0.516212, actvprof=,8.167878, id=,S26, PRDE,actvstrat=,-0.301670, actvprof=,4.214223, id=,S27, PRDE,actvstrat=,0.888645, actvprof=,9.386268, id=,S28, PRDE,actvstrat=,0.455367, actvprof=,7.706051, id=,S29, PRDE,actvstrat=,1.000000, actvprof=,9.010278, best_B_id=,B22, best_B_prof=,5.475115, best_B_strat=,-1.000000, best_S_id=,S05, best_S_prof=,9.522524, best_S_strat=,0.931285, 
t=,54000, id=,B00, PRDE,actvstrat=,-1.000000, actvprof=,3.096398, id=,B01, PRDE,actvstrat=,1.000000, actvprof=,1.513196, id=,B02, PRDE,actvstrat=,-1.000000, actvprof=,3.121956, id=,B03, PRDE,actvstrat=,-1.000000, actvprof=,3.135568, id=,B04, PRDE,actvstrat=,0.202738, actvprof=,2.025465, id=,B05, PRDE,actvstrat=,-1.000000, actvprof=,3.106399, id=,B06, PRDE,actvstrat=,-0.172773, actvprof=,1.836281, id=,B07, PRDE,actvstrat=,-1.000000, actvprof=,3.191962, id=,B08, PRDE,actvstrat=,0.865698, actvprof=,2.381054, id=,B09, PRDE,actvstrat=,-0.889790, actvprof=,3.019446, id=,B10, PRDE,actvstrat=,-0.120669, actvprof=,1.721270, id=,B11, PRDE,actvstrat=,-0.539407, actvprof=,1.931012, id=,B12, PRDE,actvstrat=,-0.217201, actvprof=,1.779887, id=,B13, PRDE,actvstrat=,0.129121, actvprof=,1.720993, id=,B14, PRDE,actvstrat=,0.157076, actvprof=,2.125197, id=,B15, PRDE,actvstrat=,-0.392966, actvprof=,1.521530, id=,B16, PRDE,actvstrat=,-0.545215, actvprof=,1.841559, id=,B17, PRDE,actvstrat=,-1.000000, actvprof=,3.100287, id=,B18, PRDE,actvstrat=,1.000000, actvprof=,1.391240, id=,B19, PRDE,actvstrat=,-1.000000, actvprof=,3.047782, id=,B20, PRDE,actvstrat=,0.721326, actvprof=,2.488842, id=,B21, PRDE,actvstrat=,0.866737, actvprof=,2.326327, id=,B22, PRDE,actvstrat=,-1.000000, actvprof=,2.946106, id=,B23, PRDE,actvstrat=,-0.041845, actvprof=,1.816279, id=,B24, PRDE,actvstrat=,1.000000, actvprof=,1.532364, id=,B25, PRDE,actvstrat=,-0.847962, actvprof=,2.590795, id=,B26, PRDE,actvstrat=,0.884752, actvprof=,2.230762, id=,B27, PRDE,actvstrat=,-1.000000, actvprof=,3.078341, id=,B28, PRDE,actvstrat=,-0.667560, actvprof=,2.063524, id=,B29, PRDE,actvstrat=,-0.217910, actvprof=,1.749051, id=,S00, PRDE,actvstrat=,0.286320, actvprof=,8.729419, id=,S01, PRDE,actvstrat=,0.097676, actvprof=,7.970738, id=,S02, PRDE,actvstrat=,-1.000000, actvprof=,10.577646, id=,S03, PRDE,actvstrat=,-0.841887, actvprof=,2.625799, id=,S04, PRDE,actvstrat=,0.532289, actvprof=,9.969256, id=,S05, PRDE,actvstrat=,0.271908, actvprof=,8.513288, id=,S06, PRDE,actvstrat=,1.000000, actvprof=,11.433559, id=,S07, PRDE,actvstrat=,0.283092, actvprof=,8.274933, id=,S08, PRDE,actvstrat=,1.000000, actvprof=,11.474951, id=,S09, PRDE,actvstrat=,0.130963, actvprof=,7.526530, id=,S10, PRDE,actvstrat=,-0.981788, actvprof=,5.453283, id=,S11, PRDE,actvstrat=,-1.000000, actvprof=,10.898231, id=,S12, PRDE,actvstrat=,0.683125, actvprof=,10.503473, id=,S13, PRDE,actvstrat=,-0.186243, actvprof=,5.931383, id=,S14, PRDE,actvstrat=,0.356912, actvprof=,9.169738, id=,S15, PRDE,actvstrat=,1.000000, actvprof=,11.295768, id=,S16, PRDE,actvstrat=,-0.180034, actvprof=,5.857487, id=,S17, PRDE,actvstrat=,-1.000000, actvprof=,10.280952, id=,S18, PRDE,actvstrat=,0.312779, actvprof=,8.357163, id=,S19, PRDE,actvstrat=,0.530716, actvprof=,9.900083, id=,S20, PRDE,actvstrat=,-0.187220, actvprof=,5.543013, id=,S21, PRDE,actvstrat=,-1.000000, actvprof=,10.351236, id=,S22, PRDE,actvstrat=,0.364893, actvprof=,9.334475, id=,S23, PRDE,actvstrat=,1.000000, actvprof=,11.346606, id=,S24, PRDE,actvstrat=,-0.928534, actvprof=,2.164367, id=,S25, PRDE,actvstrat=,-0.820890, actvprof=,3.383091, id=,S26, PRDE,actvstrat=,-0.298284, actvprof=,5.336605, id=,S27, PRDE,actvstrat=,0.520167, actvprof=,9.764793, id=,S28, PRDE,actvstrat=,0.045995, actvprof=,7.692935, id=,S29, PRDE,actvstrat=,1.000000, actvprof=,11.293546, best_B_id=,B07, best_B_prof=,3.191962, best_B_strat=,-1.000000, best_S_id=,S08, best_S_prof=,11.474951, best_S_strat=,1.000000, 
t=,57600, id=,B00, PRDE,actvstrat=,-1.000000, actvprof=,3.034175, id=,B01, PRDE,actvstrat=,1.000000, actvprof=,1.487017, id=,B02, PRDE,actvstrat=,-1.000000, actvprof=,2.911669, id=,B03, PRDE,actvstrat=,-1.000000, actvprof=,3.002646, id=,B04, PRDE,actvstrat=,0.202738, actvprof=,1.966346, id=,B05, PRDE,actvstrat=,-1.000000, actvprof=,3.021119, id=,B06, PRDE,actvstrat=,-0.172773, actvprof=,1.731890, id=,B07, PRDE,actvstrat=,-1.000000, actvprof=,3.072788, id=,B08, PRDE,actvstrat=,0.865698, actvprof=,2.291084, id=,B09, PRDE,actvstrat=,-0.889790, actvprof=,2.966672, id=,B10, PRDE,actvstrat=,-0.120669, actvprof=,1.684943, id=,B11, PRDE,actvstrat=,-0.539407, actvprof=,1.829672, id=,B12, PRDE,actvstrat=,-0.217201, actvprof=,1.669248, id=,B13, PRDE,actvstrat=,0.129121, actvprof=,1.797032, id=,B14, PRDE,actvstrat=,0.157076, actvprof=,1.969957, id=,B15, PRDE,actvstrat=,-0.392966, actvprof=,1.423819, id=,B16, PRDE,actvstrat=,-0.545215, actvprof=,1.685360, id=,B17, PRDE,actvstrat=,-1.000000, actvprof=,3.056260, id=,B18, PRDE,actvstrat=,1.000000, actvprof=,1.360483, id=,B19, PRDE,actvstrat=,-1.000000, actvprof=,2.980700, id=,B20, PRDE,actvstrat=,0.721326, actvprof=,2.421368, id=,B21, PRDE,actvstrat=,0.866737, actvprof=,2.223997, id=,B22, PRDE,actvstrat=,-1.000000, actvprof=,2.968061, id=,B23, PRDE,actvstrat=,-0.041845, actvprof=,1.754669, id=,B24, PRDE,actvstrat=,1.000000, actvprof=,1.492989, id=,B25, PRDE,actvstrat=,-0.847962, actvprof=,2.653046, id=,B26, PRDE,actvstrat=,0.884752, actvprof=,2.191079, id=,B27, PRDE,actvstrat=,-1.000000, actvprof=,2.915419, id=,B28, PRDE,actvstrat=,-0.667560, actvprof=,2.003014, id=,B29, PRDE,actvstrat=,-0.217910, actvprof=,1.546186, id=,S00, PRDE,actvstrat=,0.286320, actvprof=,8.755009, id=,S01, PRDE,actvstrat=,0.097676, actvprof=,7.867327, id=,S02, PRDE,actvstrat=,-1.000000, actvprof=,10.413423, id=,S03, PRDE,actvstrat=,-0.841887, actvprof=,2.770274, id=,S04, PRDE,actvstrat=,0.532289, actvprof=,10.087296, id=,S05, PRDE,actvstrat=,0.271908, actvprof=,8.485412, id=,S06, PRDE,actvstrat=,1.000000, actvprof=,11.461390, id=,S07, PRDE,actvstrat=,0.283092, actvprof=,8.626947, id=,S08, PRDE,actvstrat=,1.000000, actvprof=,11.436945, id=,S09, PRDE,actvstrat=,0.130963, actvprof=,7.576896, id=,S10, PRDE,actvstrat=,-0.981788, actvprof=,5.249700, id=,S11, PRDE,actvstrat=,-1.000000, actvprof=,10.567736, id=,S12, PRDE,actvstrat=,0.683125, actvprof=,10.668019, id=,S13, PRDE,actvstrat=,-0.186243, actvprof=,5.991680, id=,S14, PRDE,actvstrat=,0.356912, actvprof=,9.332815, id=,S15, PRDE,actvstrat=,1.000000, actvprof=,11.406249, id=,S16, PRDE,actvstrat=,-0.180034, actvprof=,5.988624, id=,S17, PRDE,actvstrat=,-1.000000, actvprof=,10.278139, id=,S18, PRDE,actvstrat=,0.312779, actvprof=,8.488329, id=,S19, PRDE,actvstrat=,0.530716, actvprof=,9.955206, id=,S20, PRDE,actvstrat=,-0.187220, actvprof=,5.576243, id=,S21, PRDE,actvstrat=,-1.000000, actvprof=,10.470231, id=,S22, PRDE,actvstrat=,0.364893, actvprof=,9.101692, id=,S23, PRDE,actvstrat=,1.000000, actvprof=,11.548200, id=,S24, PRDE,actvstrat=,-0.928534, actvprof=,2.282750, id=,S25, PRDE,actvstrat=,-0.820890, actvprof=,3.130986, id=,S26, PRDE,actvstrat=,-0.298284, actvprof=,5.272062, id=,S27, PRDE,actvstrat=,0.520167, actvprof=,9.668526, id=,S28, PRDE,actvstrat=,0.045995, actvprof=,7.773156, id=,S29, PRDE,actvstrat=,1.000000, actvprof=,11.338190, best_B_id=,B07, best_B_prof=,3.072788, best_B_strat=,-1.000000, best_S_id=,S23, best_S_prof=,11.548200, best_S_strat=,1.000000, 
t=,61200, id=,B00, PRDE,actvstrat=,-0.248453, actvprof=,2.754434, id=,B01, PRDE,actvstrat=,-0.339897, actvprof=,2.426625, id=,B02, PRDE,actvstrat=,-0.590966, actvprof=,2.995847, id=,B03, PRDE,actvstrat=,0.340262, actvprof=,2.904449, id=,B04, PRDE,actvstrat=,-0.942490, actvprof=,4.162627, id=,B05, PRDE,actvstrat=,0.235205, actvprof=,2.777214, id=,B06, PRDE,actvstrat=,-0.704137, actvprof=,3.393385, id=,B07, PRDE,actvstrat=,1.000000, actvprof=,1.417916, id=,B08, PRDE,actvstrat=,0.246978, actvprof=,2.858889, id=,B09, PRDE,actvstrat=,-1.000000, actvprof=,3.787590, id=,B10, PRDE,actvstrat=,-0.138522, actvprof=,2.677760, id=,B11, PRDE,actvstrat=,0.606041, actvprof=,2.996125, id=,B12, PRDE,actvstrat=,0.315934, actvprof=,3.020849, id=,B13, PRDE,actvstrat=,-1.000000, actvprof=,3.911491, id=,B14, PRDE,actvstrat=,0.204148, actvprof=,2.754712, id=,B15, PRDE,actvstrat=,0.050450, actvprof=,2.623588, id=,B16, PRDE,actvstrat=,0.077675, actvprof=,2.652202, id=,B17, PRDE,actvstrat=,-1.000000, actvprof=,4.116789, id=,B18, PRDE,actvstrat=,1.000000, actvprof=,1.466531, id=,B19, PRDE,actvstrat=,-1.000000, actvprof=,3.954829, id=,B20, PRDE,actvstrat=,0.821929, actvprof=,2.830553, id=,B21, PRDE,actvstrat=,-0.270462, actvprof=,2.516356, id=,B22, PRDE,actvstrat=,0.852183, actvprof=,2.669148, id=,B23, PRDE,actvstrat=,-0.528417, actvprof=,2.743878, id=,B24, PRDE,actvstrat=,0.928218, actvprof=,2.004362, id=,B25, PRDE,actvstrat=,-0.858934, actvprof=,4.388482, id=,B26, PRDE,actvstrat=,0.499637, actvprof=,3.228092, id=,B27, PRDE,actvstrat=,-0.753451, actvprof=,3.980387, id=,B28, PRDE,actvstrat=,-0.358720, actvprof=,2.678038, id=,B29, PRDE,actvstrat=,-0.588327, actvprof=,3.043907, id=,S00, PRDE,actvstrat=,-0.101502, actvprof=,6.152820, id=,S01, PRDE,actvstrat=,1.000000, actvprof=,10.392677, id=,S02, PRDE,actvstrat=,-0.511731, actvprof=,5.162724, id=,S03, PRDE,actvstrat=,-0.066089, actvprof=,6.672038, id=,S04, PRDE,actvstrat=,0.532289, actvprof=,9.644549, id=,S05, PRDE,actvstrat=,1.000000, actvprof=,10.538525, id=,S06, PRDE,actvstrat=,1.000000, actvprof=,10.549081, id=,S07, PRDE,actvstrat=,0.283092, actvprof=,8.088009, id=,S08, PRDE,actvstrat=,0.042473, actvprof=,7.115414, id=,S09, PRDE,actvstrat=,-0.676880, actvprof=,4.245135, id=,S10, PRDE,actvstrat=,-0.981788, actvprof=,5.842512, id=,S11, PRDE,actvstrat=,-1.000000, actvprof=,8.861695, id=,S12, PRDE,actvstrat=,0.790407, actvprof=,10.430459, id=,S13, PRDE,actvstrat=,0.205297, actvprof=,7.958829, id=,S14, PRDE,actvstrat=,0.718370, actvprof=,10.190991, id=,S15, PRDE,actvstrat=,0.977987, actvprof=,10.343228, id=,S16, PRDE,actvstrat=,-0.672634, actvprof=,4.564610, id=,S17, PRDE,actvstrat=,-0.470615, actvprof=,4.654897, id=,S18, PRDE,actvstrat=,0.892635, actvprof=,10.443238, id=,S19, PRDE,actvstrat=,0.690493, actvprof=,10.257942, id=,S20, PRDE,actvstrat=,0.914657, actvprof=,10.671593, id=,S21, PRDE,actvstrat=,-0.096041, actvprof=,6.697040, id=,S22, PRDE,actvstrat=,-0.042681, actvprof=,6.788716, id=,S23, PRDE,actvstrat=,-0.570583, actvprof=,4.863251, id=,S24, PRDE,actvstrat=,0.933071, actvprof=,10.653536, id=,S25, PRDE,actvstrat=,0.516212, actvprof=,8.712236, id=,S26, PRDE,actvstrat=,-0.298284, actvprof=,5.025489, id=,S27, PRDE,actvstrat=,0.769701, actvprof=,10.486297, id=,S28, PRDE,actvstrat=,-0.326288, actvprof=,5.079938, id=,S29, PRDE,actvstrat=,0.671727, actvprof=,9.585376, best_B_id=,B25, best_B_prof=,4.388482, best_B_strat=,-0.858934, best_S_id=,S20, best_S_prof=,10.671593, best_S_strat=,0.914657, 
t=,64800, id=,B00, PRDE,actvstrat=,-0.248453, actvprof=,2.479287, id=,B01, PRDE,actvstrat=,-0.339897, actvprof=,2.449425, id=,B02, PRDE,actvstrat=,-0.590966, actvprof=,3.099178, id=,B03, PRDE,actvstrat=,0.340262, actvprof=,2.866945, id=,B04, PRDE,actvstrat=,-0.942490, actvprof=,4.108950, id=,B05, PRDE,actvstrat=,0.235205, actvprof=,2.724994, id=,B06, PRDE,actvstrat=,-0.704137, actvprof=,3.289604, id=,B07, PRDE,actvstrat=,1.000000, actvprof=,1.434375, id=,B08, PRDE,actvstrat=,0.246978, actvprof=,2.833054, id=,B09, PRDE,actvstrat=,-1.000000, actvprof=,3.773517, id=,B10, PRDE,actvstrat=,-0.138522, actvprof=,2.535123, id=,B11, PRDE,actvstrat=,0.606041, actvprof=,2.995701, id=,B12, PRDE,actvstrat=,0.315934, actvprof=,2.946115, id=,B13, PRDE,actvstrat=,-1.000000, actvprof=,3.816991, id=,B14, PRDE,actvstrat=,0.204148, actvprof=,2.658185, id=,B15, PRDE,actvstrat=,0.050450, actvprof=,2.639295, id=,B16, PRDE,actvstrat=,0.077675, actvprof=,2.607488, id=,B17, PRDE,actvstrat=,-1.000000, actvprof=,3.985749, id=,B18, PRDE,actvstrat=,1.000000, actvprof=,1.419652, id=,B19, PRDE,actvstrat=,-1.000000, actvprof=,3.827547, id=,B20, PRDE,actvstrat=,0.821929, actvprof=,2.822498, id=,B21, PRDE,actvstrat=,-0.270462, actvprof=,2.472342, id=,B22, PRDE,actvstrat=,0.852183, actvprof=,2.681658, id=,B23, PRDE,actvstrat=,-0.528417, actvprof=,2.754578, id=,B24, PRDE,actvstrat=,0.928218, actvprof=,2.001764, id=,B25, PRDE,actvstrat=,-0.858934, actvprof=,4.248818, id=,B26, PRDE,actvstrat=,0.499637, actvprof=,3.195433, id=,B27, PRDE,actvstrat=,-0.753451, actvprof=,3.891300, id=,B28, PRDE,actvstrat=,-0.358720, actvprof=,2.604015, id=,B29, PRDE,actvstrat=,-0.588327, actvprof=,3.057232, id=,S00, PRDE,actvstrat=,-0.101502, actvprof=,6.352948, id=,S01, PRDE,actvstrat=,1.000000, actvprof=,10.584681, id=,S02, PRDE,actvstrat=,-0.511731, actvprof=,4.970381, id=,S03, PRDE,actvstrat=,-0.066089, actvprof=,6.649351, id=,S04, PRDE,actvstrat=,0.532289, actvprof=,9.471572, id=,S05, PRDE,actvstrat=,1.000000, actvprof=,10.568569, id=,S06, PRDE,actvstrat=,1.000000, actvprof=,10.601765, id=,S07, PRDE,actvstrat=,0.283092, actvprof=,8.231233, id=,S08, PRDE,actvstrat=,0.042473, actvprof=,7.202295, id=,S09, PRDE,actvstrat=,-0.676880, actvprof=,4.317571, id=,S10, PRDE,actvstrat=,-0.981788, actvprof=,5.674026, id=,S11, PRDE,actvstrat=,-1.000000, actvprof=,8.761120, id=,S12, PRDE,actvstrat=,0.790407, actvprof=,10.447036, id=,S13, PRDE,actvstrat=,0.205297, actvprof=,7.895523, id=,S14, PRDE,actvstrat=,0.718370, actvprof=,10.258415, id=,S15, PRDE,actvstrat=,0.977987, actvprof=,10.565097, id=,S16, PRDE,actvstrat=,-0.672634, actvprof=,4.508275, id=,S17, PRDE,actvstrat=,-0.470615, actvprof=,4.620086, id=,S18, PRDE,actvstrat=,0.892635, actvprof=,10.575097, id=,S19, PRDE,actvstrat=,0.690493, actvprof=,10.289250, id=,S20, PRDE,actvstrat=,0.914657, actvprof=,10.864000, id=,S21, PRDE,actvstrat=,-0.096041, actvprof=,6.434896, id=,S22, PRDE,actvstrat=,-0.042681, actvprof=,6.813248, id=,S23, PRDE,actvstrat=,-0.570583, actvprof=,4.852041, id=,S24, PRDE,actvstrat=,0.933071, actvprof=,10.700937, id=,S25, PRDE,actvstrat=,0.516212, actvprof=,9.021133, id=,S26, PRDE,actvstrat=,-0.298284, actvprof=,5.257756, id=,S27, PRDE,actvstrat=,0.769701, actvprof=,10.530790, id=,S28, PRDE,actvstrat=,-0.326288, actvprof=,5.029828, id=,S29, PRDE,actvstrat=,0.671727, actvprof=,10.035210, best_B_id=,B25, best_B_prof=,4.248818, best_B_strat=,-0.858934, best_S_id=,S20, best_S_prof=,10.864000, best_S_strat=,0.914657, 
t=,68400, id=,B00, PRDE,actvstrat=,-1.000000, actvprof=,3.699458, id=,B01, PRDE,actvstrat=,-1.000000, actvprof=,3.781964, id=,B02, PRDE,actvstrat=,-1.000000, actvprof=,3.648620, id=,B03, PRDE,actvstrat=,-0.474527, actvprof=,2.233509, id=,B04, PRDE,actvstrat=,1.000000, actvprof=,1.257321, id=,B05, PRDE,actvstrat=,-1.000000, actvprof=,3.812800, id=,B06, PRDE,actvstrat=,-0.704137, actvprof=,2.800776, id=,B07, PRDE,actvstrat=,-1.000000, actvprof=,3.546946, id=,B08, PRDE,actvstrat=,1.000000, actvprof=,1.464838, id=,B09, PRDE,actvstrat=,-1.000000, actvprof=,3.592505, id=,B10, PRDE,actvstrat=,-0.267738, actvprof=,2.322683, id=,B11, PRDE,actvstrat=,0.699194, actvprof=,2.578814, id=,B12, PRDE,actvstrat=,-0.898020, actvprof=,3.668622, id=,B13, PRDE,actvstrat=,0.396639, actvprof=,2.767440, id=,B14, PRDE,actvstrat=,-0.107723, actvprof=,2.136279, id=,B15, PRDE,actvstrat=,-0.009032, actvprof=,2.085164, id=,B16, PRDE,actvstrat=,0.077675, actvprof=,2.106277, id=,B17, PRDE,actvstrat=,-1.000000, actvprof=,3.843636, id=,B18, PRDE,actvstrat=,-0.835771, actvprof=,3.492775, id=,B19, PRDE,actvstrat=,-1.000000, actvprof=,3.724460, id=,B20, PRDE,actvstrat=,0.532242, actvprof=,2.628818, id=,B21, PRDE,actvstrat=,-0.203116, actvprof=,2.106832, id=,B22, PRDE,actvstrat=,-0.175263, actvprof=,2.177949, id=,B23, PRDE,actvstrat=,-0.041845, actvprof=,2.234898, id=,B24, PRDE,actvstrat=,-0.558020, actvprof=,2.364353, id=,B25, PRDE,actvstrat=,-0.805801, actvprof=,3.300538, id=,B26, PRDE,actvstrat=,-1.000000, actvprof=,3.696124, id=,B27, PRDE,actvstrat=,0.637249, actvprof=,2.812721, id=,B28, PRDE,actvstrat=,0.247966, actvprof=,2.605761, id=,B29, PRDE,actvstrat=,-0.501439, actvprof=,2.280457, id=,S00, PRDE,actvstrat=,1.000000, actvprof=,10.909470, id=,S01, PRDE,actvstrat=,0.827502, actvprof=,10.620280, id=,S02, PRDE,actvstrat=,-0.398794, actvprof=,4.679813, id=,S03, PRDE,actvstrat=,-0.066089, actvprof=,6.244103, id=,S04, PRDE,actvstrat=,0.704899, actvprof=,10.269142, id=,S05, PRDE,actvstrat=,0.632705, actvprof=,9.733266, id=,S06, PRDE,actvstrat=,-0.661025, actvprof=,4.367288, id=,S07, PRDE,actvstrat=,1.000000, actvprof=,10.418876, id=,S08, PRDE,actvstrat=,1.000000, actvprof=,10.889746, id=,S09, PRDE,actvstrat=,0.685661, actvprof=,10.328035, id=,S10, PRDE,actvstrat=,0.103670, actvprof=,7.358635, id=,S11, PRDE,actvstrat=,-0.232167, actvprof=,5.167907, id=,S12, PRDE,actvstrat=,0.653551, actvprof=,10.028567, id=,S13, PRDE,actvstrat=,-0.650010, actvprof=,4.233944, id=,S14, PRDE,actvstrat=,0.692877, actvprof=,10.005510, id=,S15, PRDE,actvstrat=,-0.189198, actvprof=,5.782400, id=,S16, PRDE,actvstrat=,-0.375696, actvprof=,4.801211, id=,S17, PRDE,actvstrat=,-0.870977, actvprof=,2.150447, id=,S18, PRDE,actvstrat=,-0.208440, actvprof=,5.058176, id=,S19, PRDE,actvstrat=,-0.253289, actvprof=,4.930666, id=,S20, PRDE,actvstrat=,0.541576, actvprof=,9.472690, id=,S21, PRDE,actvstrat=,-1.000000, actvprof=,8.318710, id=,S22, PRDE,actvstrat=,0.899489, actvprof=,10.946695, id=,S23, PRDE,actvstrat=,0.280499, actvprof=,8.093415, id=,S24, PRDE,actvstrat=,1.000000, actvprof=,10.618614, id=,S25, PRDE,actvstrat=,0.452192, actvprof=,9.162110, id=,S26, PRDE,actvstrat=,0.096434, actvprof=,7.828394, id=,S27, PRDE,actvstrat=,1.000000, actvprof=,10.550275, id=,S28, PRDE,actvstrat=,-0.124887, actvprof=,6.167430, id=,S29, PRDE,actvstrat=,1.000000, actvprof=,10.871967, best_B_id=,B17, best_B_prof=,3.843636, best_B_strat=,-1.000000, best_S_id=,S22, best_S_prof=,10.946695, best_S_strat=,0.899489, 
t=,72000, id=,B00, PRDE,actvstrat=,-1.000000, actvprof=,3.790149, id=,B01, PRDE,actvstrat=,-1.000000, actvprof=,3.762926, id=,B02, PRDE,actvstrat=,-1.000000, actvprof=,3.631115, id=,B03, PRDE,actvstrat=,-0.474527, actvprof=,2.211337, id=,B04, PRDE,actvstrat=,1.000000, actvprof=,1.324219, id=,B05, PRDE,actvstrat=,-1.000000, actvprof=,3.851818, id=,B06, PRDE,actvstrat=,-0.704137, actvprof=,2.762748, id=,B07, PRDE,actvstrat=,-1.000000, actvprof=,3.621393, id=,B08, PRDE,actvstrat=,1.000000, actvprof=,1.410055, id=,B09, PRDE,actvstrat=,-1.000000, actvprof=,3.592919, id=,B10, PRDE,actvstrat=,-0.267738, actvprof=,2.205087, id=,B11, PRDE,actvstrat=,0.699194, actvprof=,2.690800, id=,B12, PRDE,actvstrat=,-0.898020, actvprof=,3.728202, id=,B13, PRDE,actvstrat=,0.396639, actvprof=,2.720802, id=,B14, PRDE,actvstrat=,-0.107723, actvprof=,2.157724, id=,B15, PRDE,actvstrat=,-0.009032, actvprof=,2.094666, id=,B16, PRDE,actvstrat=,0.077675, actvprof=,2.132445, id=,B17, PRDE,actvstrat=,-1.000000, actvprof=,3.732091, id=,B18, PRDE,actvstrat=,-0.835771, actvprof=,3.484304, id=,B19, PRDE,actvstrat=,-1.000000, actvprof=,3.783204, id=,B20, PRDE,actvstrat=,0.532242, actvprof=,2.640382, id=,B21, PRDE,actvstrat=,-0.203116, actvprof=,2.165363, id=,B22, PRDE,actvstrat=,-0.175263, actvprof=,2.133139, id=,B23, PRDE,actvstrat=,-0.041845, actvprof=,2.209392, id=,B24, PRDE,actvstrat=,-0.558020, actvprof=,2.333981, id=,B25, PRDE,actvstrat=,-0.805801, actvprof=,3.457358, id=,B26, PRDE,actvstrat=,-1.000000, actvprof=,3.683062, id=,B27, PRDE,actvstrat=,0.637249, actvprof=,2.793165, id=,B28, PRDE,actvstrat=,0.247966, actvprof=,2.576351, id=,B29, PRDE,actvstrat=,-0.501439, actvprof=,2.333703, id=,S00, PRDE,actvstrat=,1.000000, actvprof=,10.722505, id=,S01, PRDE,actvstrat=,0.827502, actvprof=,10.580833, id=,S02, PRDE,actvstrat=,-0.398794, actvprof=,4.569346, id=,S03, PRDE,actvstrat=,-0.066089, actvprof=,6.322888, id=,S04, PRDE,actvstrat=,0.704899, actvprof=,10.259432, id=,S05, PRDE,actvstrat=,0.632705, actvprof=,9.804275, id=,S06, PRDE,actvstrat=,-0.661025, actvprof=,4.450036, id=,S07, PRDE,actvstrat=,1.000000, actvprof=,10.556943, id=,S08, PRDE,actvstrat=,1.000000, actvprof=,10.787925, id=,S09, PRDE,actvstrat=,0.685661, actvprof=,10.350407, id=,S10, PRDE,actvstrat=,0.103670, actvprof=,7.390291, id=,S11, PRDE,actvstrat=,-0.232167, actvprof=,5.253401, id=,S12, PRDE,actvstrat=,0.653551, actvprof=,9.976920, id=,S13, PRDE,actvstrat=,-0.650010, actvprof=,4.355310, id=,S14, PRDE,actvstrat=,0.692877, actvprof=,10.098314, id=,S15, PRDE,actvstrat=,-0.189198, actvprof=,5.797728, id=,S16, PRDE,actvstrat=,-0.375696, actvprof=,4.776160, id=,S17, PRDE,actvstrat=,-0.870977, actvprof=,2.199670, id=,S18, PRDE,actvstrat=,-0.208440, actvprof=,5.226317, id=,S19, PRDE,actvstrat=,-0.253289, actvprof=,4.959084, id=,S20, PRDE,actvstrat=,0.541576, actvprof=,9.478567, id=,S21, PRDE,actvstrat=,-1.000000, actvprof=,8.381858, id=,S22, PRDE,actvstrat=,0.899489, actvprof=,10.884734, id=,S23, PRDE,actvstrat=,0.280499, actvprof=,8.117403, id=,S24, PRDE,actvstrat=,1.000000, actvprof=,10.727505, id=,S25, PRDE,actvstrat=,0.452192, actvprof=,8.964242, id=,S26, PRDE,actvstrat=,0.096434, actvprof=,7.537658, id=,S27, PRDE,actvstrat=,1.000000, actvprof=,10.568749, id=,S28, PRDE,actvstrat=,-0.124887, actvprof=,6.184132, id=,S29, PRDE,actvstrat=,1.000000, actvprof=,10.927374, best_B_id=,B05, best_B_prof=,3.851818, best_B_strat=,-1.000000, best_S_id=,S29, best_S_prof=,10.927374, best_S_strat=,1.000000, 
t=,75600, id=,B00, PRDE,actvstrat=,-0.856921, actvprof=,4.734649, id=,B01, PRDE,actvstrat=,-1.000000, actvprof=,4.972173, id=,B02, PRDE,actvstrat=,-1.000000, actvprof=,5.022734, id=,B03, PRDE,actvstrat=,-1.000000, actvprof=,4.772431, id=,B04, PRDE,actvstrat=,0.438573, actvprof=,3.783997, id=,B05, PRDE,actvstrat=,-1.000000, actvprof=,4.901888, id=,B06, PRDE,actvstrat=,-0.302315, actvprof=,3.271722, id=,B07, PRDE,actvstrat=,-1.000000, actvprof=,5.124966, id=,B08, PRDE,actvstrat=,0.246978, actvprof=,3.630648, id=,B09, PRDE,actvstrat=,-0.889790, actvprof=,5.008288, id=,B10, PRDE,actvstrat=,-0.285592, actvprof=,3.350619, id=,B11, PRDE,actvstrat=,0.699194, actvprof=,3.723435, id=,B12, PRDE,actvstrat=,0.354798, actvprof=,3.866505, id=,B13, PRDE,actvstrat=,-0.264927, actvprof=,3.282001, id=,B14, PRDE,actvstrat=,0.004944, actvprof=,3.235607, id=,B15, PRDE,actvstrat=,-0.246959, actvprof=,3.265888, id=,B16, PRDE,actvstrat=,0.077675, actvprof=,3.135875, id=,B17, PRDE,actvstrat=,-0.724021, actvprof=,4.271824, id=,B18, PRDE,actvstrat=,1.000000, actvprof=,2.211614, id=,B19, PRDE,actvstrat=,-0.752351, actvprof=,4.454065, id=,B20, PRDE,actvstrat=,0.532242, actvprof=,3.687598, id=,B21, PRDE,actvstrat=,0.866737, actvprof=,3.324505, id=,B22, PRDE,actvstrat=,-1.000000, actvprof=,4.798544, id=,B23, PRDE,actvstrat=,-0.419449, actvprof=,3.226718, id=,B24, PRDE,actvstrat=,0.335030, actvprof=,3.451463, id=,B25, PRDE,actvstrat=,-0.847962, actvprof=,5.065238, id=,B26, PRDE,actvstrat=,1.000000, actvprof=,2.325237, id=,B27, PRDE,actvstrat=,-1.000000, actvprof=,4.810490, id=,B28, PRDE,actvstrat=,-0.667560, actvprof=,4.055135, id=,B29, PRDE,actvstrat=,-0.501439, actvprof=,3.650650, id=,S00, PRDE,actvstrat=,0.515222, actvprof=,8.354184, id=,S01, PRDE,actvstrat=,-0.724980, actvprof=,3.523970, id=,S02, PRDE,actvstrat=,0.336095, actvprof=,7.031827, id=,S03, PRDE,actvstrat=,0.795909, actvprof=,9.430127, id=,S04, PRDE,actvstrat=,0.171020, actvprof=,6.640399, id=,S05, PRDE,actvstrat=,0.632705, actvprof=,8.566428, id=,S06, PRDE,actvstrat=,0.488692, actvprof=,7.979979, id=,S07, PRDE,actvstrat=,0.751068, actvprof=,9.494856, id=,S08, PRDE,actvstrat=,1.000000, actvprof=,9.388734, id=,S09, PRDE,actvstrat=,0.153938, actvprof=,6.587893, id=,S10, PRDE,actvstrat=,0.838910, actvprof=,9.778218, id=,S11, PRDE,actvstrat=,-0.765558, actvprof=,2.827788, id=,S12, PRDE,actvstrat=,0.653551, actvprof=,9.166489, id=,S13, PRDE,actvstrat=,-0.186243, actvprof=,4.712147, id=,S14, PRDE,actvstrat=,0.236156, actvprof=,6.953208, id=,S15, PRDE,actvstrat=,1.000000, actvprof=,9.100927, id=,S16, PRDE,actvstrat=,0.567478, actvprof=,8.503922, id=,S17, PRDE,actvstrat=,-1.000000, actvprof=,8.608655, id=,S18, PRDE,actvstrat=,0.208535, actvprof=,6.719295, id=,S19, PRDE,actvstrat=,0.169066, actvprof=,6.755688, id=,S20, PRDE,actvstrat=,0.541576, actvprof=,8.490031, id=,S21, PRDE,actvstrat=,-1.000000, actvprof=,8.743668, id=,S22, PRDE,actvstrat=,1.000000, actvprof=,9.690987, id=,S23, PRDE,actvstrat=,0.280499, actvprof=,6.733464, id=,S24, PRDE,actvstrat=,0.869569, actvprof=,9.564863, id=,S25, PRDE,actvstrat=,0.452192, actvprof=,7.526600, id=,S26, PRDE,actvstrat=,0.065958, actvprof=,6.202576, id=,S27, PRDE,actvstrat=,1.000000, actvprof=,9.392068, id=,S28, PRDE,actvstrat=,0.733718, actvprof=,8.990082, id=,S29, PRDE,actvstrat=,1.000000, actvprof=,9.538194, best_B_id=,B07, best_B_prof=,5.124966, best_B_strat=,-1.000000, best_S_id=,S10, best_S_prof=,9.778218, best_S_strat=,0.838910, 
t=,79200, id=,B00, PRDE,actvstrat=,-0.856921, actvprof=,4.916523, id=,B01, PRDE,actvstrat=,-1.000000, actvprof=,4.964165, id=,B02, PRDE,actvstrat=,-1.000000, actvprof=,4.985833, id=,B03, PRDE,actvstrat=,-1.000000, actvprof=,4.908745, id=,B04, PRDE,actvstrat=,0.438573, actvprof=,3.790211, id=,B05, PRDE,actvstrat=,-1.000000, actvprof=,4.880549, id=,B06, PRDE,actvstrat=,-0.302315, actvprof=,3.258237, id=,B07, PRDE,actvstrat=,-1.000000, actvprof=,5.135285, id=,B08, PRDE,actvstrat=,0.246978, actvprof=,3.537419, id=,B09, PRDE,actvstrat=,-0.889790, actvprof=,4.989861, id=,B10, PRDE,actvstrat=,-0.285592, actvprof=,3.289211, id=,B11, PRDE,actvstrat=,0.699194, actvprof=,3.728540, id=,B12, PRDE,actvstrat=,0.354798, actvprof=,3.786599, id=,B13, PRDE,actvstrat=,-0.264927, actvprof=,3.294627, id=,B14, PRDE,actvstrat=,0.004944, actvprof=,3.293239, id=,B15, PRDE,actvstrat=,-0.246959, actvprof=,3.182538, id=,B16, PRDE,actvstrat=,0.077675, actvprof=,3.313656, id=,B17, PRDE,actvstrat=,-0.724021, actvprof=,4.326351, id=,B18, PRDE,actvstrat=,1.000000, actvprof=,2.232346, id=,B19, PRDE,actvstrat=,-0.752351, actvprof=,4.418996, id=,B20, PRDE,actvstrat=,0.532242, actvprof=,3.703400, id=,B21, PRDE,actvstrat=,0.866737, actvprof=,3.246014, id=,B22, PRDE,actvstrat=,-1.000000, actvprof=,4.906384, id=,B23, PRDE,actvstrat=,-0.419449, actvprof=,3.402133, id=,B24, PRDE,actvstrat=,0.335030, actvprof=,3.612701, id=,B25, PRDE,actvstrat=,-0.847962, actvprof=,4.916245, id=,B26, PRDE,actvstrat=,1.000000, actvprof=,2.218873, id=,B27, PRDE,actvstrat=,-1.000000, actvprof=,4.756236, id=,B28, PRDE,actvstrat=,-0.667560, actvprof=,4.095783, id=,B29, PRDE,actvstrat=,-0.501439, actvprof=,3.634507, id=,S00, PRDE,actvstrat=,0.515222, actvprof=,8.401439, id=,S01, PRDE,actvstrat=,-0.724980, actvprof=,3.590477, id=,S02, PRDE,actvstrat=,0.336095, actvprof=,7.274849, id=,S03, PRDE,actvstrat=,0.795909, actvprof=,9.502195, id=,S04, PRDE,actvstrat=,0.171020, actvprof=,6.729957, id=,S05, PRDE,actvstrat=,0.632705, actvprof=,8.695205, id=,S06, PRDE,actvstrat=,0.488692, actvprof=,8.061420, id=,S07, PRDE,actvstrat=,0.751068, actvprof=,9.407884, id=,S08, PRDE,actvstrat=,1.000000, actvprof=,9.485388, id=,S09, PRDE,actvstrat=,0.153938, actvprof=,6.625507, id=,S10, PRDE,actvstrat=,0.838910, actvprof=,9.673037, id=,S11, PRDE,actvstrat=,-0.765558, actvprof=,2.950858, id=,S12, PRDE,actvstrat=,0.653551, actvprof=,8.886883, id=,S13, PRDE,actvstrat=,-0.186243, actvprof=,4.810684, id=,S14, PRDE,actvstrat=,0.236156, actvprof=,6.686205, id=,S15, PRDE,actvstrat=,1.000000, actvprof=,9.174121, id=,S16, PRDE,actvstrat=,0.567478, actvprof=,8.400189, id=,S17, PRDE,actvstrat=,-1.000000, actvprof=,8.503389, id=,S18, PRDE,actvstrat=,0.208535, actvprof=,6.808017, id=,S19, PRDE,actvstrat=,0.169066, actvprof=,6.679260, id=,S20, PRDE,actvstrat=,0.541576, actvprof=,8.351436, id=,S21, PRDE,actvstrat=,-1.000000, actvprof=,8.835213, id=,S22, PRDE,actvstrat=,1.000000, actvprof=,9.581505, id=,S23, PRDE,actvstrat=,0.280499, actvprof=,7.026501, id=,S24, PRDE,actvstrat=,0.869569, actvprof=,9.671232, id=,S25, PRDE,actvstrat=,0.452192, actvprof=,7.764459, id=,S26, PRDE,actvstrat=,0.065958, actvprof=,6.209928, id=,S27, PRDE,actvstrat=,1.000000, actvprof=,9.369271, id=,S28, PRDE,actvstrat=,0.733718, actvprof=,9.145369, id=,S29, PRDE,actvstrat=,1.000000, actvprof=,9.459276, best_B_id=,B07, best_B_prof=,5.135285, best_B_strat=,-1.000000, best_S_id=,S10, best_S_prof=,9.673037, best_S_strat=,0.838910, 
t=,82800, id=,B00, PRDE,actvstrat=,-0.006999, actvprof=,2.788656, id=,B01, PRDE,actvstrat=,1.000000, actvprof=,1.563514, id=,B02, PRDE,actvstrat=,0.198509, actvprof=,2.746151, id=,B03, PRDE,actvstrat=,-0.934752, actvprof=,4.398009, id=,B04, PRDE,actvstrat=,-0.147621, actvprof=,2.746985, id=,B05, PRDE,actvstrat=,-0.815549, actvprof=,4.324112, id=,B06, PRDE,actvstrat=,-1.000000, actvprof=,4.214099, id=,B07, PRDE,actvstrat=,-1.000000, actvprof=,4.247436, id=,B08, PRDE,actvstrat=,0.322280, actvprof=,3.007293, id=,B09, PRDE,actvstrat=,-1.000000, actvprof=,4.299109, id=,B10, PRDE,actvstrat=,-1.000000, actvprof=,4.288830, id=,B11, PRDE,actvstrat=,-1.000000, actvprof=,4.381063, id=,B12, PRDE,actvstrat=,0.229517, actvprof=,3.018961, id=,B13, PRDE,actvstrat=,-0.802935, actvprof=,4.152703, id=,B14, PRDE,actvstrat=,0.006752, actvprof=,2.495011, id=,B15, PRDE,actvstrat=,0.574995, actvprof=,2.980067, id=,B16, PRDE,actvstrat=,0.180490, actvprof=,2.992291, id=,B17, PRDE,actvstrat=,-0.001652, actvprof=,2.581966, id=,B18, PRDE,actvstrat=,-1.000000, actvprof=,4.197430, id=,B19, PRDE,actvstrat=,-0.665637, actvprof=,3.293159, id=,B20, PRDE,actvstrat=,0.910410, actvprof=,2.547239, id=,B21, PRDE,actvstrat=,0.806125, actvprof=,2.980345, id=,B22, PRDE,actvstrat=,-1.000000, actvprof=,4.330223, id=,B23, PRDE,actvstrat=,0.260238, actvprof=,2.845607, id=,B24, PRDE,actvstrat=,-0.382475, actvprof=,2.860887, id=,B25, PRDE,actvstrat=,-0.847962, actvprof=,4.127978, id=,B26, PRDE,actvstrat=,0.469541, actvprof=,3.088691, id=,B27, PRDE,actvstrat=,-0.836275, actvprof=,4.245769, id=,B28, PRDE,actvstrat=,0.554226, actvprof=,2.993124, id=,B29, PRDE,actvstrat=,-0.501439, actvprof=,2.831161, id=,S00, PRDE,actvstrat=,1.000000, actvprof=,9.901979, id=,S01, PRDE,actvstrat=,-0.569732, actvprof=,4.773886, id=,S02, PRDE,actvstrat=,-1.000000, actvprof=,8.654891, id=,S03, PRDE,actvstrat=,-0.841887, actvprof=,2.410001, id=,S04, PRDE,actvstrat=,-0.128889, actvprof=,5.346730, id=,S05, PRDE,actvstrat=,0.747534, actvprof=,9.742794, id=,S06, PRDE,actvstrat=,-0.149718, actvprof=,5.375622, id=,S07, PRDE,actvstrat=,1.000000, actvprof=,10.157287, id=,S08, PRDE,actvstrat=,1.000000, actvprof=,10.161732, id=,S09, PRDE,actvstrat=,0.153938, actvprof=,7.060817, id=,S10, PRDE,actvstrat=,-0.510583, actvprof=,4.433291, id=,S11, PRDE,actvstrat=,0.283707, actvprof=,7.849797, id=,S12, PRDE,actvstrat=,0.160702, actvprof=,7.791180, id=,S13, PRDE,actvstrat=,-1.000000, actvprof=,8.633777, id=,S14, PRDE,actvstrat=,0.897434, actvprof=,10.648177, id=,S15, PRDE,actvstrat=,1.000000, actvprof=,10.364811, id=,S16, PRDE,actvstrat=,0.770168, actvprof=,10.082556, id=,S17, PRDE,actvstrat=,-0.599638, actvprof=,4.212432, id=,S18, PRDE,actvstrat=,1.000000, actvprof=,10.141452, id=,S19, PRDE,actvstrat=,0.268137, actvprof=,8.036486, id=,S20, PRDE,actvstrat=,0.785919, actvprof=,9.731682, id=,S21, PRDE,actvstrat=,1.000000, actvprof=,10.145063, id=,S22, PRDE,actvstrat=,0.918209, actvprof=,10.479824, id=,S23, PRDE,actvstrat=,0.280499, actvprof=,7.795347, id=,S24, PRDE,actvstrat=,0.853439, actvprof=,10.277578, id=,S25, PRDE,actvstrat=,0.224564, actvprof=,7.503646, id=,S26, PRDE,actvstrat=,0.106296, actvprof=,7.320292, id=,S27, PRDE,actvstrat=,0.320540, actvprof=,7.586711, id=,S28, PRDE,actvstrat=,1.000000, actvprof=,10.397592, id=,S29, PRDE,actvstrat=,0.547464, actvprof=,9.343859, best_B_id=,B03, best_B_prof=,4.398009, best_B_strat=,-0.934752, best_S_id=,S14, best_S_prof=,10.648177, best_S_strat=,0.897434, 
