t=,0, id=,B00, PRDE,actvstrat=,0.981328, actvprof=,0.000000, id=,B01, PRDE,actvstrat=,-0.499324, actvprof=,0.000000, id=,B02, PRDE,actvstrat=,-0.868794, actvprof=,0.000000, id=,B03, PRDE,actvstrat=,-0.478666, actvprof=,0.000000, id=,B04, PRDE,actvstrat=,-0.438455, actvprof=,0.000000, id=,B05, PRDE,actvstrat=,0.299640, actvprof=,0.000000, id=,B06, PRDE,actvstrat=,-0.329359, actvprof=,0.000000, id=,B07, PRDE,actvstrat=,0.042299, actvprof=,0.000000, id=,B08, PRDE,actvstrat=,-0.722555, actvprof=,0.000000, id=,B09, PRDE,actvstrat=,0.204736, actvprof=,0.000000, id=,B10, PRDE,actvstrat=,0.967410, actvprof=,0.000000, id=,B11, PRDE,actvstrat=,0.562465, actvprof=,0.000000, id=,B12, PRDE,actvstrat=,-0.247284, actvprof=,0.000000, id=,B13, PRDE,actvstrat=,-0.101417, actvprof=,0.000000, id=,B14, PRDE,actvstrat=,0.502318, actvprof=,0.000000, id=,B15, PRDE,actvstrat=,0.028587, actvprof=,0.000000, id=,B16, PRDE,actvstrat=,-0.732735, actvprof=,0.000000, id=,B17, PRDE,actvstrat=,0.326126, actvprof=,0.000000, id=,B18, PRDE,actvstrat=,0.064682, actvprof=,0.000000, id=,B19, PRDE,actvstrat=,-0.656989, actvprof=,0.000000, id=,B20, PRDE,actvstrat=,0.853431, actvprof=,0.000000, id=,B21, PRDE,actvstrat=,-0.952121, actvprof=,0.000000, id=,B22, PRDE,actvstrat=,-0.556583, actvprof=,0.000000, id=,B23, PRDE,actvstrat=,0.339103, actvprof=,0.000000, id=,B24, PRDE,actvstrat=,0.493410, actvprof=,0.000000, id=,B25, PRDE,actvstrat=,0.212150, actvprof=,0.000000, id=,B26, PRDE,actvstrat=,-0.991090, actvprof=,0.000000, id=,B27, PRDE,actvstrat=,-0.597557, actvprof=,0.000000, id=,B28, PRDE,actvstrat=,-0.431460, actvprof=,0.000000, id=,B29, PRDE,actvstrat=,-0.065685, actvprof=,0.000000, id=,S00, PRDE,actvstrat=,0.186067, actvprof=,0.000000, id=,S01, PRDE,actvstrat=,-0.760942, actvprof=,0.000000, id=,S02, PRDE,actvstrat=,0.138515, actvprof=,0.000000, id=,S03, PRDE,actvstrat=,-0.947073, actvprof=,0.000000, id=,S04, PRDE,actvstrat=,-0.963990, actvprof=,0.000000, id=,S05, PRDE,actvstrat=,0.784920, actvprof=,0.000000, id=,S06, PRDE,actvstrat=,-0.294421, actvprof=,0.000000, id=,S07, PRDE,actvstrat=,-0.704805, actvprof=,0.000000, id=,S08, PRDE,actvstrat=,0.130672, actvprof=,0.000000, id=,S09, PRDE,actvstrat=,-0.231561, actvprof=,0.000000, id=,S10, PRDE,actvstrat=,0.053658, actvprof=,0.000000, id=,S11, PRDE,actvstrat=,0.395902, actvprof=,0.000000, id=,S12, PRDE,actvstrat=,0.964197, actvprof=,0.000000, id=,S13, PRDE,actvstrat=,0.664082, actvprof=,0.000000, id=,S14, PRDE,actvstrat=,0.178699, actvprof=,0.000000, id=,S15, PRDE,actvstrat=,0.757757, actvprof=,0.000000, id=,S16, PRDE,actvstrat=,-0.158870, actvprof=,0.000000, id=,S17, PRDE,actvstrat=,-0.143047, actvprof=,0.000000, id=,S18, PRDE,actvstrat=,0.092890, actvprof=,0.000000, id=,S19, PRDE,actvstrat=,0.399840, actvprof=,0.000000, id=,S20, PRDE,actvstrat=,-0.979516, actvprof=,0.000000, id=,S21, PRDE,actvstrat=,-0.954330, actvprof=,0.000000, id=,S22, PRDE,actvstrat=,-0.175509, actvprof=,0.000000, id=,S23, PRDE,actvstrat=,-0.078082, actvprof=,0.000000, id=,S24, PRDE,actvstrat=,-0.201909, actvprof=,0.000000, id=,S25, PRDE,actvstrat=,0.603913, actvprof=,0.000000, id=,S26, PRDE,actvstrat=,-0.339530, actvprof=,0.000000, id=,S27, PRDE,actvstrat=,0.191671, actvprof=,0.000000, id=,S28, PRDE,actvstrat=,0.928746, actvprof=,0.000000, id=,S29, PRDE,actvstrat=,0.162630, actvprof=,0.000000, best_B_id=,B00, best_B_prof=,0.000000, best_B_strat=,0.981328, best_S_id=,S00, best_S_prof=,0.000000, best_S_strat=,0.186067, 
t=,3600, id=,B00, PRDE,actvstrat=,0.981328, actvprof=,1.733889, id=,B01, PRDE,actvstrat=,-0.499324, actvprof=,2.104444, id=,B02, PRDE,actvstrat=,-0.868794, actvprof=,3.655000, id=,B03, PRDE,actvstrat=,-0.478666, actvprof=,2.235833, id=,B04, PRDE,actvstrat=,-0.438455, actvprof=,2.093333, id=,B05, PRDE,actvstrat=,0.299640, actvprof=,2.505278, id=,B06, PRDE,actvstrat=,-0.329359, actvprof=,2.129167, id=,B07, PRDE,actvstrat=,0.042299, actvprof=,2.186389, id=,B08, PRDE,actvstrat=,-0.722555, actvprof=,2.550833, id=,B09, PRDE,actvstrat=,0.204736, actvprof=,2.523889, id=,B10, PRDE,actvstrat=,0.967410, actvprof=,1.827222, id=,B11, PRDE,actvstrat=,0.562465, actvprof=,2.676944, id=,B12, PRDE,actvstrat=,-0.247284, actvprof=,2.195833, id=,B13, PRDE,actvstrat=,-0.101417, actvprof=,2.197500, id=,B14, PRDE,actvstrat=,0.502318, actvprof=,2.615556, id=,B15, PRDE,actvstrat=,0.028587, actvprof=,2.165000, id=,B16, PRDE,actvstrat=,-0.732735, actvprof=,2.812500, id=,B17, PRDE,actvstrat=,0.326126, actvprof=,2.724722, id=,B18, PRDE,actvstrat=,0.064682, actvprof=,2.295556, id=,B19, PRDE,actvstrat=,-0.656989, actvprof=,2.286667, id=,B20, PRDE,actvstrat=,0.853431, actvprof=,2.663056, id=,B21, PRDE,actvstrat=,-0.952121, actvprof=,3.767778, id=,B22, PRDE,actvstrat=,-0.556583, actvprof=,2.198889, id=,B23, PRDE,actvstrat=,0.339103, actvprof=,2.580278, id=,B24, PRDE,actvstrat=,0.493410, actvprof=,2.640278, id=,B25, PRDE,actvstrat=,0.212150, actvprof=,2.364444, id=,B26, PRDE,actvstrat=,-0.991090, actvprof=,3.459167, id=,B27, PRDE,actvstrat=,-0.597557, actvprof=,2.362778, id=,B28, PRDE,actvstrat=,-0.431460, actvprof=,2.180000, id=,B29, PRDE,actvstrat=,-0.065685, actvprof=,2.053889, id=,S00, PRDE,actvstrat=,0.186067, actvprof=,7.476944, id=,S01, PRDE,actvstrat=,-0.760942, actvprof=,3.428056, id=,S02, PRDE,actvstrat=,0.138515, actvprof=,7.140833, id=,S03, PRDE,actvstrat=,-0.947073, actvprof=,2.121667, id=,S04, PRDE,actvstrat=,-0.963990, actvprof=,2.876944, id=,S05, PRDE,actvstrat=,0.784920, actvprof=,10.507500, id=,S06, PRDE,actvstrat=,-0.294421, actvprof=,5.025556, id=,S07, PRDE,actvstrat=,-0.704805, actvprof=,3.696111, id=,S08, PRDE,actvstrat=,0.130672, actvprof=,7.153333, id=,S09, PRDE,actvstrat=,-0.231561, actvprof=,4.553056, id=,S10, PRDE,actvstrat=,0.053658, actvprof=,6.741389, id=,S11, PRDE,actvstrat=,0.395902, actvprof=,8.343611, id=,S12, PRDE,actvstrat=,0.964197, actvprof=,10.805000, id=,S13, PRDE,actvstrat=,0.664082, actvprof=,9.801667, id=,S14, PRDE,actvstrat=,0.178699, actvprof=,7.093889, id=,S15, PRDE,actvstrat=,0.757757, actvprof=,10.219167, id=,S16, PRDE,actvstrat=,-0.158870, actvprof=,4.737500, id=,S17, PRDE,actvstrat=,-0.143047, actvprof=,5.163611, id=,S18, PRDE,actvstrat=,0.092890, actvprof=,7.345833, id=,S19, PRDE,actvstrat=,0.399840, actvprof=,8.438056, id=,S20, PRDE,actvstrat=,-0.979516, actvprof=,3.969722, id=,S21, PRDE,actvstrat=,-0.954330, actvprof=,2.504167, id=,S22, PRDE,actvstrat=,-0.175509, actvprof=,5.223889, id=,S23, PRDE,actvstrat=,-0.078082, actvprof=,5.966944, id=,S24, PRDE,actvstrat=,-0.201909, actvprof=,4.481667, id=,S25, PRDE,actvstrat=,0.603913, actvprof=,9.567222, id=,S26, PRDE,actvstrat=,-0.339530, actvprof=,4.771111, id=,S27, PRDE,actvstrat=,0.191671, actvprof=,7.600000, id=,S28, PRDE,actvstrat=,0.928746, actvprof=,10.881667, id=,S29, PRDE,actvstrat=,0.162630, actvprof=,6.977778, best_B_id=,B21, best_B_prof=,3.767778, best_B_strat=,-0.952121, best_S_id=,S28, best_S_prof=,10.881667, best_S_strat=,0.928746, 
t=,7200, id=,B00, PRDE,actvstrat=,-0.521520, actvprof=,0.000000, id=,B01, PRDE,actvstrat=,-0.005391, actvprof=,0.000000, id=,B02, PRDE,actvstrat=,0.260818, actvprof=,0.000000, id=,B03, PRDE,actvstrat=,-0.197457, actvprof=,0.000000, id=,B04, PRDE,actvstrat=,-0.701697, actvprof=,0.000000, id=,B05, PRDE,actvstrat=,-0.530101, actvprof=,0.000000, id=,B06, PRDE,actvstrat=,-0.012960, actvprof=,0.000000, id=,B07, PRDE,actvstrat=,-0.436433, actvprof=,0.000000, id=,B08, PRDE,actvstrat=,-0.583817, actvprof=,0.000000, id=,B09, PRDE,actvstrat=,-0.857883, actvprof=,0.000000, id=,B10, PRDE,actvstrat=,-0.219705, actvprof=,0.000000, id=,B11, PRDE,actvstrat=,0.468311, actvprof=,0.000000, id=,B12, PRDE,actvstrat=,0.912927, actvprof=,0.000000, id=,B13, PRDE,actvstrat=,-0.470699, actvprof=,0.000000, id=,B14, PRDE,actvstrat=,0.709289, actvprof=,0.000000, id=,B15, PRDE,actvstrat=,-0.017719, actvprof=,0.000000, id=,B16, PRDE,actvstrat=,-0.547178, actvprof=,0.000000, id=,B17, PRDE,actvstrat=,-0.325842, actvprof=,0.000000, id=,B18, PRDE,actvstrat=,0.218044, actvprof=,0.000000, id=,B19, PRDE,actvstrat=,-0.870110, actvprof=,0.000000, id=,B20, PRDE,actvstrat=,-0.969557, actvprof=,0.000000, id=,B21, PRDE,actvstrat=,-0.245328, actvprof=,0.000000, id=,B22, PRDE,actvstrat=,0.115240, actvprof=,0.000000, id=,B23, PRDE,actvstrat=,0.005150, actvprof=,0.000000, id=,B24, PRDE,actvstrat=,-0.497122, actvprof=,0.000000, id=,B25, PRDE,actvstrat=,0.701342, actvprof=,0.000000, id=,B26, PRDE,actvstrat=,-0.576797, actvprof=,0.000000, id=,B27, PRDE,actvstrat=,-0.116801, actvprof=,0.000000, id=,B28, PRDE,actvstrat=,-0.502505, actvprof=,0.000000, id=,B29, PRDE,actvstrat=,-0.714518, actvprof=,0.000000, id=,S00, PRDE,actvstrat=,-0.832215, actvprof=,0.000000, id=,S01, PRDE,actvstrat=,0.373812, actvprof=,0.000000, id=,S02, PRDE,actvstrat=,-0.709585, actvprof=,0.000000, id=,S03, PRDE,actvstrat=,-0.950993, actvprof=,0.000000, id=,S04, PRDE,actvstrat=,0.551467, actvprof=,0.000000, id=,S05, PRDE,actvstrat=,0.624597, actvprof=,0.000000, id=,S06, PRDE,actvstrat=,-0.807638, actvprof=,0.000000, id=,S07, PRDE,actvstrat=,0.822100, actvprof=,0.000000, id=,S08, PRDE,actvstrat=,0.154583, actvprof=,0.000000, id=,S09, PRDE,actvstrat=,-0.367153, actvprof=,0.000000, id=,S10, PRDE,actvstrat=,0.390822, actvprof=,0.000000, id=,S11, PRDE,actvstrat=,-0.796908, actvprof=,0.000000, id=,S12, PRDE,actvstrat=,-0.090115, actvprof=,0.000000, id=,S13, PRDE,actvstrat=,0.418852, actvprof=,0.000000, id=,S14, PRDE,actvstrat=,-0.092023, actvprof=,0.000000, id=,S15, PRDE,actvstrat=,0.240669, actvprof=,0.000000, id=,S16, PRDE,actvstrat=,0.614579, actvprof=,0.000000, id=,S17, PRDE,actvstrat=,0.695763, actvprof=,0.000000, id=,S18, PRDE,actvstrat=,0.376329, actvprof=,0.000000, id=,S19, PRDE,actvstrat=,0.493325, actvprof=,0.000000, id=,S20, PRDE,actvstrat=,-0.553962, actvprof=,0.000000, id=,S21, PRDE,actvstrat=,-0.043457, actvprof=,0.000000, id=,S22, PRDE,actvstrat=,-0.465713, actvprof=,0.000000, id=,S23, PRDE,actvstrat=,-0.342966, actvprof=,0.000000, id=,S24, PRDE,actvstrat=,-0.990777, actvprof=,0.000000, id=,S25, PRDE,actvstrat=,0.811752, actvprof=,0.000000, id=,S26, PRDE,actvstrat=,-0.779609, actvprof=,0.000000, id=,S27, PRDE,actvstrat=,0.709140, actvprof=,0.000000, id=,S28, PRDE,actvstrat=,-0.163020, actvprof=,0.000000, id=,S29, PRDE,actvstrat=,-0.995061, actvprof=,0.000000, best_B_id=,B00, best_B_prof=,0.000000, best_B_strat=,-0.521520, best_S_id=,S00, best_S_prof=,0.000000, best_S_strat=,-0.832215, 
t=,10800, id=,B00, PRDE,actvstrat=,-0.521520, actvprof=,1.756136, id=,B01, PRDE,actvstrat=,-0.005391, actvprof=,2.110585, id=,B02, PRDE,actvstrat=,0.260818, actvprof=,2.082251, id=,B03, PRDE,actvstrat=,-0.197457, actvprof=,1.820581, id=,B04, PRDE,actvstrat=,-0.701697, actvprof=,2.287254, id=,B05, PRDE,actvstrat=,-0.530101, actvprof=,1.902249, id=,B06, PRDE,actvstrat=,-0.012960, actvprof=,1.983916, id=,B07, PRDE,actvstrat=,-0.436433, actvprof=,1.806692, id=,B08, PRDE,actvstrat=,-0.583817, actvprof=,2.010028, id=,B09, PRDE,actvstrat=,-0.857883, actvprof=,3.420881, id=,B10, PRDE,actvstrat=,-0.219705, actvprof=,1.800858, id=,B11, PRDE,actvstrat=,0.468311, actvprof=,2.352533, id=,B12, PRDE,actvstrat=,0.912927, actvprof=,2.093362, id=,B13, PRDE,actvstrat=,-0.470699, actvprof=,1.808914, id=,B14, PRDE,actvstrat=,0.709289, actvprof=,2.609481, id=,B15, PRDE,actvstrat=,-0.017719, actvprof=,1.895860, id=,B16, PRDE,actvstrat=,-0.547178, actvprof=,1.897249, id=,B17, PRDE,actvstrat=,-0.325842, actvprof=,1.693635, id=,B18, PRDE,actvstrat=,0.218044, actvprof=,2.301699, id=,B19, PRDE,actvstrat=,-0.870110, actvprof=,3.415047, id=,B20, PRDE,actvstrat=,-0.969557, actvprof=,3.662273, id=,B21, PRDE,actvstrat=,-0.245328, actvprof=,1.785025, id=,B22, PRDE,actvstrat=,0.115240, actvprof=,2.122529, id=,B23, PRDE,actvstrat=,0.005150, actvprof=,2.033362, id=,B24, PRDE,actvstrat=,-0.497122, actvprof=,1.633078, id=,B25, PRDE,actvstrat=,0.701342, actvprof=,2.708649, id=,B26, PRDE,actvstrat=,-0.576797, actvprof=,1.961972, id=,B27, PRDE,actvstrat=,-0.116801, actvprof=,1.875859, id=,B28, PRDE,actvstrat=,-0.502505, actvprof=,1.941416, id=,B29, PRDE,actvstrat=,-0.714518, actvprof=,2.133919, id=,S00, PRDE,actvstrat=,-0.832215, actvprof=,1.660856, id=,S01, PRDE,actvstrat=,0.373812, actvprof=,7.707885, id=,S02, PRDE,actvstrat=,-0.709585, actvprof=,3.088932, id=,S03, PRDE,actvstrat=,-0.950993, actvprof=,2.080862, id=,S04, PRDE,actvstrat=,0.551467, actvprof=,8.817067, id=,S05, PRDE,actvstrat=,0.624597, actvprof=,9.094293, id=,S06, PRDE,actvstrat=,-0.807638, actvprof=,2.446701, id=,S07, PRDE,actvstrat=,0.822100, actvprof=,10.536257, id=,S08, PRDE,actvstrat=,0.154583, actvprof=,6.153419, id=,S09, PRDE,actvstrat=,-0.367153, actvprof=,3.290601, id=,S10, PRDE,actvstrat=,0.390822, actvprof=,7.526216, id=,S11, PRDE,actvstrat=,-0.796908, actvprof=,2.420034, id=,S12, PRDE,actvstrat=,-0.090115, actvprof=,5.063959, id=,S13, PRDE,actvstrat=,0.418852, actvprof=,7.935388, id=,S14, PRDE,actvstrat=,-0.092023, actvprof=,4.900346, id=,S15, PRDE,actvstrat=,0.240669, actvprof=,7.209267, id=,S16, PRDE,actvstrat=,0.614579, actvprof=,9.084015, id=,S17, PRDE,actvstrat=,0.695763, actvprof=,9.717357, id=,S18, PRDE,actvstrat=,0.376329, actvprof=,7.887610, id=,S19, PRDE,actvstrat=,0.493325, actvprof=,8.433450, id=,S20, PRDE,actvstrat=,-0.553962, actvprof=,3.458659, id=,S21, PRDE,actvstrat=,-0.043457, actvprof=,5.400353, id=,S22, PRDE,actvstrat=,-0.465713, actvprof=,3.017542, id=,S23, PRDE,actvstrat=,-0.342966, actvprof=,3.615050, id=,S24, PRDE,actvstrat=,-0.990777, actvprof=,6.685648, id=,S25, PRDE,actvstrat=,0.811752, actvprof=,10.263476, id=,S26, PRDE,actvstrat=,-0.779609, actvprof=,2.429756, id=,S27, PRDE,actvstrat=,0.709140, actvprof=,9.672079, id=,S28, PRDE,actvstrat=,-0.163020, actvprof=,4.156447, id=,S29, PRDE,actvstrat=,-0.995061, actvprof=,7.098154, best_B_id=,B20, best_B_prof=,3.662273, best_B_strat=,-0.969557, best_S_id=,S07, best_S_prof=,10.536257, best_S_strat=,0.822100, 
t=,14400, id=,B00, PRDE,actvstrat=,-0.521520, actvprof=,1.762087, id=,B01, PRDE,actvstrat=,-0.005391, actvprof=,2.055699, id=,B02, PRDE,actvstrat=,0.260818, actvprof=,2.128199, id=,B03, PRDE,actvstrat=,-0.197457, actvprof=,1.825143, id=,B04, PRDE,actvstrat=,-0.701697, actvprof=,2.185283, id=,B05, PRDE,actvstrat=,-0.530101, actvprof=,1.848060, id=,B06, PRDE,actvstrat=,-0.012960, actvprof=,2.015977, id=,B07, PRDE,actvstrat=,-0.436433, actvprof=,1.863199, id=,B08, PRDE,actvstrat=,-0.583817, actvprof=,1.925421, id=,B09, PRDE,actvstrat=,-0.857883, actvprof=,3.445564, id=,B10, PRDE,actvstrat=,-0.219705, actvprof=,1.881671, id=,B11, PRDE,actvstrat=,0.468311, actvprof=,2.488061, id=,B12, PRDE,actvstrat=,0.912927, actvprof=,2.139727, id=,B13, PRDE,actvstrat=,-0.470699, actvprof=,1.920143, id=,B14, PRDE,actvstrat=,0.709289, actvprof=,2.680145, id=,B15, PRDE,actvstrat=,-0.017719, actvprof=,1.917088, id=,B16, PRDE,actvstrat=,-0.547178, actvprof=,1.938754, id=,B17, PRDE,actvstrat=,-0.325842, actvprof=,1.695143, id=,B18, PRDE,actvstrat=,0.218044, actvprof=,2.230561, id=,B19, PRDE,actvstrat=,-0.870110, actvprof=,3.315563, id=,B20, PRDE,actvstrat=,-0.969557, actvprof=,3.722925, id=,B21, PRDE,actvstrat=,-0.245328, actvprof=,1.857088, id=,B22, PRDE,actvstrat=,0.115240, actvprof=,2.083477, id=,B23, PRDE,actvstrat=,0.005150, actvprof=,2.037227, id=,B24, PRDE,actvstrat=,-0.497122, actvprof=,1.789310, id=,B25, PRDE,actvstrat=,0.701342, actvprof=,2.667228, id=,B26, PRDE,actvstrat=,-0.576797, actvprof=,1.925977, id=,B27, PRDE,actvstrat=,-0.116801, actvprof=,1.905699, id=,B28, PRDE,actvstrat=,-0.502505, actvprof=,1.911949, id=,B29, PRDE,actvstrat=,-0.714518, actvprof=,2.205283, id=,S00, PRDE,actvstrat=,-0.832215, actvprof=,1.652504, id=,S01, PRDE,actvstrat=,0.373812, actvprof=,7.653629, id=,S02, PRDE,actvstrat=,-0.709585, actvprof=,3.000979, id=,S03, PRDE,actvstrat=,-0.950993, actvprof=,2.000699, id=,S04, PRDE,actvstrat=,0.551467, actvprof=,8.814187, id=,S05, PRDE,actvstrat=,0.624597, actvprof=,9.216827, id=,S06, PRDE,actvstrat=,-0.807638, actvprof=,2.340144, id=,S07, PRDE,actvstrat=,0.822100, actvprof=,10.465302, id=,S08, PRDE,actvstrat=,0.154583, actvprof=,6.245848, id=,S09, PRDE,actvstrat=,-0.367153, actvprof=,3.619036, id=,S10, PRDE,actvstrat=,0.390822, actvprof=,7.758212, id=,S11, PRDE,actvstrat=,-0.796908, actvprof=,2.387783, id=,S12, PRDE,actvstrat=,-0.090115, actvprof=,5.124456, id=,S13, PRDE,actvstrat=,0.418852, actvprof=,8.016685, id=,S14, PRDE,actvstrat=,-0.092023, actvprof=,4.928067, id=,S15, PRDE,actvstrat=,0.240669, actvprof=,7.031266, id=,S16, PRDE,actvstrat=,0.614579, actvprof=,9.008076, id=,S17, PRDE,actvstrat=,0.695763, actvprof=,9.732523, id=,S18, PRDE,actvstrat=,0.376329, actvprof=,7.632795, id=,S19, PRDE,actvstrat=,0.493325, actvprof=,8.352242, id=,S20, PRDE,actvstrat=,-0.553962, actvprof=,3.606536, id=,S21, PRDE,actvstrat=,-0.043457, actvprof=,5.470568, id=,S22, PRDE,actvstrat=,-0.465713, actvprof=,3.160702, id=,S23, PRDE,actvstrat=,-0.342966, actvprof=,3.678481, id=,S24, PRDE,actvstrat=,-0.990777, actvprof=,6.541543, id=,S25, PRDE,actvstrat=,0.811752, actvprof=,10.216274, id=,S26, PRDE,actvstrat=,-0.779609, actvprof=,2.543339, id=,S27, PRDE,actvstrat=,0.709140, actvprof=,9.801967, id=,S28, PRDE,actvstrat=,-0.163020, actvprof=,4.153899, id=,S29, PRDE,actvstrat=,-0.995061, actvprof=,7.400573, best_B_id=,B20, best_B_prof=,3.722925, best_B_strat=,-0.969557, best_S_id=,S07, best_S_prof=,10.465302, best_S_strat=,0.822100, 
t=,18000, id=,B00, PRDE,actvstrat=,0.306861, actvprof=,1.699222, id=,B01, PRDE,actvstrat=,0.622595, actvprof=,2.099235, id=,B02, PRDE,actvstrat=,0.243019, actvprof=,1.701166, id=,B03, PRDE,actvstrat=,-0.197457, actvprof=,1.432546, id=,B04, PRDE,actvstrat=,0.766853, actvprof=,2.026455, id=,B05, PRDE,actvstrat=,0.136410, actvprof=,1.609497, id=,B06, PRDE,actvstrat=,0.931039, actvprof=,1.334765, id=,B07, PRDE,actvstrat=,0.436851, actvprof=,1.897561, id=,B08, PRDE,actvstrat=,0.919403, actvprof=,1.485604, id=,B09, PRDE,actvstrat=,0.752072, actvprof=,2.076178, id=,B10, PRDE,actvstrat=,0.040766, actvprof=,1.344766, id=,B11, PRDE,actvstrat=,0.468311, actvprof=,1.868949, id=,B12, PRDE,actvstrat=,-0.592867, actvprof=,1.638109, id=,B13, PRDE,actvstrat=,0.381915, actvprof=,2.009510, id=,B14, PRDE,actvstrat=,-0.989824, actvprof=,2.343131, id=,B15, PRDE,actvstrat=,-0.099675, actvprof=,1.583385, id=,B16, PRDE,actvstrat=,-0.821206, actvprof=,3.067322, id=,B17, PRDE,actvstrat=,0.172706, actvprof=,1.544772, id=,B18, PRDE,actvstrat=,-0.750206, actvprof=,2.357299, id=,B19, PRDE,actvstrat=,-0.641513, actvprof=,1.760890, id=,B20, PRDE,actvstrat=,0.244367, actvprof=,1.836448, id=,B21, PRDE,actvstrat=,0.729103, actvprof=,1.998954, id=,B22, PRDE,actvstrat=,-0.082895, actvprof=,1.533383, id=,B23, PRDE,actvstrat=,0.005150, actvprof=,1.385323, id=,B24, PRDE,actvstrat=,-0.497122, actvprof=,1.601163, id=,B25, PRDE,actvstrat=,0.701342, actvprof=,2.089790, id=,B26, PRDE,actvstrat=,-0.932830, actvprof=,2.923428, id=,B27, PRDE,actvstrat=,0.383146, actvprof=,1.975064, id=,B28, PRDE,actvstrat=,0.746084, actvprof=,2.002843, id=,B29, PRDE,actvstrat=,0.397804, actvprof=,1.751168, id=,S00, PRDE,actvstrat=,0.368878, actvprof=,9.067794, id=,S01, PRDE,actvstrat=,0.227977, actvprof=,7.957758, id=,S02, PRDE,actvstrat=,0.138515, actvprof=,7.499687, id=,S03, PRDE,actvstrat=,0.899181, actvprof=,12.043168, id=,S04, PRDE,actvstrat=,-0.249052, actvprof=,5.106277, id=,S05, PRDE,actvstrat=,0.432319, actvprof=,8.966957, id=,S06, PRDE,actvstrat=,-0.807638, actvprof=,2.012565, id=,S07, PRDE,actvstrat=,0.623981, actvprof=,10.438949, id=,S08, PRDE,actvstrat=,0.154583, actvprof=,7.919979, id=,S09, PRDE,actvstrat=,0.156616, actvprof=,7.529411, id=,S10, PRDE,actvstrat=,0.117877, actvprof=,7.801086, id=,S11, PRDE,actvstrat=,0.563044, actvprof=,9.766983, id=,S12, PRDE,actvstrat=,-0.308866, actvprof=,4.094577, id=,S13, PRDE,actvstrat=,0.919768, actvprof=,12.034557, id=,S14, PRDE,actvstrat=,-0.198822, actvprof=,5.304339, id=,S15, PRDE,actvstrat=,-0.798561, actvprof=,2.751200, id=,S16, PRDE,actvstrat=,0.614579, actvprof=,10.514507, id=,S17, PRDE,actvstrat=,0.695763, actvprof=,11.185640, id=,S18, PRDE,actvstrat=,0.376329, actvprof=,8.993347, id=,S19, PRDE,actvstrat=,-0.681027, actvprof=,3.750122, id=,S20, PRDE,actvstrat=,-0.107250, actvprof=,5.997972, id=,S21, PRDE,actvstrat=,-0.043457, actvprof=,6.328261, id=,S22, PRDE,actvstrat=,-0.479794, actvprof=,4.333474, id=,S23, PRDE,actvstrat=,-0.342966, actvprof=,4.269861, id=,S24, PRDE,actvstrat=,0.785451, actvprof=,11.398147, id=,S25, PRDE,actvstrat=,0.811752, actvprof=,11.587598, id=,S26, PRDE,actvstrat=,-0.069436, actvprof=,6.572435, id=,S27, PRDE,actvstrat=,0.709140, actvprof=,11.171751, id=,S28, PRDE,actvstrat=,-0.013361, actvprof=,7.013838, id=,S29, PRDE,actvstrat=,0.803604, actvprof=,11.774826, best_B_id=,B16, best_B_prof=,3.067322, best_B_strat=,-0.821206, best_S_id=,S03, best_S_prof=,12.043168, best_S_strat=,0.899181, 
t=,21600, id=,B00, PRDE,actvstrat=,0.306861, actvprof=,1.645308, id=,B01, PRDE,actvstrat=,0.622595, actvprof=,2.061844, id=,B02, PRDE,actvstrat=,0.243019, actvprof=,1.676837, id=,B03, PRDE,actvstrat=,-0.197457, actvprof=,1.344608, id=,B04, PRDE,actvstrat=,0.766853, actvprof=,1.997259, id=,B05, PRDE,actvstrat=,0.136410, actvprof=,1.578640, id=,B06, PRDE,actvstrat=,0.931039, actvprof=,1.345025, id=,B07, PRDE,actvstrat=,0.436851, actvprof=,1.873785, id=,B08, PRDE,actvstrat=,0.919403, actvprof=,1.483639, id=,B09, PRDE,actvstrat=,0.752072, actvprof=,2.050871, id=,B10, PRDE,actvstrat=,0.040766, actvprof=,1.450721, id=,B11, PRDE,actvstrat=,0.468311, actvprof=,1.842673, id=,B12, PRDE,actvstrat=,-0.592867, actvprof=,1.709615, id=,B13, PRDE,actvstrat=,0.381915, actvprof=,1.940453, id=,B14, PRDE,actvstrat=,-0.989824, actvprof=,2.301154, id=,B15, PRDE,actvstrat=,-0.099675, actvprof=,1.564196, id=,B16, PRDE,actvstrat=,-0.821206, actvprof=,2.889081, id=,B17, PRDE,actvstrat=,0.172706, actvprof=,1.581418, id=,B18, PRDE,actvstrat=,-0.750206, actvprof=,2.341988, id=,B19, PRDE,actvstrat=,-0.641513, actvprof=,1.700448, id=,B20, PRDE,actvstrat=,0.244367, actvprof=,1.720310, id=,B21, PRDE,actvstrat=,0.729103, actvprof=,1.985592, id=,B22, PRDE,actvstrat=,-0.082895, actvprof=,1.437527, id=,B23, PRDE,actvstrat=,0.005150, actvprof=,1.468499, id=,B24, PRDE,actvstrat=,-0.497122, actvprof=,1.468361, id=,B25, PRDE,actvstrat=,0.701342, actvprof=,2.034482, id=,B26, PRDE,actvstrat=,-0.932830, actvprof=,2.935749, id=,B27, PRDE,actvstrat=,0.383146, actvprof=,1.862951, id=,B28, PRDE,actvstrat=,0.746084, actvprof=,1.951703, id=,B29, PRDE,actvstrat=,0.397804, actvprof=,1.766560, id=,S00, PRDE,actvstrat=,0.368878, actvprof=,8.992667, id=,S01, PRDE,actvstrat=,0.227977, actvprof=,7.931536, id=,S02, PRDE,actvstrat=,0.138515, actvprof=,7.680003, id=,S03, PRDE,actvstrat=,0.899181, actvprof=,12.026195, id=,S04, PRDE,actvstrat=,-0.249052, actvprof=,5.081483, id=,S05, PRDE,actvstrat=,0.432319, actvprof=,8.905859, id=,S06, PRDE,actvstrat=,-0.807638, actvprof=,2.249625, id=,S07, PRDE,actvstrat=,0.623981, actvprof=,10.425332, id=,S08, PRDE,actvstrat=,0.154583, actvprof=,7.816673, id=,S09, PRDE,actvstrat=,0.156616, actvprof=,7.466249, id=,S10, PRDE,actvstrat=,0.117877, actvprof=,7.419582, id=,S11, PRDE,actvstrat=,0.563044, actvprof=,10.028936, id=,S12, PRDE,actvstrat=,-0.308866, actvprof=,4.310080, id=,S13, PRDE,actvstrat=,0.919768, actvprof=,12.064668, id=,S14, PRDE,actvstrat=,-0.198822, actvprof=,5.335515, id=,S15, PRDE,actvstrat=,-0.798561, actvprof=,2.491852, id=,S16, PRDE,actvstrat=,0.614579, actvprof=,10.593530, id=,S17, PRDE,actvstrat=,0.695763, actvprof=,11.103678, id=,S18, PRDE,actvstrat=,0.376329, actvprof=,8.990583, id=,S19, PRDE,actvstrat=,-0.681027, actvprof=,3.892572, id=,S20, PRDE,actvstrat=,-0.107250, actvprof=,5.670244, id=,S21, PRDE,actvstrat=,-0.043457, actvprof=,6.552899, id=,S22, PRDE,actvstrat=,-0.479794, actvprof=,4.314941, id=,S23, PRDE,actvstrat=,-0.342966, actvprof=,4.221884, id=,S24, PRDE,actvstrat=,0.785451, actvprof=,11.388961, id=,S25, PRDE,actvstrat=,0.811752, actvprof=,11.549519, id=,S26, PRDE,actvstrat=,-0.069436, actvprof=,6.460259, id=,S27, PRDE,actvstrat=,0.709140, actvprof=,10.997148, id=,S28, PRDE,actvstrat=,-0.013361, actvprof=,6.911239, id=,S29, PRDE,actvstrat=,0.803604, actvprof=,11.642577, best_B_id=,B26, best_B_prof=,2.935749, best_B_strat=,-0.932830, best_S_id=,S13, best_S_prof=,12.064668, best_S_strat=,0.919768, 
t=,25200, id=,B00, PRDE,actvstrat=,-1.000000, actvprof=,2.006195, id=,B01, PRDE,actvstrat=,0.203935, actvprof=,1.194494, id=,B02, PRDE,actvstrat=,0.602022, actvprof=,1.452005, id=,B03, PRDE,actvstrat=,-1.000000, actvprof=,1.860355, id=,B04, PRDE,actvstrat=,0.023664, actvprof=,1.026432, id=,B05, PRDE,actvstrat=,-1.000000, actvprof=,1.959248, id=,B06, PRDE,actvstrat=,0.629420, actvprof=,1.498396, id=,B07, PRDE,actvstrat=,0.265619, actvprof=,1.238663, id=,B08, PRDE,actvstrat=,1.000000, actvprof=,1.001153, id=,B09, PRDE,actvstrat=,-0.906292, actvprof=,1.968693, id=,B10, PRDE,actvstrat=,-0.498063, actvprof=,0.773921, id=,B11, PRDE,actvstrat=,-1.000000, actvprof=,1.980083, id=,B12, PRDE,actvstrat=,-0.342038, actvprof=,0.783366, id=,B13, PRDE,actvstrat=,0.614164, actvprof=,1.527564, id=,B14, PRDE,actvstrat=,0.037496, actvprof=,1.064489, id=,B15, PRDE,actvstrat=,1.000000, actvprof=,1.053377, id=,B16, PRDE,actvstrat=,-1.000000, actvprof=,2.101754, id=,B17, PRDE,actvstrat=,0.436275, actvprof=,1.338667, id=,B18, PRDE,actvstrat=,-0.062960, actvprof=,0.934761, id=,B19, PRDE,actvstrat=,-1.000000, actvprof=,1.960082, id=,B20, PRDE,actvstrat=,-1.000000, actvprof=,2.019251, id=,B21, PRDE,actvstrat=,-0.841142, actvprof=,1.599233, id=,B22, PRDE,actvstrat=,0.106638, actvprof=,0.996153, id=,B23, PRDE,actvstrat=,-0.047731, actvprof=,0.868647, id=,B24, PRDE,actvstrat=,1.000000, actvprof=,1.070600, id=,B25, PRDE,actvstrat=,0.964348, actvprof=,1.298943, id=,B26, PRDE,actvstrat=,-0.414861, actvprof=,0.780866, id=,B27, PRDE,actvstrat=,-0.587889, actvprof=,0.780588, id=,B28, PRDE,actvstrat=,-0.430116, actvprof=,0.765032, id=,B29, PRDE,actvstrat=,-1.000000, actvprof=,1.916469, id=,S00, PRDE,actvstrat=,0.510306, actvprof=,10.014584, id=,S01, PRDE,actvstrat=,-1.000000, actvprof=,10.379877, id=,S02, PRDE,actvstrat=,-0.596896, actvprof=,4.234621, id=,S03, PRDE,actvstrat=,0.444961, actvprof=,9.804297, id=,S04, PRDE,actvstrat=,0.883415, actvprof=,12.682751, id=,S05, PRDE,actvstrat=,-0.280063, actvprof=,5.019098, id=,S06, PRDE,actvstrat=,0.676115, actvprof=,10.971568, id=,S07, PRDE,actvstrat=,-0.116175, actvprof=,5.971082, id=,S08, PRDE,actvstrat=,0.005846, actvprof=,7.331139, id=,S09, PRDE,actvstrat=,-0.394200, actvprof=,4.192952, id=,S10, PRDE,actvstrat=,1.000000, actvprof=,12.624970, id=,S11, PRDE,actvstrat=,-0.356723, actvprof=,4.614915, id=,S12, PRDE,actvstrat=,-1.000000, actvprof=,11.026848, id=,S13, PRDE,actvstrat=,0.287550, actvprof=,8.428129, id=,S14, PRDE,actvstrat=,0.795585, actvprof=,11.736045, id=,S15, PRDE,actvstrat=,-0.481548, actvprof=,4.573524, id=,S16, PRDE,actvstrat=,-0.072758, actvprof=,6.316652, id=,S17, PRDE,actvstrat=,-0.615216, actvprof=,4.105449, id=,S18, PRDE,actvstrat=,-0.653657, actvprof=,4.168229, id=,S19, PRDE,actvstrat=,0.787539, actvprof=,11.986888, id=,S20, PRDE,actvstrat=,-0.163580, actvprof=,5.447449, id=,S21, PRDE,actvstrat=,-0.096143, actvprof=,6.236649, id=,S22, PRDE,actvstrat=,0.116503, actvprof=,7.918385, id=,S23, PRDE,actvstrat=,-0.461592, actvprof=,4.631582, id=,S24, PRDE,actvstrat=,-1.000000, actvprof=,10.837396, id=,S25, PRDE,actvstrat=,-1.000000, actvprof=,10.799894, id=,S26, PRDE,actvstrat=,-1.000000, actvprof=,10.577385, id=,S27, PRDE,actvstrat=,-0.297604, actvprof=,4.779366, id=,S28, PRDE,actvstrat=,0.130810, actvprof=,7.459200, id=,S29, PRDE,actvstrat=,-1.000000, actvprof=,10.632387, best_B_id=,B16, best_B_prof=,2.101754, best_B_strat=,-1.000000, best_S_id=,S04, best_S_prof=,12.682751, best_S_strat=,0.883415, 
t=,28800, id=,B00, PRDE,actvstrat=,-1.000000, actvprof=,2.011709, id=,B01, PRDE,actvstrat=,0.203935, actvprof=,1.218775, id=,B02, PRDE,actvstrat=,0.602022, actvprof=,1.497392, id=,B03, PRDE,actvstrat=,-1.000000, actvprof=,1.923235, id=,B04, PRDE,actvstrat=,0.023664, actvprof=,1.040994, id=,B05, PRDE,actvstrat=,-1.000000, actvprof=,1.999486, id=,B06, PRDE,actvstrat=,0.629420, actvprof=,1.552116, id=,B07, PRDE,actvstrat=,0.265619, actvprof=,1.231970, id=,B08, PRDE,actvstrat=,1.000000, actvprof=,1.087800, id=,B09, PRDE,actvstrat=,-0.906292, actvprof=,1.921984, id=,B10, PRDE,actvstrat=,-0.498063, actvprof=,0.810989, id=,B11, PRDE,actvstrat=,-1.000000, actvprof=,2.058098, id=,B12, PRDE,actvstrat=,-0.342038, actvprof=,0.804878, id=,B13, PRDE,actvstrat=,0.614164, actvprof=,1.575311, id=,B14, PRDE,actvstrat=,0.037496, actvprof=,1.029188, id=,B15, PRDE,actvstrat=,1.000000, actvprof=,1.124607, id=,B16, PRDE,actvstrat=,-1.000000, actvprof=,2.019070, id=,B17, PRDE,actvstrat=,0.436275, actvprof=,1.358917, id=,B18, PRDE,actvstrat=,-0.062960, actvprof=,0.925714, id=,B19, PRDE,actvstrat=,-1.000000, actvprof=,1.936013, id=,B20, PRDE,actvstrat=,-1.000000, actvprof=,2.011847, id=,B21, PRDE,actvstrat=,-0.841142, actvprof=,1.573783, id=,B22, PRDE,actvstrat=,0.106638, actvprof=,1.124885, id=,B23, PRDE,actvstrat=,-0.047731, actvprof=,0.939742, id=,B24, PRDE,actvstrat=,1.000000, actvprof=,1.066689, id=,B25, PRDE,actvstrat=,0.964348, actvprof=,1.299194, id=,B26, PRDE,actvstrat=,-0.414861, actvprof=,0.749043, id=,B27, PRDE,actvstrat=,-0.587889, actvprof=,0.807656, id=,B28, PRDE,actvstrat=,-0.430116, actvprof=,0.753905, id=,B29, PRDE,actvstrat=,-1.000000, actvprof=,1.998792, id=,S00, PRDE,actvstrat=,0.510306, actvprof=,10.081460, id=,S01, PRDE,actvstrat=,-1.000000, actvprof=,10.359660, id=,S02, PRDE,actvstrat=,-0.596896, actvprof=,4.294256, id=,S03, PRDE,actvstrat=,0.444961, actvprof=,9.444919, id=,S04, PRDE,actvstrat=,0.883415, actvprof=,12.502483, id=,S05, PRDE,actvstrat=,-0.280063, actvprof=,4.900380, id=,S06, PRDE,actvstrat=,0.676115, actvprof=,11.075786, id=,S07, PRDE,actvstrat=,-0.116175, actvprof=,5.837483, id=,S08, PRDE,actvstrat=,0.005846, actvprof=,7.273346, id=,S09, PRDE,actvstrat=,-0.394200, actvprof=,4.294256, id=,S10, PRDE,actvstrat=,1.000000, actvprof=,12.502622, id=,S11, PRDE,actvstrat=,-0.356723, actvprof=,4.571901, id=,S12, PRDE,actvstrat=,-1.000000, actvprof=,10.635777, id=,S13, PRDE,actvstrat=,0.287550, actvprof=,8.480732, id=,S14, PRDE,actvstrat=,0.795585, actvprof=,11.955805, id=,S15, PRDE,actvstrat=,-0.481548, actvprof=,4.668847, id=,S16, PRDE,actvstrat=,-0.072758, actvprof=,6.300965, id=,S17, PRDE,actvstrat=,-0.615216, actvprof=,4.271339, id=,S18, PRDE,actvstrat=,-0.653657, actvprof=,4.278978, id=,S19, PRDE,actvstrat=,0.787539, actvprof=,12.085668, id=,S20, PRDE,actvstrat=,-0.163580, actvprof=,5.558727, id=,S21, PRDE,actvstrat=,-0.096143, actvprof=,5.977763, id=,S22, PRDE,actvstrat=,0.116503, actvprof=,7.801551, id=,S23, PRDE,actvstrat=,-0.461592, actvprof=,4.541345, id=,S24, PRDE,actvstrat=,-1.000000, actvprof=,10.810642, id=,S25, PRDE,actvstrat=,-1.000000, actvprof=,10.733696, id=,S26, PRDE,actvstrat=,-1.000000, actvprof=,10.506469, id=,S27, PRDE,actvstrat=,-0.297604, actvprof=,4.608152, id=,S28, PRDE,actvstrat=,0.130810, actvprof=,7.452516, id=,S29, PRDE,actvstrat=,-1.000000, actvprof=,10.600082, best_B_id=,B11, best_B_prof=,2.058098, best_B_strat=,-1.000000, best_S_id=,S10, best_S_prof=,12.502622, best_S_strat=,1.000000, 
t=,32400, id=,B00, PRDE,actvstrat=,-0.304186, actvprof=,1.380083, id=,B01, PRDE,actvstrat=,0.694258, actvprof=,2.291249, id=,B02, PRDE,actvstrat=,0.260818, actvprof=,1.757884, id=,B03, PRDE,actvstrat=,-0.914711, actvprof=,3.236028, id=,B04, PRDE,actvstrat=,0.023664, actvprof=,1.650377, id=,B05, PRDE,actvstrat=,-0.572601, actvprof=,1.519258, id=,B06, PRDE,actvstrat=,0.156217, actvprof=,1.778440, id=,B07, PRDE,actvstrat=,-0.387121, actvprof=,1.384250, id=,B08, PRDE,actvstrat=,0.668046, actvprof=,2.098182, id=,B09, PRDE,actvstrat=,0.820924, actvprof=,2.155963, id=,B10, PRDE,actvstrat=,-0.498063, actvprof=,1.494534, id=,B11, PRDE,actvstrat=,0.996211, actvprof=,1.057841, id=,B12, PRDE,actvstrat=,0.740799, actvprof=,2.190132, id=,B13, PRDE,actvstrat=,-0.189852, actvprof=,1.452032, id=,B14, PRDE,actvstrat=,0.709289, actvprof=,2.268470, id=,B15, PRDE,actvstrat=,0.557318, actvprof=,2.255691, id=,B16, PRDE,actvstrat=,-0.862855, actvprof=,2.697107, id=,B17, PRDE,actvstrat=,-0.180669, actvprof=,1.555371, id=,B18, PRDE,actvstrat=,-0.293514, actvprof=,1.426197, id=,B19, PRDE,actvstrat=,0.725975, actvprof=,2.191243, id=,B20, PRDE,actvstrat=,-0.969557, actvprof=,3.060740, id=,B21, PRDE,actvstrat=,-0.841142, actvprof=,2.727109, id=,B22, PRDE,actvstrat=,-0.935467, actvprof=,3.386871, id=,B23, PRDE,actvstrat=,-0.866070, actvprof=,2.765166, id=,B24, PRDE,actvstrat=,0.561189, actvprof=,2.207911, id=,B25, PRDE,actvstrat=,0.964348, actvprof=,1.357304, id=,B26, PRDE,actvstrat=,0.079015, actvprof=,1.608708, id=,B27, PRDE,actvstrat=,-0.300009, actvprof=,1.228129, id=,B28, PRDE,actvstrat=,0.026124, actvprof=,1.628431, id=,B29, PRDE,actvstrat=,-0.714518, actvprof=,1.804831, id=,S00, PRDE,actvstrat=,0.615434, actvprof=,9.878928, id=,S01, PRDE,actvstrat=,-1.000000, actvprof=,9.733919, id=,S02, PRDE,actvstrat=,-0.407378, actvprof=,4.048021, id=,S03, PRDE,actvstrat=,0.444961, actvprof=,8.980263, id=,S04, PRDE,actvstrat=,0.883415, actvprof=,11.584308, id=,S05, PRDE,actvstrat=,0.553774, actvprof=,9.555020, id=,S06, PRDE,actvstrat=,0.465936, actvprof=,8.900813, id=,S07, PRDE,actvstrat=,0.822100, actvprof=,11.465134, id=,S08, PRDE,actvstrat=,0.005846, actvprof=,6.822911, id=,S09, PRDE,actvstrat=,-0.367153, actvprof=,4.043577, id=,S10, PRDE,actvstrat=,0.880256, actvprof=,11.494303, id=,S11, PRDE,actvstrat=,0.992218, actvprof=,11.617644, id=,S12, PRDE,actvstrat=,-0.105819, actvprof=,5.580614, id=,S13, PRDE,actvstrat=,-0.224633, actvprof=,4.551941, id=,S14, PRDE,actvstrat=,-0.092023, actvprof=,5.620616, id=,S15, PRDE,actvstrat=,-0.247477, actvprof=,4.479436, id=,S16, PRDE,actvstrat=,-0.693346, actvprof=,3.457708, id=,S17, PRDE,actvstrat=,0.695763, actvprof=,10.605083, id=,S18, PRDE,actvstrat=,0.050416, actvprof=,6.943473, id=,S19, PRDE,actvstrat=,0.787539, actvprof=,11.037053, id=,S20, PRDE,actvstrat=,-0.229591, actvprof=,4.374708, id=,S21, PRDE,actvstrat=,-0.186810, actvprof=,4.420822, id=,S22, PRDE,actvstrat=,-0.201146, actvprof=,4.569719, id=,S23, PRDE,actvstrat=,0.635534, actvprof=,9.993935, id=,S24, PRDE,actvstrat=,-0.990777, actvprof=,6.309824, id=,S25, PRDE,actvstrat=,-1.000000, actvprof=,9.352507, id=,S26, PRDE,actvstrat=,-0.779609, actvprof=,2.689051, id=,S27, PRDE,actvstrat=,0.741924, actvprof=,10.682587, id=,S28, PRDE,actvstrat=,-0.166929, actvprof=,5.166144, id=,S29, PRDE,actvstrat=,-0.201352, actvprof=,5.130309, best_B_id=,B22, best_B_prof=,3.386871, best_B_strat=,-0.935467, best_S_id=,S11, best_S_prof=,11.617644, best_S_strat=,0.992218, 
t=,36000, id=,B00, PRDE,actvstrat=,-0.304186, actvprof=,1.386844, id=,B01, PRDE,actvstrat=,0.694258, actvprof=,2.196589, id=,B02, PRDE,actvstrat=,0.260818, actvprof=,1.762271, id=,B03, PRDE,actvstrat=,-0.914711, actvprof=,3.209395, id=,B04, PRDE,actvstrat=,0.023664, actvprof=,1.620045, id=,B05, PRDE,actvstrat=,-0.572601, actvprof=,1.456846, id=,B06, PRDE,actvstrat=,0.156217, actvprof=,1.736576, id=,B07, PRDE,actvstrat=,-0.387121, actvprof=,1.348093, id=,B08, PRDE,actvstrat=,0.668046, actvprof=,2.171033, id=,B09, PRDE,actvstrat=,0.820924, actvprof=,2.109086, id=,B10, PRDE,actvstrat=,-0.498063, actvprof=,1.453929, id=,B11, PRDE,actvstrat=,0.996211, actvprof=,1.012945, id=,B12, PRDE,actvstrat=,0.740799, actvprof=,2.172005, id=,B13, PRDE,actvstrat=,-0.189852, actvprof=,1.454346, id=,B14, PRDE,actvstrat=,0.709289, actvprof=,2.228534, id=,B15, PRDE,actvstrat=,0.557318, actvprof=,2.191172, id=,B16, PRDE,actvstrat=,-0.862855, actvprof=,2.862996, id=,B17, PRDE,actvstrat=,-0.180669, actvprof=,1.479624, id=,B18, PRDE,actvstrat=,-0.293514, actvprof=,1.490319, id=,B19, PRDE,actvstrat=,0.725975, actvprof=,2.167838, id=,B20, PRDE,actvstrat=,-0.969557, actvprof=,3.040084, id=,B21, PRDE,actvstrat=,-0.841142, actvprof=,2.660074, id=,B22, PRDE,actvstrat=,-0.935467, actvprof=,3.296758, id=,B23, PRDE,actvstrat=,-0.866070, actvprof=,2.756327, id=,B24, PRDE,actvstrat=,0.561189, actvprof=,2.109225, id=,B25, PRDE,actvstrat=,0.964348, actvprof=,1.291425, id=,B26, PRDE,actvstrat=,0.079015, actvprof=,1.577960, id=,B27, PRDE,actvstrat=,-0.300009, actvprof=,1.314481, id=,B28, PRDE,actvstrat=,0.026124, actvprof=,1.621156, id=,B29, PRDE,actvstrat=,-0.714518, actvprof=,1.817412, id=,S00, PRDE,actvstrat=,0.615434, actvprof=,9.897080, id=,S01, PRDE,actvstrat=,-1.000000, actvprof=,9.793328, id=,S02, PRDE,actvstrat=,-0.407378, actvprof=,4.169005, id=,S03, PRDE,actvstrat=,0.444961, actvprof=,9.008028, id=,S04, PRDE,actvstrat=,0.883415, actvprof=,11.613795, id=,S05, PRDE,actvstrat=,0.553774, actvprof=,9.450263, id=,S06, PRDE,actvstrat=,0.465936, actvprof=,8.880386, id=,S07, PRDE,actvstrat=,0.822100, actvprof=,11.386427, id=,S08, PRDE,actvstrat=,0.005846, actvprof=,6.684213, id=,S09, PRDE,actvstrat=,-0.367153, actvprof=,4.086502, id=,S10, PRDE,actvstrat=,0.880256, actvprof=,11.484208, id=,S11, PRDE,actvstrat=,0.992218, actvprof=,11.544904, id=,S12, PRDE,actvstrat=,-0.105819, actvprof=,5.636407, id=,S13, PRDE,actvstrat=,-0.224633, actvprof=,4.405122, id=,S14, PRDE,actvstrat=,-0.092023, actvprof=,5.776549, id=,S15, PRDE,actvstrat=,-0.247477, actvprof=,4.423734, id=,S16, PRDE,actvstrat=,-0.693346, actvprof=,3.420095, id=,S17, PRDE,actvstrat=,0.695763, actvprof=,10.631545, id=,S18, PRDE,actvstrat=,0.050416, actvprof=,6.981444, id=,S19, PRDE,actvstrat=,0.787539, actvprof=,11.057390, id=,S20, PRDE,actvstrat=,-0.229591, actvprof=,4.474985, id=,S21, PRDE,actvstrat=,-0.186810, actvprof=,4.517209, id=,S22, PRDE,actvstrat=,-0.201146, actvprof=,4.586794, id=,S23, PRDE,actvstrat=,0.635534, actvprof=,9.981527, id=,S24, PRDE,actvstrat=,-0.990777, actvprof=,6.299758, id=,S25, PRDE,actvstrat=,-1.000000, actvprof=,9.589850, id=,S26, PRDE,actvstrat=,-0.779609, actvprof=,2.652990, id=,S27, PRDE,actvstrat=,0.741924, actvprof=,10.874191, id=,S28, PRDE,actvstrat=,-0.166929, actvprof=,4.871385, id=,S29, PRDE,actvstrat=,-0.201352, actvprof=,4.755549, best_B_id=,B22, best_B_prof=,3.296758, best_B_strat=,-0.935467, best_S_id=,S04, best_S_prof=,11.613795, best_S_strat=,0.883415, 
t=,39600, id=,B00, PRDE,actvstrat=,-1.000000, actvprof=,2.992680, id=,B01, PRDE,actvstrat=,0.694258, actvprof=,2.494039, id=,B02, PRDE,actvstrat=,0.329059, actvprof=,2.074292, id=,B03, PRDE,actvstrat=,1.000000, actvprof=,1.969563, id=,B04, PRDE,actvstrat=,0.293339, actvprof=,1.922338, id=,B05, PRDE,actvstrat=,1.000000, actvprof=,1.997342, id=,B06, PRDE,actvstrat=,-0.090560, actvprof=,1.378416, id=,B07, PRDE,actvstrat=,-0.467992, actvprof=,1.482589, id=,B08, PRDE,actvstrat=,0.161573, actvprof=,1.751494, id=,B09, PRDE,actvstrat=,-1.000000, actvprof=,3.037961, id=,B10, PRDE,actvstrat=,-0.176326, actvprof=,1.486201, id=,B11, PRDE,actvstrat=,-0.273212, actvprof=,1.288689, id=,B12, PRDE,actvstrat=,0.822426, actvprof=,2.390422, id=,B13, PRDE,actvstrat=,-0.290957, actvprof=,1.319802, id=,B14, PRDE,actvstrat=,0.002928, actvprof=,1.568983, id=,B15, PRDE,actvstrat=,-1.000000, actvprof=,2.933232, id=,B16, PRDE,actvstrat=,-1.000000, actvprof=,2.825726, id=,B17, PRDE,actvstrat=,-0.318592, actvprof=,1.200906, id=,B18, PRDE,actvstrat=,0.704450, actvprof=,2.564877, id=,B19, PRDE,actvstrat=,-0.609848, actvprof=,1.601485, id=,B20, PRDE,actvstrat=,-1.000000, actvprof=,2.972679, id=,B21, PRDE,actvstrat=,-0.841142, actvprof=,2.078181, id=,B22, PRDE,actvstrat=,-0.939338, actvprof=,2.680161, id=,B23, PRDE,actvstrat=,0.669685, actvprof=,2.439591, id=,B24, PRDE,actvstrat=,-1.000000, actvprof=,2.937121, id=,B25, PRDE,actvstrat=,-1.000000, actvprof=,2.991013, id=,B26, PRDE,actvstrat=,-1.000000, actvprof=,2.835171, id=,B27, PRDE,actvstrat=,0.707668, actvprof=,2.395144, id=,B28, PRDE,actvstrat=,0.100133, actvprof=,1.800942, id=,B29, PRDE,actvstrat=,-1.000000, actvprof=,2.990736, id=,S00, PRDE,actvstrat=,0.550586, actvprof=,9.098325, id=,S01, PRDE,actvstrat=,0.341283, actvprof=,8.117433, id=,S02, PRDE,actvstrat=,-0.407378, actvprof=,3.995518, id=,S03, PRDE,actvstrat=,-1.000000, actvprof=,10.118942, id=,S04, PRDE,actvstrat=,-0.371087, actvprof=,3.795506, id=,S05, PRDE,actvstrat=,0.734705, actvprof=,10.565914, id=,S06, PRDE,actvstrat=,0.886294, actvprof=,11.342905, id=,S07, PRDE,actvstrat=,-1.000000, actvprof=,10.128943, id=,S08, PRDE,actvstrat=,0.456624, actvprof=,8.418562, id=,S09, PRDE,actvstrat=,-0.355233, actvprof=,3.780505, id=,S10, PRDE,actvstrat=,1.000000, actvprof=,11.388185, id=,S11, PRDE,actvstrat=,0.254043, actvprof=,7.872140, id=,S12, PRDE,actvstrat=,-1.000000, actvprof=,10.421738, id=,S13, PRDE,actvstrat=,-0.165547, actvprof=,4.564997, id=,S14, PRDE,actvstrat=,1.000000, actvprof=,11.479858, id=,S15, PRDE,actvstrat=,-1.000000, actvprof=,10.148666, id=,S16, PRDE,actvstrat=,0.403524, actvprof=,8.333557, id=,S17, PRDE,actvstrat=,-0.784379, actvprof=,2.367920, id=,S18, PRDE,actvstrat=,0.183936, actvprof=,7.111261, id=,S19, PRDE,actvstrat=,-1.000000, actvprof=,10.080607, id=,S20, PRDE,actvstrat=,-0.405262, actvprof=,3.505211, id=,S21, PRDE,actvstrat=,-1.000000, actvprof=,9.964766, id=,S22, PRDE,actvstrat=,-1.000000, actvprof=,10.465630, id=,S23, PRDE,actvstrat=,0.416109, actvprof=,8.610240, id=,S24, PRDE,actvstrat=,0.570144, actvprof=,9.242501, id=,S25, PRDE,actvstrat=,-0.163924, actvprof=,4.761675, id=,S26, PRDE,actvstrat=,-1.000000, actvprof=,10.159500, id=,S27, PRDE,actvstrat=,-0.754457, actvprof=,2.944066, id=,S28, PRDE,actvstrat=,1.000000, actvprof=,11.504026, id=,S29, PRDE,actvstrat=,-1.000000, actvprof=,10.038938, best_B_id=,B09, best_B_prof=,3.037961, best_B_strat=,-1.000000, best_S_id=,S28, best_S_prof=,11.504026, best_S_strat=,1.000000, 
t=,43200, id=,B00, PRDE,actvstrat=,-1.000000, actvprof=,2.983833, id=,B01, PRDE,actvstrat=,0.694258, actvprof=,2.547293, id=,B02, PRDE,actvstrat=,0.329059, actvprof=,2.181588, id=,B03, PRDE,actvstrat=,1.000000, actvprof=,2.023528, id=,B04, PRDE,actvstrat=,0.293339, actvprof=,1.930331, id=,B05, PRDE,actvstrat=,1.000000, actvprof=,2.027556, id=,B06, PRDE,actvstrat=,-0.090560, actvprof=,1.523237, id=,B07, PRDE,actvstrat=,-0.467992, actvprof=,1.462957, id=,B08, PRDE,actvstrat=,0.161573, actvprof=,1.878802, id=,B09, PRDE,actvstrat=,-1.000000, actvprof=,3.004945, id=,B10, PRDE,actvstrat=,-0.176326, actvprof=,1.528237, id=,B11, PRDE,actvstrat=,-0.273212, actvprof=,1.389066, id=,B12, PRDE,actvstrat=,0.822426, actvprof=,2.470346, id=,B13, PRDE,actvstrat=,-0.290957, actvprof=,1.350732, id=,B14, PRDE,actvstrat=,0.002928, actvprof=,1.635184, id=,B15, PRDE,actvstrat=,-1.000000, actvprof=,3.003833, id=,B16, PRDE,actvstrat=,-1.000000, actvprof=,2.903970, id=,B17, PRDE,actvstrat=,-0.318592, actvprof=,1.245312, id=,B18, PRDE,actvstrat=,0.704450, actvprof=,2.529376, id=,B19, PRDE,actvstrat=,-0.609848, actvprof=,1.567682, id=,B20, PRDE,actvstrat=,-1.000000, actvprof=,2.948971, id=,B21, PRDE,actvstrat=,-0.841142, actvprof=,2.031723, id=,B22, PRDE,actvstrat=,-0.939338, actvprof=,2.656463, id=,B23, PRDE,actvstrat=,0.669685, actvprof=,2.394789, id=,B24, PRDE,actvstrat=,-1.000000, actvprof=,2.955638, id=,B25, PRDE,actvstrat=,-1.000000, actvprof=,2.939943, id=,B26, PRDE,actvstrat=,-1.000000, actvprof=,2.917025, id=,B27, PRDE,actvstrat=,0.707668, actvprof=,2.490347, id=,B28, PRDE,actvstrat=,0.100133, actvprof=,1.816856, id=,B29, PRDE,actvstrat=,-1.000000, actvprof=,3.016195, id=,S00, PRDE,actvstrat=,0.550586, actvprof=,9.160393, id=,S01, PRDE,actvstrat=,0.341283, actvprof=,7.955638, id=,S02, PRDE,actvstrat=,-0.407378, actvprof=,3.931220, id=,S03, PRDE,actvstrat=,-1.000000, actvprof=,10.107503, id=,S04, PRDE,actvstrat=,-0.371087, actvprof=,3.688575, id=,S05, PRDE,actvstrat=,0.734705, actvprof=,10.594044, id=,S06, PRDE,actvstrat=,0.886294, actvprof=,11.268369, id=,S07, PRDE,actvstrat=,-1.000000, actvprof=,10.153199, id=,S08, PRDE,actvstrat=,0.456624, actvprof=,8.355232, id=,S09, PRDE,actvstrat=,-0.355233, actvprof=,3.838718, id=,S10, PRDE,actvstrat=,1.000000, actvprof=,11.493653, id=,S11, PRDE,actvstrat=,0.254043, actvprof=,7.847440, id=,S12, PRDE,actvstrat=,-1.000000, actvprof=,10.276535, id=,S13, PRDE,actvstrat=,-0.165547, actvprof=,4.434151, id=,S14, PRDE,actvstrat=,1.000000, actvprof=,11.495319, id=,S15, PRDE,actvstrat=,-1.000000, actvprof=,10.130420, id=,S16, PRDE,actvstrat=,0.403524, actvprof=,8.281619, id=,S17, PRDE,actvstrat=,-0.784379, actvprof=,2.440484, id=,S18, PRDE,actvstrat=,0.183936, actvprof=,7.323259, id=,S19, PRDE,actvstrat=,-1.000000, actvprof=,10.304036, id=,S20, PRDE,actvstrat=,-0.405262, actvprof=,3.923720, id=,S21, PRDE,actvstrat=,-1.000000, actvprof=,10.068196, id=,S22, PRDE,actvstrat=,-1.000000, actvprof=,10.304592, id=,S23, PRDE,actvstrat=,0.416109, actvprof=,8.584683, id=,S24, PRDE,actvstrat=,0.570144, actvprof=,9.288730, id=,S25, PRDE,actvstrat=,-0.163924, actvprof=,4.565127, id=,S26, PRDE,actvstrat=,-1.000000, actvprof=,10.045557, id=,S27, PRDE,actvstrat=,-0.754457, actvprof=,2.898692, id=,S28, PRDE,actvstrat=,1.000000, actvprof=,11.408095, id=,S29, PRDE,actvstrat=,-1.000000, actvprof=,10.152365, best_B_id=,B29, best_B_prof=,3.016195, best_B_strat=,-1.000000, best_S_id=,S14, best_S_prof=,11.495319, best_S_strat=,1.000000, 
t=,46800, id=,B00, PRDE,actvstrat=,-1.000000, actvprof=,3.592455, id=,B01, PRDE,actvstrat=,-0.005391, actvprof=,1.838452, id=,B02, PRDE,actvstrat=,0.329059, actvprof=,2.422657, id=,B03, PRDE,actvstrat=,-1.000000, actvprof=,3.506061, id=,B04, PRDE,actvstrat=,0.450379, actvprof=,2.664062, id=,B05, PRDE,actvstrat=,0.903920, actvprof=,2.350986, id=,B06, PRDE,actvstrat=,-0.012960, actvprof=,2.015686, id=,B07, PRDE,actvstrat=,0.265619, actvprof=,2.229311, id=,B08, PRDE,actvstrat=,0.068263, actvprof=,1.877066, id=,B09, PRDE,actvstrat=,0.436753, actvprof=,2.464882, id=,B10, PRDE,actvstrat=,-0.176326, actvprof=,1.766781, id=,B11, PRDE,actvstrat=,-0.286651, actvprof=,1.745946, id=,B12, PRDE,actvstrat=,-0.592867, actvprof=,1.946237, id=,B13, PRDE,actvstrat=,-0.290957, actvprof=,1.689832, id=,B14, PRDE,actvstrat=,0.002928, actvprof=,1.904568, id=,B15, PRDE,actvstrat=,1.000000, actvprof=,1.726779, id=,B16, PRDE,actvstrat=,-1.000000, actvprof=,3.564120, id=,B17, PRDE,actvstrat=,-0.318592, actvprof=,1.703999, id=,B18, PRDE,actvstrat=,0.218044, actvprof=,2.161529, id=,B19, PRDE,actvstrat=,-0.609848, actvprof=,2.057911, id=,B20, PRDE,actvstrat=,0.093852, actvprof=,2.029854, id=,B21, PRDE,actvstrat=,-0.433223, actvprof=,1.742335, id=,B22, PRDE,actvstrat=,-0.946219, actvprof=,3.497171, id=,B23, PRDE,actvstrat=,0.086768, actvprof=,2.074301, id=,B24, PRDE,actvstrat=,0.283321, actvprof=,2.367376, id=,B25, PRDE,actvstrat=,-0.911068, actvprof=,3.283268, id=,B26, PRDE,actvstrat=,-1.000000, actvprof=,3.457446, id=,B27, PRDE,actvstrat=,0.288852, actvprof=,2.204865, id=,B28, PRDE,actvstrat=,-0.502505, actvprof=,1.662886, id=,B29, PRDE,actvstrat=,-1.000000, actvprof=,3.508561, id=,S00, PRDE,actvstrat=,0.186067, actvprof=,6.586538, id=,S01, PRDE,actvstrat=,0.373812, actvprof=,7.921069, id=,S02, PRDE,actvstrat=,-0.536020, actvprof=,3.115480, id=,S03, PRDE,actvstrat=,-1.000000, actvprof=,9.925921, id=,S04, PRDE,actvstrat=,0.883415, actvprof=,10.969322, id=,S05, PRDE,actvstrat=,0.734705, actvprof=,10.112600, id=,S06, PRDE,actvstrat=,0.466057, actvprof=,8.361931, id=,S07, PRDE,actvstrat=,-0.116175, actvprof=,5.216727, id=,S08, PRDE,actvstrat=,0.275474, actvprof=,7.352977, id=,S09, PRDE,actvstrat=,-0.394200, actvprof=,3.604122, id=,S10, PRDE,actvstrat=,0.707715, actvprof=,9.921199, id=,S11, PRDE,actvstrat=,0.563044, actvprof=,8.798904, id=,S12, PRDE,actvstrat=,-1.000000, actvprof=,10.216773, id=,S13, PRDE,actvstrat=,0.418852, actvprof=,7.858287, id=,S14, PRDE,actvstrat=,-0.964475, actvprof=,3.089367, id=,S15, PRDE,actvstrat=,-0.481548, actvprof=,3.693295, id=,S16, PRDE,actvstrat=,-0.072758, actvprof=,5.075885, id=,S17, PRDE,actvstrat=,0.640576, actvprof=,8.996972, id=,S18, PRDE,actvstrat=,-0.104495, actvprof=,4.585575, id=,S19, PRDE,actvstrat=,-1.000000, actvprof=,10.029817, id=,S20, PRDE,actvstrat=,-0.163580, actvprof=,3.944700, id=,S21, PRDE,actvstrat=,-0.096143, actvprof=,4.791699, id=,S22, PRDE,actvstrat=,0.116503, actvprof=,6.419583, id=,S23, PRDE,actvstrat=,-0.288963, actvprof=,3.732464, id=,S24, PRDE,actvstrat=,-0.220427, actvprof=,4.099710, id=,S25, PRDE,actvstrat=,0.696663, actvprof=,9.732297, id=,S26, PRDE,actvstrat=,0.994282, actvprof=,10.836536, id=,S27, PRDE,actvstrat=,0.709140, actvprof=,9.808691, id=,S28, PRDE,actvstrat=,0.830491, actvprof=,10.575685, id=,S29, PRDE,actvstrat=,-1.000000, actvprof=,10.298445, best_B_id=,B00, best_B_prof=,3.592455, best_B_strat=,-1.000000, best_S_id=,S04, best_S_prof=,10.969322, best_S_strat=,0.883415, 
t=,50400, id=,B00, PRDE,actvstrat=,-1.000000, actvprof=,3.553162, id=,B01, PRDE,actvstrat=,-0.005391, actvprof=,1.900196, id=,B02, PRDE,actvstrat=,0.329059, actvprof=,2.382433, id=,B03, PRDE,actvstrat=,-1.000000, actvprof=,3.497466, id=,B04, PRDE,actvstrat=,0.450379, actvprof=,2.635913, id=,B05, PRDE,actvstrat=,0.903920, actvprof=,2.340348, id=,B06, PRDE,actvstrat=,-0.012960, actvprof=,1.973948, id=,B07, PRDE,actvstrat=,0.265619, actvprof=,2.299514, id=,B08, PRDE,actvstrat=,0.068263, actvprof=,1.978254, id=,B09, PRDE,actvstrat=,0.436753, actvprof=,2.481186, id=,B10, PRDE,actvstrat=,-0.176326, actvprof=,1.782137, id=,B11, PRDE,actvstrat=,-0.286651, actvprof=,1.740469, id=,B12, PRDE,actvstrat=,-0.592867, actvprof=,1.922836, id=,B13, PRDE,actvstrat=,-0.290957, actvprof=,1.775748, id=,B14, PRDE,actvstrat=,0.002928, actvprof=,1.865612, id=,B15, PRDE,actvstrat=,1.000000, actvprof=,1.694912, id=,B16, PRDE,actvstrat=,-1.000000, actvprof=,3.493022, id=,B17, PRDE,actvstrat=,-0.318592, actvprof=,1.757275, id=,B18, PRDE,actvstrat=,0.218044, actvprof=,2.172982, id=,B19, PRDE,actvstrat=,-0.609848, actvprof=,2.006033, id=,B20, PRDE,actvstrat=,0.093852, actvprof=,1.974365, id=,B21, PRDE,actvstrat=,-0.433223, actvprof=,1.756164, id=,B22, PRDE,actvstrat=,-0.946219, actvprof=,3.390935, id=,B23, PRDE,actvstrat=,0.086768, actvprof=,2.098952, id=,B24, PRDE,actvstrat=,0.283321, actvprof=,2.290763, id=,B25, PRDE,actvstrat=,-0.911068, actvprof=,3.390935, id=,B26, PRDE,actvstrat=,-1.000000, actvprof=,3.449132, id=,B27, PRDE,actvstrat=,0.288852, actvprof=,2.250484, id=,B28, PRDE,actvstrat=,-0.502505, actvprof=,1.795610, id=,B29, PRDE,actvstrat=,-1.000000, actvprof=,3.466354, id=,S00, PRDE,actvstrat=,0.186067, actvprof=,6.838956, id=,S01, PRDE,actvstrat=,0.373812, actvprof=,8.076493, id=,S02, PRDE,actvstrat=,-0.536020, actvprof=,3.375102, id=,S03, PRDE,actvstrat=,-1.000000, actvprof=,9.852102, id=,S04, PRDE,actvstrat=,0.883415, actvprof=,10.947413, id=,S05, PRDE,actvstrat=,0.734705, actvprof=,10.323088, id=,S06, PRDE,actvstrat=,0.466057, actvprof=,8.153023, id=,S07, PRDE,actvstrat=,-0.116175, actvprof=,4.988761, id=,S08, PRDE,actvstrat=,0.275474, actvprof=,7.334387, id=,S09, PRDE,actvstrat=,-0.394200, actvprof=,3.700528, id=,S10, PRDE,actvstrat=,0.707715, actvprof=,9.828212, id=,S11, PRDE,actvstrat=,0.563044, actvprof=,8.797626, id=,S12, PRDE,actvstrat=,-1.000000, actvprof=,10.120443, id=,S13, PRDE,actvstrat=,0.418852, actvprof=,7.660786, id=,S14, PRDE,actvstrat=,-0.964475, actvprof=,3.159401, id=,S15, PRDE,actvstrat=,-0.481548, actvprof=,3.629276, id=,S16, PRDE,actvstrat=,-0.072758, actvprof=,5.130015, id=,S17, PRDE,actvstrat=,0.640576, actvprof=,9.195416, id=,S18, PRDE,actvstrat=,-0.104495, actvprof=,4.714170, id=,S19, PRDE,actvstrat=,-1.000000, actvprof=,10.047386, id=,S20, PRDE,actvstrat=,-0.163580, actvprof=,4.084706, id=,S21, PRDE,actvstrat=,-0.096143, actvprof=,4.931121, id=,S22, PRDE,actvstrat=,0.116503, actvprof=,6.644783, id=,S23, PRDE,actvstrat=,-0.288963, actvprof=,3.790809, id=,S24, PRDE,actvstrat=,-0.220427, actvprof=,4.097207, id=,S25, PRDE,actvstrat=,0.696663, actvprof=,9.865019, id=,S26, PRDE,actvstrat=,0.994282, actvprof=,10.986858, id=,S27, PRDE,actvstrat=,0.709140, actvprof=,9.798073, id=,S28, PRDE,actvstrat=,0.830491, actvprof=,10.606569, id=,S29, PRDE,actvstrat=,-1.000000, actvprof=,10.080581, best_B_id=,B00, best_B_prof=,3.553162, best_B_strat=,-1.000000, best_S_id=,S26, best_S_prof=,10.986858, best_S_strat=,0.994282, 
t=,54000, id=,B00, PRDE,actvstrat=,0.855555, actvprof=,1.641781, id=,B01, PRDE,actvstrat=,0.134539, actvprof=,1.148135, id=,B02, PRDE,actvstrat=,0.031728, actvprof=,1.226196, id=,B03, PRDE,actvstrat=,-0.548842, actvprof=,1.034238, id=,B04, PRDE,actvstrat=,0.136300, actvprof=,1.046462, id=,B05, PRDE,actvstrat=,-1.000000, actvprof=,1.761511, id=,B06, PRDE,actvstrat=,1.000000, actvprof=,0.793388, id=,B07, PRDE,actvstrat=,0.200922, actvprof=,1.238697, id=,B08, PRDE,actvstrat=,0.403689, actvprof=,1.343149, id=,B09, PRDE,actvstrat=,-1.000000, actvprof=,1.686228, id=,B10, PRDE,actvstrat=,-0.498063, actvprof=,0.939787, id=,B11, PRDE,actvstrat=,-0.432009, actvprof=,0.965067, id=,B12, PRDE,actvstrat=,-0.128806, actvprof=,0.927009, id=,B13, PRDE,actvstrat=,-0.073984, actvprof=,1.016459, id=,B14, PRDE,actvstrat=,1.000000, actvprof=,0.729217, id=,B15, PRDE,actvstrat=,-1.000000, actvprof=,1.801514, id=,B16, PRDE,actvstrat=,-1.000000, actvprof=,1.660115, id=,B17, PRDE,actvstrat=,1.000000, actvprof=,0.707271, id=,B18, PRDE,actvstrat=,-1.000000, actvprof=,1.795958, id=,B19, PRDE,actvstrat=,-0.609848, actvprof=,1.177304, id=,B20, PRDE,actvstrat=,-0.108433, actvprof=,1.002847, id=,B21, PRDE,actvstrat=,-1.000000, actvprof=,1.776512, id=,B22, PRDE,actvstrat=,0.952021, actvprof=,0.992013, id=,B23, PRDE,actvstrat=,-1.000000, actvprof=,1.707341, id=,B24, PRDE,actvstrat=,0.605130, actvprof=,1.563997, id=,B25, PRDE,actvstrat=,1.000000, actvprof=,0.685325, id=,B26, PRDE,actvstrat=,-0.438954, actvprof=,1.046739, id=,B27, PRDE,actvstrat=,-0.276429, actvprof=,0.931454, id=,B28, PRDE,actvstrat=,0.660208, actvprof=,1.526217, id=,B29, PRDE,actvstrat=,-1.000000, actvprof=,1.692340, id=,S00, PRDE,actvstrat=,0.915105, actvprof=,12.791444, id=,S01, PRDE,actvstrat=,0.095535, actvprof=,8.036947, id=,S02, PRDE,actvstrat=,-0.450737, actvprof=,4.704493, id=,S03, PRDE,actvstrat=,0.444961, actvprof=,9.960414, id=,S04, PRDE,actvstrat=,-0.288101, actvprof=,4.937010, id=,S05, PRDE,actvstrat=,0.514488, actvprof=,10.106813, id=,S06, PRDE,actvstrat=,0.129746, actvprof=,8.161400, id=,S07, PRDE,actvstrat=,-1.000000, actvprof=,10.257379, id=,S08, PRDE,actvstrat=,0.275474, actvprof=,9.140635, id=,S09, PRDE,actvstrat=,-0.472340, actvprof=,4.855337, id=,S10, PRDE,actvstrat=,1.000000, actvprof=,12.818112, id=,S11, PRDE,actvstrat=,0.474501, actvprof=,10.271269, id=,S12, PRDE,actvstrat=,-1.000000, actvprof=,10.650740, id=,S13, PRDE,actvstrat=,0.301973, actvprof=,9.477603, id=,S14, PRDE,actvstrat=,0.479560, actvprof=,10.102090, id=,S15, PRDE,actvstrat=,0.120470, actvprof=,8.314466, id=,S16, PRDE,actvstrat=,-0.950254, actvprof=,1.365095, id=,S17, PRDE,actvstrat=,1.000000, actvprof=,12.845614, id=,S18, PRDE,actvstrat=,0.582953, actvprof=,10.810473, id=,S19, PRDE,actvstrat=,-1.000000, actvprof=,10.410445, id=,S20, PRDE,actvstrat=,-0.274378, actvprof=,5.073686, id=,S21, PRDE,actvstrat=,-0.144981, actvprof=,5.695118, id=,S22, PRDE,actvstrat=,-0.408845, actvprof=,4.620599, id=,S23, PRDE,actvstrat=,-0.351109, actvprof=,5.080353, id=,S24, PRDE,actvstrat=,-1.000000, actvprof=,10.457671, id=,S25, PRDE,actvstrat=,-0.015926, actvprof=,7.327175, id=,S26, PRDE,actvstrat=,-0.883771, actvprof=,1.642336, id=,S27, PRDE,actvstrat=,-0.780684, actvprof=,3.805264, id=,S28, PRDE,actvstrat=,1.000000, actvprof=,12.655601, id=,S29, PRDE,actvstrat=,0.412206, actvprof=,10.013195, best_B_id=,B15, best_B_prof=,1.801514, best_B_strat=,-1.000000, best_S_id=,S17, best_S_prof=,12.845614, best_S_strat=,1.000000, 
t=,57600, id=,B00, PRDE,actvstrat=,0.855555, actvprof=,1.624505, id=,B01, PRDE,actvstrat=,0.134539, actvprof=,1.215045, id=,B02, PRDE,actvstrat=,0.031728, actvprof=,1.146848, id=,B03, PRDE,actvstrat=,-0.548842, actvprof=,1.055039, id=,B04, PRDE,actvstrat=,0.136300, actvprof=,1.103791, id=,B05, PRDE,actvstrat=,-1.000000, actvprof=,1.743953, id=,B06, PRDE,actvstrat=,1.000000, actvprof=,0.796002, id=,B07, PRDE,actvstrat=,0.200922, actvprof=,1.215323, id=,B08, PRDE,actvstrat=,0.403689, actvprof=,1.344494, id=,B09, PRDE,actvstrat=,-1.000000, actvprof=,1.764093, id=,B10, PRDE,actvstrat=,-0.498063, actvprof=,1.061150, id=,B11, PRDE,actvstrat=,-0.432009, actvprof=,0.971564, id=,B12, PRDE,actvstrat=,-0.128806, actvprof=,0.986148, id=,B13, PRDE,actvstrat=,-0.073984, actvprof=,1.020038, id=,B14, PRDE,actvstrat=,1.000000, actvprof=,0.780584, id=,B15, PRDE,actvstrat=,-1.000000, actvprof=,1.740620, id=,B16, PRDE,actvstrat=,-1.000000, actvprof=,1.740064, id=,B17, PRDE,actvstrat=,1.000000, actvprof=,0.751972, id=,B18, PRDE,actvstrat=,-1.000000, actvprof=,1.739092, id=,B19, PRDE,actvstrat=,-0.609848, actvprof=,1.236574, id=,B20, PRDE,actvstrat=,-0.108433, actvprof=,0.942257, id=,B21, PRDE,actvstrat=,-1.000000, actvprof=,1.742565, id=,B22, PRDE,actvstrat=,0.952021, actvprof=,1.067123, id=,B23, PRDE,actvstrat=,-1.000000, actvprof=,1.761176, id=,B24, PRDE,actvstrat=,0.605130, actvprof=,1.561447, id=,B25, PRDE,actvstrat=,1.000000, actvprof=,0.683220, id=,B26, PRDE,actvstrat=,-0.438954, actvprof=,0.991426, id=,B27, PRDE,actvstrat=,-0.276429, actvprof=,0.927534, id=,B28, PRDE,actvstrat=,0.660208, actvprof=,1.575892, id=,B29, PRDE,actvstrat=,-1.000000, actvprof=,1.789650, id=,S00, PRDE,actvstrat=,0.915105, actvprof=,12.872560, id=,S01, PRDE,actvstrat=,0.095535, actvprof=,7.831818, id=,S02, PRDE,actvstrat=,-0.450737, actvprof=,4.949906, id=,S03, PRDE,actvstrat=,0.444961, actvprof=,9.739111, id=,S04, PRDE,actvstrat=,-0.288101, actvprof=,5.241722, id=,S05, PRDE,actvstrat=,0.514488, actvprof=,10.201767, id=,S06, PRDE,actvstrat=,0.129746, actvprof=,8.184609, id=,S07, PRDE,actvstrat=,-1.000000, actvprof=,10.513306, id=,S08, PRDE,actvstrat=,0.275474, actvprof=,8.975055, id=,S09, PRDE,actvstrat=,-0.472340, actvprof=,4.909348, id=,S10, PRDE,actvstrat=,1.000000, actvprof=,12.823253, id=,S11, PRDE,actvstrat=,0.474501, actvprof=,10.114680, id=,S12, PRDE,actvstrat=,-1.000000, actvprof=,10.629005, id=,S13, PRDE,actvstrat=,0.301973, actvprof=,9.302983, id=,S14, PRDE,actvstrat=,0.479560, actvprof=,10.070234, id=,S15, PRDE,actvstrat=,0.120470, actvprof=,8.192665, id=,S16, PRDE,actvstrat=,-0.950254, actvprof=,1.407691, id=,S17, PRDE,actvstrat=,1.000000, actvprof=,12.881588, id=,S18, PRDE,actvstrat=,0.582953, actvprof=,10.799706, id=,S19, PRDE,actvstrat=,-1.000000, actvprof=,10.459137, id=,S20, PRDE,actvstrat=,-0.274378, actvprof=,5.188248, id=,S21, PRDE,actvstrat=,-0.144981, actvprof=,5.963138, id=,S22, PRDE,actvstrat=,-0.408845, actvprof=,4.913376, id=,S23, PRDE,actvstrat=,-0.351109, actvprof=,5.004630, id=,S24, PRDE,actvstrat=,-1.000000, actvprof=,10.529140, id=,S25, PRDE,actvstrat=,-0.015926, actvprof=,7.294437, id=,S26, PRDE,actvstrat=,-0.883771, actvprof=,1.558947, id=,S27, PRDE,actvstrat=,-0.780684, actvprof=,3.519991, id=,S28, PRDE,actvstrat=,1.000000, actvprof=,12.865754, id=,S29, PRDE,actvstrat=,0.412206, actvprof=,9.860226, best_B_id=,B29, best_B_prof=,1.789650, best_B_strat=,-1.000000, best_S_id=,S17, best_S_prof=,12.881588, best_S_strat=,1.000000, 
t=,61200, id=,B00, PRDE,actvstrat=,-0.521520, actvprof=,1.395375, id=,B01, PRDE,actvstrat=,0.694258, actvprof=,2.108202, id=,B02, PRDE,actvstrat=,0.121129, actvprof=,1.577332, id=,B03, PRDE,actvstrat=,-0.692210, actvprof=,1.478158, id=,B04, PRDE,actvstrat=,0.450379, actvprof=,1.832072, id=,B05, PRDE,actvstrat=,-1.000000, actvprof=,2.697132, id=,B06, PRDE,actvstrat=,0.629420, actvprof=,2.000139, id=,B07, PRDE,actvstrat=,0.200922, actvprof=,1.615390, id=,B08, PRDE,actvstrat=,0.161573, actvprof=,1.575665, id=,B09, PRDE,actvstrat=,-1.000000, actvprof=,2.795750, id=,B10, PRDE,actvstrat=,-0.896522, actvprof=,2.763525, id=,B11, PRDE,actvstrat=,-1.000000, actvprof=,2.857143, id=,B12, PRDE,actvstrat=,-0.479740, actvprof=,1.109244, id=,B13, PRDE,actvstrat=,0.389486, actvprof=,1.730120, id=,B14, PRDE,actvstrat=,0.614975, actvprof=,2.040419, id=,B15, PRDE,actvstrat=,-1.000000, actvprof=,2.761581, id=,B16, PRDE,actvstrat=,-0.547178, actvprof=,1.310924, id=,B17, PRDE,actvstrat=,-0.325842, actvprof=,1.120911, id=,B18, PRDE,actvstrat=,-0.070149, actvprof=,1.462879, id=,B19, PRDE,actvstrat=,-0.382420, actvprof=,1.133134, id=,B20, PRDE,actvstrat=,0.093852, actvprof=,1.425932, id=,B21, PRDE,actvstrat=,-0.690826, actvprof=,1.710119, id=,B22, PRDE,actvstrat=,-0.939338, actvprof=,3.031599, id=,B23, PRDE,actvstrat=,0.669685, actvprof=,2.018751, id=,B24, PRDE,actvstrat=,-1.000000, actvprof=,2.953816, id=,B25, PRDE,actvstrat=,-1.000000, actvprof=,2.899924, id=,B26, PRDE,actvstrat=,0.040548, actvprof=,1.511216, id=,B27, PRDE,actvstrat=,0.288852, actvprof=,1.587055, id=,B28, PRDE,actvstrat=,0.746084, actvprof=,2.124036, id=,B29, PRDE,actvstrat=,-0.453561, actvprof=,1.248420, id=,S00, PRDE,actvstrat=,0.054657, actvprof=,7.141329, id=,S01, PRDE,actvstrat=,-0.684149, actvprof=,3.389680, id=,S02, PRDE,actvstrat=,-0.596896, actvprof=,3.660532, id=,S03, PRDE,actvstrat=,-0.950993, actvprof=,1.397041, id=,S04, PRDE,actvstrat=,0.883415, actvprof=,11.435516, id=,S05, PRDE,actvstrat=,0.514488, actvprof=,8.899229, id=,S06, PRDE,actvstrat=,0.886294, actvprof=,11.568026, id=,S07, PRDE,actvstrat=,-0.509953, actvprof=,3.724148, id=,S08, PRDE,actvstrat=,0.275474, actvprof=,8.145010, id=,S09, PRDE,actvstrat=,-0.745933, actvprof=,2.979929, id=,S10, PRDE,actvstrat=,0.390822, actvprof=,8.350302, id=,S11, PRDE,actvstrat=,0.474501, actvprof=,9.272311, id=,S12, PRDE,actvstrat=,0.964197, actvprof=,11.474130, id=,S13, PRDE,actvstrat=,0.301973, actvprof=,8.080006, id=,S14, PRDE,actvstrat=,1.000000, actvprof=,11.701924, id=,S15, PRDE,actvstrat=,0.120470, actvprof=,7.225224, id=,S16, PRDE,actvstrat=,-0.613176, actvprof=,4.073616, id=,S17, PRDE,actvstrat=,1.000000, actvprof=,11.592194, id=,S18, PRDE,actvstrat=,0.183936, actvprof=,7.381346, id=,S19, PRDE,actvstrat=,-0.222421, actvprof=,4.622265, id=,S20, PRDE,actvstrat=,-0.274378, actvprof=,4.220293, id=,S21, PRDE,actvstrat=,-0.730203, actvprof=,3.206612, id=,S22, PRDE,actvstrat=,-0.465713, actvprof=,3.748594, id=,S23, PRDE,actvstrat=,-0.461592, actvprof=,4.198347, id=,S24, PRDE,actvstrat=,0.570144, actvprof=,9.866519, id=,S25, PRDE,actvstrat=,-1.000000, actvprof=,9.430099, id=,S26, PRDE,actvstrat=,-1.000000, actvprof=,9.570387, id=,S27, PRDE,actvstrat=,0.473546, actvprof=,9.005348, id=,S28, PRDE,actvstrat=,0.928746, actvprof=,11.723592, id=,S29, PRDE,actvstrat=,-0.995061, actvprof=,6.526287, best_B_id=,B22, best_B_prof=,3.031599, best_B_strat=,-0.939338, best_S_id=,S28, best_S_prof=,11.723592, best_S_strat=,0.928746, 
t=,64800, id=,B00, PRDE,actvstrat=,-0.521520, actvprof=,1.332265, id=,B01, PRDE,actvstrat=,0.694258, actvprof=,2.051733, id=,B02, PRDE,actvstrat=,0.121129, actvprof=,1.514077, id=,B03, PRDE,actvstrat=,-0.692210, actvprof=,1.523938, id=,B04, PRDE,actvstrat=,0.450379, actvprof=,1.836865, id=,B05, PRDE,actvstrat=,-1.000000, actvprof=,2.841759, id=,B06, PRDE,actvstrat=,0.629420, actvprof=,1.996037, id=,B07, PRDE,actvstrat=,0.200922, actvprof=,1.576718, id=,B08, PRDE,actvstrat=,0.161573, actvprof=,1.532689, id=,B09, PRDE,actvstrat=,-1.000000, actvprof=,2.829536, id=,B10, PRDE,actvstrat=,-0.896522, actvprof=,2.813008, id=,B11, PRDE,actvstrat=,-1.000000, actvprof=,2.835647, id=,B12, PRDE,actvstrat=,-0.479740, actvprof=,1.245179, id=,B13, PRDE,actvstrat=,0.389486, actvprof=,1.752001, id=,B14, PRDE,actvstrat=,0.614975, actvprof=,2.006037, id=,B15, PRDE,actvstrat=,-1.000000, actvprof=,2.738144, id=,B16, PRDE,actvstrat=,-0.547178, actvprof=,1.360044, id=,B17, PRDE,actvstrat=,-0.325842, actvprof=,1.118508, id=,B18, PRDE,actvstrat=,-0.070149, actvprof=,1.363794, id=,B19, PRDE,actvstrat=,-0.382420, actvprof=,1.210178, id=,B20, PRDE,actvstrat=,0.093852, actvprof=,1.434491, id=,B21, PRDE,actvstrat=,-0.690826, actvprof=,1.651720, id=,B22, PRDE,actvstrat=,-0.939338, actvprof=,2.963568, id=,B23, PRDE,actvstrat=,0.669685, actvprof=,2.033399, id=,B24, PRDE,actvstrat=,-1.000000, actvprof=,2.911761, id=,B25, PRDE,actvstrat=,-1.000000, actvprof=,2.817730, id=,B26, PRDE,actvstrat=,0.040548, actvprof=,1.432269, id=,B27, PRDE,actvstrat=,0.288852, actvprof=,1.635886, id=,B28, PRDE,actvstrat=,0.746084, actvprof=,2.108541, id=,B29, PRDE,actvstrat=,-0.453561, actvprof=,1.238235, id=,S00, PRDE,actvstrat=,0.054657, actvprof=,7.120647, id=,S01, PRDE,actvstrat=,-0.684149, actvprof=,3.549976, id=,S02, PRDE,actvstrat=,-0.596896, actvprof=,3.664563, id=,S03, PRDE,actvstrat=,-0.950993, actvprof=,1.476437, id=,S04, PRDE,actvstrat=,0.883415, actvprof=,11.484400, id=,S05, PRDE,actvstrat=,0.514488, actvprof=,9.245716, id=,S06, PRDE,actvstrat=,0.886294, actvprof=,11.490650, id=,S07, PRDE,actvstrat=,-0.509953, actvprof=,3.823596, id=,S08, PRDE,actvstrat=,0.275474, actvprof=,8.120680, id=,S09, PRDE,actvstrat=,-0.745933, actvprof=,2.938567, id=,S10, PRDE,actvstrat=,0.390822, actvprof=,8.372632, id=,S11, PRDE,actvstrat=,0.474501, actvprof=,9.149046, id=,S12, PRDE,actvstrat=,0.964197, actvprof=,11.536068, id=,S13, PRDE,actvstrat=,0.301973, actvprof=,8.008593, id=,S14, PRDE,actvstrat=,1.000000, actvprof=,11.616488, id=,S15, PRDE,actvstrat=,0.120470, actvprof=,7.020089, id=,S16, PRDE,actvstrat=,-0.613176, actvprof=,3.948184, id=,S17, PRDE,actvstrat=,1.000000, actvprof=,11.722880, id=,S18, PRDE,actvstrat=,0.183936, actvprof=,7.394962, id=,S19, PRDE,actvstrat=,-0.222421, actvprof=,4.605427, id=,S20, PRDE,actvstrat=,-0.274378, actvprof=,4.308890, id=,S21, PRDE,actvstrat=,-0.730203, actvprof=,3.206215, id=,S22, PRDE,actvstrat=,-0.465713, actvprof=,3.951239, id=,S23, PRDE,actvstrat=,-0.461592, actvprof=,4.074715, id=,S24, PRDE,actvstrat=,0.570144, actvprof=,9.779345, id=,S25, PRDE,actvstrat=,-1.000000, actvprof=,9.610311, id=,S26, PRDE,actvstrat=,-1.000000, actvprof=,9.586144, id=,S27, PRDE,actvstrat=,0.473546, actvprof=,9.094878, id=,S28, PRDE,actvstrat=,0.928746, actvprof=,11.702601, id=,S29, PRDE,actvstrat=,-0.995061, actvprof=,6.677022, best_B_id=,B22, best_B_prof=,2.963568, best_B_strat=,-0.939338, best_S_id=,S17, best_S_prof=,11.722880, best_S_strat=,1.000000, 
t=,68400, id=,B00, PRDE,actvstrat=,0.178217, actvprof=,0.822569, id=,B01, PRDE,actvstrat=,0.663029, actvprof=,1.103425, id=,B02, PRDE,actvstrat=,0.495403, actvprof=,0.977581, id=,B03, PRDE,actvstrat=,1.000000, actvprof=,0.456149, id=,B04, PRDE,actvstrat=,0.450379, actvprof=,1.012862, id=,B05, PRDE,actvstrat=,1.000000, actvprof=,0.428091, id=,B06, PRDE,actvstrat=,-0.542383, actvprof=,0.740895, id=,B07, PRDE,actvstrat=,0.118897, actvprof=,0.766731, id=,B08, PRDE,actvstrat=,1.000000, actvprof=,0.438370, id=,B09, PRDE,actvstrat=,-0.782916, actvprof=,1.391227, id=,B10, PRDE,actvstrat=,-0.940466, actvprof=,1.749590, id=,B11, PRDE,actvstrat=,-1.000000, actvprof=,1.133428, id=,B12, PRDE,actvstrat=,1.000000, actvprof=,0.501431, id=,B13, PRDE,actvstrat=,0.296792, actvprof=,1.007584, id=,B14, PRDE,actvstrat=,-1.000000, actvprof=,1.109259, id=,B15, PRDE,actvstrat=,-1.000000, actvprof=,1.118427, id=,B16, PRDE,actvstrat=,0.594784, actvprof=,1.068145, id=,B17, PRDE,actvstrat=,1.000000, actvprof=,0.493652, id=,B18, PRDE,actvstrat=,-1.000000, actvprof=,1.205378, id=,B19, PRDE,actvstrat=,-0.713759, actvprof=,0.963136, id=,B20, PRDE,actvstrat=,-0.286746, actvprof=,0.581993, id=,B21, PRDE,actvstrat=,-1.000000, actvprof=,1.113982, id=,B22, PRDE,actvstrat=,0.955806, actvprof=,0.737839, id=,B23, PRDE,actvstrat=,-0.390183, actvprof=,0.524210, id=,B24, PRDE,actvstrat=,1.000000, actvprof=,0.431980, id=,B25, PRDE,actvstrat=,1.000000, actvprof=,0.493652, id=,B26, PRDE,actvstrat=,-0.523061, actvprof=,0.658388, id=,B27, PRDE,actvstrat=,0.307711, actvprof=,0.888685, id=,B28, PRDE,actvstrat=,0.440848, actvprof=,0.989527, id=,B29, PRDE,actvstrat=,-0.264103, actvprof=,0.605050, id=,S00, PRDE,actvstrat=,0.801921, actvprof=,12.851627, id=,S01, PRDE,actvstrat=,-0.921410, actvprof=,0.797011, id=,S02, PRDE,actvstrat=,-0.333811, actvprof=,5.319054, id=,S03, PRDE,actvstrat=,-0.671802, actvprof=,4.728727, id=,S04, PRDE,actvstrat=,-0.288101, actvprof=,5.035975, id=,S05, PRDE,actvstrat=,0.514488, actvprof=,11.029808, id=,S06, PRDE,actvstrat=,0.617246, actvprof=,11.894325, id=,S07, PRDE,actvstrat=,-1.000000, actvprof=,10.832569, id=,S08, PRDE,actvstrat=,-0.484605, actvprof=,5.255994, id=,S09, PRDE,actvstrat=,-0.745933, actvprof=,3.980332, id=,S10, PRDE,actvstrat=,1.000000, actvprof=,13.398894, id=,S11, PRDE,actvstrat=,0.033586, actvprof=,7.637303, id=,S12, PRDE,actvstrat=,-0.769056, actvprof=,4.128122, id=,S13, PRDE,actvstrat=,-0.443990, actvprof=,5.287107, id=,S14, PRDE,actvstrat=,0.397855, actvprof=,10.694225, id=,S15, PRDE,actvstrat=,0.343017, actvprof=,9.996666, id=,S16, PRDE,actvstrat=,0.447472, actvprof=,10.454205, id=,S17, PRDE,actvstrat=,1.000000, actvprof=,13.421118, id=,S18, PRDE,actvstrat=,0.294522, actvprof=,9.544129, id=,S19, PRDE,actvstrat=,-1.000000, actvprof=,10.769786, id=,S20, PRDE,actvstrat=,-0.274378, actvprof=,5.671862, id=,S21, PRDE,actvstrat=,-1.000000, actvprof=,10.528100, id=,S22, PRDE,actvstrat=,-0.465713, actvprof=,5.411840, id=,S23, PRDE,actvstrat=,0.891780, actvprof=,13.447787, id=,S24, PRDE,actvstrat=,-0.011787, actvprof=,7.848710, id=,S25, PRDE,actvstrat=,-0.661301, actvprof=,4.699836, id=,S26, PRDE,actvstrat=,-1.000000, actvprof=,10.674778, id=,S27, PRDE,actvstrat=,1.000000, actvprof=,13.636692, id=,S28, PRDE,actvstrat=,0.130810, actvprof=,9.011584, id=,S29, PRDE,actvstrat=,-0.721510, actvprof=,4.610662, best_B_id=,B10, best_B_prof=,1.749590, best_B_strat=,-0.940466, best_S_id=,S27, best_S_prof=,13.636692, best_S_strat=,1.000000, 
t=,72000, id=,B00, PRDE,actvstrat=,0.178217, actvprof=,0.790170, id=,B01, PRDE,actvstrat=,0.663029, actvprof=,1.183241, id=,B02, PRDE,actvstrat=,0.495403, actvprof=,1.052958, id=,B03, PRDE,actvstrat=,1.000000, actvprof=,0.440573, id=,B04, PRDE,actvstrat=,0.450379, actvprof=,1.045874, id=,B05, PRDE,actvstrat=,1.000000, actvprof=,0.451823, id=,B06, PRDE,actvstrat=,-0.542383, actvprof=,0.691416, id=,B07, PRDE,actvstrat=,0.118897, actvprof=,0.777392, id=,B08, PRDE,actvstrat=,1.000000, actvprof=,0.470157, id=,B09, PRDE,actvstrat=,-0.782916, actvprof=,1.302551, id=,B10, PRDE,actvstrat=,-0.940466, actvprof=,1.724096, id=,B11, PRDE,actvstrat=,-1.000000, actvprof=,1.180463, id=,B12, PRDE,actvstrat=,1.000000, actvprof=,0.458074, id=,B13, PRDE,actvstrat=,0.296792, actvprof=,0.946565, id=,B14, PRDE,actvstrat=,-1.000000, actvprof=,1.201019, id=,B15, PRDE,actvstrat=,-1.000000, actvprof=,1.173102, id=,B16, PRDE,actvstrat=,0.594784, actvprof=,1.130183, id=,B17, PRDE,actvstrat=,1.000000, actvprof=,0.471546, id=,B18, PRDE,actvstrat=,-1.000000, actvprof=,1.245605, id=,B19, PRDE,actvstrat=,-0.713759, actvprof=,0.956149, id=,B20, PRDE,actvstrat=,-0.286746, actvprof=,0.568911, id=,B21, PRDE,actvstrat=,-1.000000, actvprof=,1.235743, id=,B22, PRDE,actvstrat=,0.955806, actvprof=,0.806698, id=,B23, PRDE,actvstrat=,-0.390183, actvprof=,0.589607, id=,B24, PRDE,actvstrat=,1.000000, actvprof=,0.442656, id=,B25, PRDE,actvstrat=,1.000000, actvprof=,0.488908, id=,B26, PRDE,actvstrat=,-0.523061, actvprof=,0.737112, id=,B27, PRDE,actvstrat=,0.307711, actvprof=,0.885035, id=,B28, PRDE,actvstrat=,0.440848, actvprof=,0.993789, id=,B29, PRDE,actvstrat=,-0.264103, actvprof=,0.665026, id=,S00, PRDE,actvstrat=,0.801921, actvprof=,12.952454, id=,S01, PRDE,actvstrat=,-0.921410, actvprof=,0.985317, id=,S02, PRDE,actvstrat=,-0.333811, actvprof=,5.232567, id=,S03, PRDE,actvstrat=,-0.671802, actvprof=,4.771438, id=,S04, PRDE,actvstrat=,-0.288101, actvprof=,5.256457, id=,S05, PRDE,actvstrat=,0.514488, actvprof=,10.822926, id=,S06, PRDE,actvstrat=,0.617246, actvprof=,11.830743, id=,S07, PRDE,actvstrat=,-1.000000, actvprof=,10.816815, id=,S08, PRDE,actvstrat=,-0.484605, actvprof=,5.310903, id=,S09, PRDE,actvstrat=,-0.745933, actvprof=,4.058910, id=,S10, PRDE,actvstrat=,1.000000, actvprof=,13.394555, id=,S11, PRDE,actvstrat=,0.033586, actvprof=,7.866421, id=,S12, PRDE,actvstrat=,-0.769056, actvprof=,3.855846, id=,S13, PRDE,actvstrat=,-0.443990, actvprof=,5.164231, id=,S14, PRDE,actvstrat=,0.397855, actvprof=,10.629307, id=,S15, PRDE,actvstrat=,0.343017, actvprof=,9.902890, id=,S16, PRDE,actvstrat=,0.447472, actvprof=,10.457912, id=,S17, PRDE,actvstrat=,1.000000, actvprof=,13.542061, id=,S18, PRDE,actvstrat=,0.294522, actvprof=,9.455650, id=,S19, PRDE,actvstrat=,-1.000000, actvprof=,10.668059, id=,S20, PRDE,actvstrat=,-0.274378, actvprof=,5.357294, id=,S21, PRDE,actvstrat=,-1.000000, actvprof=,10.714311, id=,S22, PRDE,actvstrat=,-0.465713, actvprof=,5.329237, id=,S23, PRDE,actvstrat=,0.891780, actvprof=,13.315524, id=,S24, PRDE,actvstrat=,-0.011787, actvprof=,7.883782, id=,S25, PRDE,actvstrat=,-0.661301, actvprof=,4.651155, id=,S26, PRDE,actvstrat=,-1.000000, actvprof=,10.835288, id=,S27, PRDE,actvstrat=,1.000000, actvprof=,13.625675, id=,S28, PRDE,actvstrat=,0.130810, actvprof=,8.812986, id=,S29, PRDE,actvstrat=,-0.721510, actvprof=,4.648238, best_B_id=,B10, best_B_prof=,1.724096, best_B_strat=,-0.940466, best_S_id=,S27, best_S_prof=,13.625675, best_S_strat=,1.000000, 
t=,75600, id=,B00, PRDE,actvstrat=,0.472771, actvprof=,1.479859, id=,B01, PRDE,actvstrat=,0.663029, actvprof=,1.744328, id=,B02, PRDE,actvstrat=,0.495403, actvprof=,1.539865, id=,B03, PRDE,actvstrat=,-1.000000, actvprof=,2.412446, id=,B04, PRDE,actvstrat=,0.293339, actvprof=,1.285397, id=,B05, PRDE,actvstrat=,-1.000000, actvprof=,2.185202, id=,B06, PRDE,actvstrat=,-0.090560, actvprof=,1.084823, id=,B07, PRDE,actvstrat=,0.226170, actvprof=,1.224002, id=,B08, PRDE,actvstrat=,1.000000, actvprof=,0.842022, id=,B09, PRDE,actvstrat=,-1.000000, actvprof=,2.419391, id=,B10, PRDE,actvstrat=,-0.940466, actvprof=,2.392999, id=,B11, PRDE,actvstrat=,-1.000000, actvprof=,2.265765, id=,B12, PRDE,actvstrat=,0.912927, actvprof=,1.587925, id=,B13, PRDE,actvstrat=,0.296792, actvprof=,1.310677, id=,B14, PRDE,actvstrat=,-0.224765, actvprof=,0.830910, id=,B15, PRDE,actvstrat=,-0.783335, actvprof=,1.454857, id=,B16, PRDE,actvstrat=,-1.000000, actvprof=,2.280211, id=,B17, PRDE,actvstrat=,0.436275, actvprof=,1.518196, id=,B18, PRDE,actvstrat=,0.704450, actvprof=,1.723771, id=,B19, PRDE,actvstrat=,-0.870110, actvprof=,2.102695, id=,B20, PRDE,actvstrat=,-1.000000, actvprof=,2.219094, id=,B21, PRDE,actvstrat=,-0.841142, actvprof=,1.701824, id=,B22, PRDE,actvstrat=,-0.946219, actvprof=,2.364108, id=,B23, PRDE,actvstrat=,-1.000000, actvprof=,2.369108, id=,B24, PRDE,actvstrat=,-1.000000, actvprof=,2.387165, id=,B25, PRDE,actvstrat=,-0.378569, actvprof=,0.793962, id=,B26, PRDE,actvstrat=,-0.576797, actvprof=,0.946199, id=,B27, PRDE,actvstrat=,0.307711, actvprof=,1.395407, id=,B28, PRDE,actvstrat=,0.100133, actvprof=,1.181220, id=,B29, PRDE,actvstrat=,-0.080128, actvprof=,1.112881, id=,S00, PRDE,actvstrat=,0.801921, actvprof=,11.942495, id=,S01, PRDE,actvstrat=,0.341283, actvprof=,8.593573, id=,S02, PRDE,actvstrat=,-0.450737, actvprof=,4.278730, id=,S03, PRDE,actvstrat=,-0.671802, actvprof=,3.925363, id=,S04, PRDE,actvstrat=,0.269456, actvprof=,8.621632, id=,S05, PRDE,actvstrat=,0.624597, actvprof=,10.924900, id=,S06, PRDE,actvstrat=,0.676115, actvprof=,10.842393, id=,S07, PRDE,actvstrat=,0.662891, actvprof=,10.466525, id=,S08, PRDE,actvstrat=,0.059517, actvprof=,7.437355, id=,S09, PRDE,actvstrat=,-0.355233, actvprof=,4.947403, id=,S10, PRDE,actvstrat=,0.519251, actvprof=,9.692564, id=,S11, PRDE,actvstrat=,0.254043, actvprof=,7.877118, id=,S12, PRDE,actvstrat=,-0.711320, actvprof=,3.823410, id=,S13, PRDE,actvstrat=,0.287550, actvprof=,8.391333, id=,S14, PRDE,actvstrat=,0.145035, actvprof=,7.635151, id=,S15, PRDE,actvstrat=,0.240669, actvprof=,8.279378, id=,S16, PRDE,actvstrat=,-0.072758, actvprof=,5.561348, id=,S17, PRDE,actvstrat=,1.000000, actvprof=,12.426706, id=,S18, PRDE,actvstrat=,0.582953, actvprof=,10.173998, id=,S19, PRDE,actvstrat=,0.493325, actvprof=,9.568664, id=,S20, PRDE,actvstrat=,-0.274378, actvprof=,4.820446, id=,S21, PRDE,actvstrat=,0.338571, actvprof=,8.788869, id=,S22, PRDE,actvstrat=,-0.928915, actvprof=,0.766460, id=,S23, PRDE,actvstrat=,-0.351109, actvprof=,4.505973, id=,S24, PRDE,actvstrat=,-1.000000, actvprof=,9.181683, id=,S25, PRDE,actvstrat=,-0.059170, actvprof=,6.621169, id=,S26, PRDE,actvstrat=,0.994282, actvprof=,12.428929, id=,S27, PRDE,actvstrat=,1.000000, actvprof=,12.410594, id=,S28, PRDE,actvstrat=,0.130810, actvprof=,7.588758, id=,S29, PRDE,actvstrat=,-1.000000, actvprof=,8.525512, best_B_id=,B09, best_B_prof=,2.419391, best_B_strat=,-1.000000, best_S_id=,S26, best_S_prof=,12.428929, best_S_strat=,0.994282, 
t=,79200, id=,B00, PRDE,actvstrat=,0.472771, actvprof=,1.541044, id=,B01, PRDE,actvstrat=,0.663029, actvprof=,1.718413, id=,B02, PRDE,actvstrat=,0.495403, actvprof=,1.572573, id=,B03, PRDE,actvstrat=,-1.000000, actvprof=,2.432752, id=,B04, PRDE,actvstrat=,0.293339, actvprof=,1.343257, id=,B05, PRDE,actvstrat=,-1.000000, actvprof=,2.306357, id=,B06, PRDE,actvstrat=,-0.090560, actvprof=,1.066855, id=,B07, PRDE,actvstrat=,0.226170, actvprof=,1.327145, id=,B08, PRDE,actvstrat=,1.000000, actvprof=,0.903375, id=,B09, PRDE,actvstrat=,-1.000000, actvprof=,2.371776, id=,B10, PRDE,actvstrat=,-0.940466, actvprof=,2.447891, id=,B11, PRDE,actvstrat=,-1.000000, actvprof=,2.291634, id=,B12, PRDE,actvstrat=,0.912927, actvprof=,1.571878, id=,B13, PRDE,actvstrat=,0.296792, actvprof=,1.313672, id=,B14, PRDE,actvstrat=,-0.224765, actvprof=,0.918376, id=,B15, PRDE,actvstrat=,-0.783335, actvprof=,1.475207, id=,B16, PRDE,actvstrat=,-1.000000, actvprof=,2.316635, id=,B17, PRDE,actvstrat=,0.436275, actvprof=,1.496458, id=,B18, PRDE,actvstrat=,0.704450, actvprof=,1.790083, id=,B19, PRDE,actvstrat=,-0.870110, actvprof=,2.055373, id=,B20, PRDE,actvstrat=,-1.000000, actvprof=,2.245798, id=,B21, PRDE,actvstrat=,-0.841142, actvprof=,1.853141, id=,B22, PRDE,actvstrat=,-0.946219, actvprof=,2.440807, id=,B23, PRDE,actvstrat=,-1.000000, actvprof=,2.339414, id=,B24, PRDE,actvstrat=,-1.000000, actvprof=,2.319830, id=,B25, PRDE,actvstrat=,-0.378569, actvprof=,0.814899, id=,B26, PRDE,actvstrat=,-0.576797, actvprof=,1.012686, id=,B27, PRDE,actvstrat=,0.307711, actvprof=,1.385481, id=,B28, PRDE,actvstrat=,0.100133, actvprof=,1.188388, id=,B29, PRDE,actvstrat=,-0.080128, actvprof=,1.175610, id=,S00, PRDE,actvstrat=,0.801921, actvprof=,11.997083, id=,S01, PRDE,actvstrat=,0.341283, actvprof=,8.850965, id=,S02, PRDE,actvstrat=,-0.450737, actvprof=,4.522293, id=,S03, PRDE,actvstrat=,-0.671802, actvprof=,3.802815, id=,S04, PRDE,actvstrat=,0.269456, actvprof=,8.433724, id=,S05, PRDE,actvstrat=,0.624597, actvprof=,10.728136, id=,S06, PRDE,actvstrat=,0.676115, actvprof=,10.690495, id=,S07, PRDE,actvstrat=,0.662891, actvprof=,10.538821, id=,S08, PRDE,actvstrat=,0.059517, actvprof=,7.362702, id=,S09, PRDE,actvstrat=,-0.355233, actvprof=,4.464373, id=,S10, PRDE,actvstrat=,0.519251, actvprof=,9.651280, id=,S11, PRDE,actvstrat=,0.254043, actvprof=,8.095236, id=,S12, PRDE,actvstrat=,-0.711320, actvprof=,3.995741, id=,S13, PRDE,actvstrat=,0.287550, actvprof=,8.573036, id=,S14, PRDE,actvstrat=,0.145035, actvprof=,7.628687, id=,S15, PRDE,actvstrat=,0.240669, actvprof=,8.286773, id=,S16, PRDE,actvstrat=,-0.072758, actvprof=,5.707348, id=,S17, PRDE,actvstrat=,1.000000, actvprof=,12.374323, id=,S18, PRDE,actvstrat=,0.582953, actvprof=,10.307422, id=,S19, PRDE,actvstrat=,0.493325, actvprof=,9.786148, id=,S20, PRDE,actvstrat=,-0.274378, actvprof=,4.762720, id=,S21, PRDE,actvstrat=,0.338571, actvprof=,8.604148, id=,S22, PRDE,actvstrat=,-0.928915, actvprof=,0.790314, id=,S23, PRDE,actvstrat=,-0.351109, actvprof=,4.531738, id=,S24, PRDE,actvstrat=,-1.000000, actvprof=,9.087365, id=,S25, PRDE,actvstrat=,-0.059170, actvprof=,6.562387, id=,S26, PRDE,actvstrat=,0.994282, actvprof=,12.306681, id=,S27, PRDE,actvstrat=,1.000000, actvprof=,12.343627, id=,S28, PRDE,actvstrat=,0.130810, actvprof=,7.440900, id=,S29, PRDE,actvstrat=,-1.000000, actvprof=,8.860549, best_B_id=,B10, best_B_prof=,2.447891, best_B_strat=,-0.940466, best_S_id=,S17, best_S_prof=,12.374323, best_S_strat=,1.000000, 
t=,82800, id=,B00, PRDE,actvstrat=,0.178217, actvprof=,1.330703, id=,B01, PRDE,actvstrat=,-0.174444, actvprof=,0.865930, id=,B02, PRDE,actvstrat=,0.294250, actvprof=,1.377931, id=,B03, PRDE,actvstrat=,-0.532978, actvprof=,0.794811, id=,B04, PRDE,actvstrat=,0.607419, actvprof=,1.812701, id=,B05, PRDE,actvstrat=,0.624081, actvprof=,1.736582, id=,B06, PRDE,actvstrat=,-1.000000, actvprof=,2.450550, id=,B07, PRDE,actvstrat=,0.226170, actvprof=,1.373208, id=,B08, PRDE,actvstrat=,-0.628431, actvprof=,1.014835, id=,B09, PRDE,actvstrat=,-0.792598, actvprof=,1.339315, id=,B10, PRDE,actvstrat=,-0.940466, actvprof=,2.355262, id=,B11, PRDE,actvstrat=,-0.856164, actvprof=,1.940771, id=,B12, PRDE,actvstrat=,-1.000000, actvprof=,2.373041, id=,B13, PRDE,actvstrat=,-1.000000, actvprof=,2.371097, id=,B14, PRDE,actvstrat=,-0.205798, actvprof=,1.038449, id=,B15, PRDE,actvstrat=,-0.017719, actvprof=,1.128459, id=,B16, PRDE,actvstrat=,1.000000, actvprof=,1.112346, id=,B17, PRDE,actvstrat=,0.298352, actvprof=,1.357095, id=,B18, PRDE,actvstrat=,-0.800164, actvprof=,1.419047, id=,B19, PRDE,actvstrat=,-1.000000, actvprof=,2.399155, id=,B20, PRDE,actvstrat=,-1.000000, actvprof=,2.398044, id=,B21, PRDE,actvstrat=,-0.396263, actvprof=,0.901211, id=,B22, PRDE,actvstrat=,-0.946219, actvprof=,2.281642, id=,B23, PRDE,actvstrat=,-1.000000, actvprof=,2.375820, id=,B24, PRDE,actvstrat=,1.000000, actvprof=,0.991221, id=,B25, PRDE,actvstrat=,0.696432, actvprof=,1.717691, id=,B26, PRDE,actvstrat=,-1.000000, actvprof=,2.356373, id=,B27, PRDE,actvstrat=,-0.376419, actvprof=,0.890099, id=,B28, PRDE,actvstrat=,1.000000, actvprof=,0.933159, id=,B29, PRDE,actvstrat=,-0.411282, actvprof=,0.837871, id=,S00, PRDE,actvstrat=,0.882881, actvprof=,12.061340, id=,S01, PRDE,actvstrat=,-1.000000, actvprof=,9.736082, id=,S02, PRDE,actvstrat=,-0.379629, actvprof=,4.767752, id=,S03, PRDE,actvstrat=,-0.419855, actvprof=,4.382987, id=,S04, PRDE,actvstrat=,0.325858, actvprof=,8.220636, id=,S05, PRDE,actvstrat=,-1.000000, actvprof=,9.551339, id=,S06, PRDE,actvstrat=,0.558377, actvprof=,10.295311, id=,S07, PRDE,actvstrat=,-1.000000, actvprof=,9.924158, id=,S08, PRDE,actvstrat=,0.710772, actvprof=,11.106234, id=,S09, PRDE,actvstrat=,-0.478350, actvprof=,4.246861, id=,S10, PRDE,actvstrat=,1.000000, actvprof=,12.320536, id=,S11, PRDE,actvstrat=,0.254043, actvprof=,8.397878, id=,S12, PRDE,actvstrat=,0.964197, actvprof=,12.373597, id=,S13, PRDE,actvstrat=,-0.472335, actvprof=,4.561896, id=,S14, PRDE,actvstrat=,0.161376, actvprof=,7.565563, id=,S15, PRDE,actvstrat=,0.445365, actvprof=,9.480498, id=,S16, PRDE,actvstrat=,-0.052982, actvprof=,6.459884, id=,S17, PRDE,actvstrat=,-0.571066, actvprof=,4.271030, id=,S18, PRDE,actvstrat=,0.802314, actvprof=,11.731026, id=,S19, PRDE,actvstrat=,-0.769125, actvprof=,3.022280, id=,S20, PRDE,actvstrat=,-0.304118, actvprof=,4.708023, id=,S21, PRDE,actvstrat=,-1.000000, actvprof=,9.580787, id=,S22, PRDE,actvstrat=,-0.836275, actvprof=,2.250250, id=,S23, PRDE,actvstrat=,0.907129, actvprof=,12.323036, id=,S24, PRDE,actvstrat=,-0.802357, actvprof=,2.409434, id=,S25, PRDE,actvstrat=,0.018669, actvprof=,7.185521, id=,S26, PRDE,actvstrat=,-0.854714, actvprof=,1.584621, id=,S27, PRDE,actvstrat=,1.000000, actvprof=,12.250806, id=,S28, PRDE,actvstrat=,0.304648, actvprof=,8.094788, id=,S29, PRDE,actvstrat=,-0.491606, actvprof=,4.069897, best_B_id=,B06, best_B_prof=,2.450550, best_B_strat=,-1.000000, best_S_id=,S12, best_S_prof=,12.373597, best_S_strat=,0.964197, 
