t=,1, id=,B00, PRDE,actvstrat=,-0.938176, actvprof=,0.000000, id=,B01, PRDE,actvstrat=,-0.384761, actvprof=,0.000000, id=,B02, PRDE,actvstrat=,-0.592725, actvprof=,0.000000, id=,B03, PRDE,actvstrat=,0.160741, actvprof=,0.000000, id=,B04, PRDE,actvstrat=,0.885959, actvprof=,0.000000, id=,B05, PRDE,actvstrat=,0.789552, actvprof=,0.000000, id=,B06, PRDE,actvstrat=,-0.486099, actvprof=,0.000000, id=,B07, PRDE,actvstrat=,0.440857, actvprof=,0.000000, id=,B08, PRDE,actvstrat=,0.535369, actvprof=,0.000000, id=,B09, PRDE,actvstrat=,0.709341, actvprof=,0.000000, id=,B10, PRDE,actvstrat=,-0.819800, actvprof=,0.000000, id=,B11, PRDE,actvstrat=,0.223013, actvprof=,0.000000, id=,B12, PRDE,actvstrat=,-0.800999, actvprof=,0.000000, id=,B13, PRDE,actvstrat=,0.783931, actvprof=,0.000000, id=,B14, PRDE,actvstrat=,-0.555135, actvprof=,0.000000, id=,B15, PRDE,actvstrat=,-0.667495, actvprof=,0.000000, id=,B16, PRDE,actvstrat=,-0.250698, actvprof=,0.000000, id=,B17, PRDE,actvstrat=,-0.430824, actvprof=,0.000000, id=,B18, PRDE,actvstrat=,0.672224, actvprof=,0.000000, id=,B19, PRDE,actvstrat=,0.485442, actvprof=,0.000000, id=,B20, PRDE,actvstrat=,-0.761325, actvprof=,0.000000, id=,B21, PRDE,actvstrat=,-0.666850, actvprof=,0.000000, id=,B22, PRDE,actvstrat=,0.308613, actvprof=,0.000000, id=,B23, PRDE,actvstrat=,0.028906, actvprof=,0.000000, id=,B24, PRDE,actvstrat=,0.211433, actvprof=,0.000000, id=,B25, PRDE,actvstrat=,-0.500349, actvprof=,0.000000, id=,B26, PRDE,actvstrat=,0.316643, actvprof=,0.000000, id=,B27, PRDE,actvstrat=,-0.941966, actvprof=,0.000000, id=,B28, PRDE,actvstrat=,0.883507, actvprof=,0.000000, id=,B29, PRDE,actvstrat=,-0.511122, actvprof=,0.000000, id=,S00, PRDE,actvstrat=,0.382166, actvprof=,0.000000, id=,S01, PRDE,actvstrat=,0.965900, actvprof=,0.000000, id=,S02, PRDE,actvstrat=,-0.858085, actvprof=,0.000000, id=,S03, PRDE,actvstrat=,0.876064, actvprof=,0.000000, id=,S04, PRDE,actvstrat=,0.010936, actvprof=,0.000000, id=,S05, PRDE,actvstrat=,0.478599, actvprof=,0.000000, id=,S06, PRDE,actvstrat=,0.534270, actvprof=,0.000000, id=,S07, PRDE,actvstrat=,0.009208, actvprof=,0.000000, id=,S08, PRDE,actvstrat=,-0.060984, actvprof=,0.000000, id=,S09, PRDE,actvstrat=,0.216106, actvprof=,0.000000, id=,S10, PRDE,actvstrat=,-0.055026, actvprof=,0.000000, id=,S11, PRDE,actvstrat=,-0.368519, actvprof=,0.000000, id=,S12, PRDE,actvstrat=,-0.240875, actvprof=,0.000000, id=,S13, PRDE,actvstrat=,0.497979, actvprof=,0.000000, id=,S14, PRDE,actvstrat=,0.226221, actvprof=,0.000000, id=,S15, PRDE,actvstrat=,0.689243, actvprof=,0.000000, id=,S16, PRDE,actvstrat=,-0.448543, actvprof=,0.000000, id=,S17, PRDE,actvstrat=,-0.915749, actvprof=,0.000000, id=,S18, PRDE,actvstrat=,-0.808561, actvprof=,0.000000, id=,S19, PRDE,actvstrat=,-0.887709, actvprof=,0.000000, id=,S20, PRDE,actvstrat=,-0.764689, actvprof=,0.000000, id=,S21, PRDE,actvstrat=,-0.210884, actvprof=,0.000000, id=,S22, PRDE,actvstrat=,0.338660, actvprof=,0.000000, id=,S23, PRDE,actvstrat=,-0.741461, actvprof=,0.000000, id=,S24, PRDE,actvstrat=,0.602831, actvprof=,0.000000, id=,S25, PRDE,actvstrat=,-0.662541, actvprof=,0.000000, id=,S26, PRDE,actvstrat=,0.686855, actvprof=,0.000000, id=,S27, PRDE,actvstrat=,0.244892, actvprof=,0.000000, id=,S28, PRDE,actvstrat=,-0.667987, actvprof=,0.000000, id=,S29, PRDE,actvstrat=,0.281829, actvprof=,0.000000, best_B_id=,B00, best_B_prof=,0.000000, best_B_strat=,-0.938176, best_S_id=,S00, best_S_prof=,0.000000, best_S_strat=,0.382166, 
t=,3600, id=,B00, PRDE,actvstrat=,-0.938176, actvprof=,3.344707, id=,B01, PRDE,actvstrat=,-0.384761, actvprof=,1.508326, id=,B02, PRDE,actvstrat=,-0.592725, actvprof=,1.832769, id=,B03, PRDE,actvstrat=,0.160741, actvprof=,1.892213, id=,B04, PRDE,actvstrat=,0.885959, actvprof=,2.057213, id=,B05, PRDE,actvstrat=,0.789552, actvprof=,2.311934, id=,B06, PRDE,actvstrat=,-0.486099, actvprof=,1.567493, id=,B07, PRDE,actvstrat=,0.440857, actvprof=,2.398044, id=,B08, PRDE,actvstrat=,0.535369, actvprof=,2.351656, id=,B09, PRDE,actvstrat=,0.709341, actvprof=,2.304989, id=,B10, PRDE,actvstrat=,-0.819800, actvprof=,2.934153, id=,B11, PRDE,actvstrat=,0.223013, actvprof=,1.950824, id=,B12, PRDE,actvstrat=,-0.800999, actvprof=,2.801376, id=,B13, PRDE,actvstrat=,0.783931, actvprof=,2.492766, id=,B14, PRDE,actvstrat=,-0.555135, actvprof=,1.622492, id=,B15, PRDE,actvstrat=,-0.667495, actvprof=,2.072490, id=,B16, PRDE,actvstrat=,-0.250698, actvprof=,1.551659, id=,B17, PRDE,actvstrat=,-0.430824, actvprof=,1.624715, id=,B18, PRDE,actvstrat=,0.672224, actvprof=,2.400822, id=,B19, PRDE,actvstrat=,0.485442, actvprof=,2.091379, id=,B20, PRDE,actvstrat=,-0.761325, actvprof=,2.361100, id=,B21, PRDE,actvstrat=,-0.666850, actvprof=,1.887213, id=,B22, PRDE,actvstrat=,0.308613, actvprof=,2.110824, id=,B23, PRDE,actvstrat=,0.028906, actvprof=,1.751936, id=,B24, PRDE,actvstrat=,0.211433, actvprof=,1.959158, id=,B25, PRDE,actvstrat=,-0.500349, actvprof=,1.545548, id=,B26, PRDE,actvstrat=,0.316643, actvprof=,2.048324, id=,B27, PRDE,actvstrat=,-0.941966, actvprof=,3.371373, id=,B28, PRDE,actvstrat=,0.883507, actvprof=,2.081101, id=,B29, PRDE,actvstrat=,-0.511122, actvprof=,1.665548, id=,S00, PRDE,actvstrat=,0.382166, actvprof=,9.109402, id=,S01, PRDE,actvstrat=,0.965900, actvprof=,11.257170, id=,S02, PRDE,actvstrat=,-0.858085, actvprof=,2.390267, id=,S03, PRDE,actvstrat=,0.876064, actvprof=,11.268281, id=,S04, PRDE,actvstrat=,0.010936, actvprof=,7.567743, id=,S05, PRDE,actvstrat=,0.478599, actvprof=,9.551900, id=,S06, PRDE,actvstrat=,0.534270, actvprof=,9.913010, id=,S07, PRDE,actvstrat=,0.009208, actvprof=,7.697742, id=,S08, PRDE,actvstrat=,-0.060984, actvprof=,7.299966, id=,S09, PRDE,actvstrat=,0.216106, actvprof=,8.341628, id=,S10, PRDE,actvstrat=,-0.055026, actvprof=,7.503854, id=,S11, PRDE,actvstrat=,-0.368519, actvprof=,5.332753, id=,S12, PRDE,actvstrat=,-0.240875, actvprof=,6.119694, id=,S13, PRDE,actvstrat=,0.497979, actvprof=,9.854954, id=,S14, PRDE,actvstrat=,0.226221, actvprof=,8.516627, id=,S15, PRDE,actvstrat=,0.689243, actvprof=,10.531896, id=,S16, PRDE,actvstrat=,-0.448543, actvprof=,4.934699, id=,S17, PRDE,actvstrat=,-0.915749, actvprof=,2.241656, id=,S18, PRDE,actvstrat=,-0.808561, actvprof=,2.981931, id=,S19, PRDE,actvstrat=,-0.887709, actvprof=,2.202212, id=,S20, PRDE,actvstrat=,-0.764689, actvprof=,3.737760, id=,S21, PRDE,actvstrat=,-0.210884, actvprof=,6.046916, id=,S22, PRDE,actvstrat=,0.338660, actvprof=,8.713571, id=,S23, PRDE,actvstrat=,-0.741461, actvprof=,4.075537, id=,S24, PRDE,actvstrat=,0.602831, actvprof=,9.853010, id=,S25, PRDE,actvstrat=,-0.662541, actvprof=,4.672756, id=,S26, PRDE,actvstrat=,0.686855, actvprof=,10.505229, id=,S27, PRDE,actvstrat=,0.244892, actvprof=,8.569683, id=,S28, PRDE,actvstrat=,-0.667987, actvprof=,4.550534, id=,S29, PRDE,actvstrat=,0.281829, actvprof=,8.584405, best_B_id=,B27, best_B_prof=,3.371373, best_B_strat=,-0.941966, best_S_id=,S03, best_S_prof=,11.268281, best_S_strat=,0.876064, 
t=,7200, id=,B00, PRDE,actvstrat=,0.626125, actvprof=,0.000000, id=,B01, PRDE,actvstrat=,0.130223, actvprof=,0.000000, id=,B02, PRDE,actvstrat=,-0.813912, actvprof=,0.000000, id=,B03, PRDE,actvstrat=,0.762642, actvprof=,0.000000, id=,B04, PRDE,actvstrat=,0.481152, actvprof=,0.000000, id=,B05, PRDE,actvstrat=,0.889340, actvprof=,0.000000, id=,B06, PRDE,actvstrat=,0.619131, actvprof=,0.000000, id=,B07, PRDE,actvstrat=,0.036053, actvprof=,0.000000, id=,B08, PRDE,actvstrat=,-0.399744, actvprof=,0.000000, id=,B09, PRDE,actvstrat=,-0.980669, actvprof=,0.000000, id=,B10, PRDE,actvstrat=,-0.325316, actvprof=,0.000000, id=,B11, PRDE,actvstrat=,-0.901717, actvprof=,0.000000, id=,B12, PRDE,actvstrat=,-0.132046, actvprof=,0.000000, id=,B13, PRDE,actvstrat=,0.410613, actvprof=,0.000000, id=,B14, PRDE,actvstrat=,0.003496, actvprof=,0.000000, id=,B15, PRDE,actvstrat=,0.415098, actvprof=,0.000000, id=,B16, PRDE,actvstrat=,-0.715745, actvprof=,0.000000, id=,B17, PRDE,actvstrat=,0.675967, actvprof=,0.000000, id=,B18, PRDE,actvstrat=,-0.466461, actvprof=,0.000000, id=,B19, PRDE,actvstrat=,0.676768, actvprof=,0.000000, id=,B20, PRDE,actvstrat=,-0.470635, actvprof=,0.000000, id=,B21, PRDE,actvstrat=,0.969580, actvprof=,0.000000, id=,B22, PRDE,actvstrat=,-0.759047, actvprof=,0.000000, id=,B23, PRDE,actvstrat=,0.373924, actvprof=,0.000000, id=,B24, PRDE,actvstrat=,0.321213, actvprof=,0.000000, id=,B25, PRDE,actvstrat=,0.684809, actvprof=,0.000000, id=,B26, PRDE,actvstrat=,0.931837, actvprof=,0.000000, id=,B27, PRDE,actvstrat=,0.705592, actvprof=,0.000000, id=,B28, PRDE,actvstrat=,0.757810, actvprof=,0.000000, id=,B29, PRDE,actvstrat=,0.360587, actvprof=,0.000000, id=,S00, PRDE,actvstrat=,-0.682845, actvprof=,0.000000, id=,S01, PRDE,actvstrat=,0.491680, actvprof=,0.000000, id=,S02, PRDE,actvstrat=,0.787540, actvprof=,0.000000, id=,S03, PRDE,actvstrat=,-0.336302, actvprof=,0.000000, id=,S04, PRDE,actvstrat=,-0.410390, actvprof=,0.000000, id=,S05, PRDE,actvstrat=,-0.678566, actvprof=,0.000000, id=,S06, PRDE,actvstrat=,-0.082058, actvprof=,0.000000, id=,S07, PRDE,actvstrat=,0.160410, actvprof=,0.000000, id=,S08, PRDE,actvstrat=,-0.006746, actvprof=,0.000000, id=,S09, PRDE,actvstrat=,0.949599, actvprof=,0.000000, id=,S10, PRDE,actvstrat=,0.302919, actvprof=,0.000000, id=,S11, PRDE,actvstrat=,-0.490710, actvprof=,0.000000, id=,S12, PRDE,actvstrat=,-0.955954, actvprof=,0.000000, id=,S13, PRDE,actvstrat=,0.585719, actvprof=,0.000000, id=,S14, PRDE,actvstrat=,-0.261567, actvprof=,0.000000, id=,S15, PRDE,actvstrat=,-0.578389, actvprof=,0.000000, id=,S16, PRDE,actvstrat=,-0.842063, actvprof=,0.000000, id=,S17, PRDE,actvstrat=,0.161185, actvprof=,0.000000, id=,S18, PRDE,actvstrat=,-0.763017, actvprof=,0.000000, id=,S19, PRDE,actvstrat=,0.710644, actvprof=,0.000000, id=,S20, PRDE,actvstrat=,-0.605607, actvprof=,0.000000, id=,S21, PRDE,actvstrat=,0.653246, actvprof=,0.000000, id=,S22, PRDE,actvstrat=,0.202796, actvprof=,0.000000, id=,S23, PRDE,actvstrat=,-0.843858, actvprof=,0.000000, id=,S24, PRDE,actvstrat=,0.818946, actvprof=,0.000000, id=,S25, PRDE,actvstrat=,0.113954, actvprof=,0.000000, id=,S26, PRDE,actvstrat=,0.243527, actvprof=,0.000000, id=,S27, PRDE,actvstrat=,0.423778, actvprof=,0.000000, id=,S28, PRDE,actvstrat=,-0.950030, actvprof=,0.000000, id=,S29, PRDE,actvstrat=,0.706489, actvprof=,0.000000, best_B_id=,B00, best_B_prof=,0.000000, best_B_strat=,0.626125, best_S_id=,S00, best_S_prof=,0.000000, best_S_strat=,-0.682845, 
t=,10800, id=,B00, PRDE,actvstrat=,0.626125, actvprof=,1.829444, id=,B01, PRDE,actvstrat=,0.130223, actvprof=,1.382500, id=,B02, PRDE,actvstrat=,-0.813912, actvprof=,2.129722, id=,B03, PRDE,actvstrat=,0.762642, actvprof=,1.967778, id=,B04, PRDE,actvstrat=,0.481152, actvprof=,1.709167, id=,B05, PRDE,actvstrat=,0.889340, actvprof=,1.637222, id=,B06, PRDE,actvstrat=,0.619131, actvprof=,1.943889, id=,B07, PRDE,actvstrat=,0.036053, actvprof=,1.186667, id=,B08, PRDE,actvstrat=,-0.399744, actvprof=,1.106944, id=,B09, PRDE,actvstrat=,-0.980669, actvprof=,2.260833, id=,B10, PRDE,actvstrat=,-0.325316, actvprof=,1.079444, id=,B11, PRDE,actvstrat=,-0.901717, actvprof=,3.048333, id=,B12, PRDE,actvstrat=,-0.132046, actvprof=,1.224444, id=,B13, PRDE,actvstrat=,0.410613, actvprof=,1.588333, id=,B14, PRDE,actvstrat=,0.003496, actvprof=,1.390556, id=,B15, PRDE,actvstrat=,0.415098, actvprof=,1.668333, id=,B16, PRDE,actvstrat=,-0.715745, actvprof=,1.807222, id=,B17, PRDE,actvstrat=,0.675967, actvprof=,1.883056, id=,B18, PRDE,actvstrat=,-0.466461, actvprof=,1.160556, id=,B19, PRDE,actvstrat=,0.676768, actvprof=,1.816944, id=,B20, PRDE,actvstrat=,-0.470635, actvprof=,1.210833, id=,B21, PRDE,actvstrat=,0.969580, actvprof=,0.929444, id=,B22, PRDE,actvstrat=,-0.759047, actvprof=,1.929167, id=,B23, PRDE,actvstrat=,0.373924, actvprof=,1.644444, id=,B24, PRDE,actvstrat=,0.321213, actvprof=,1.514444, id=,B25, PRDE,actvstrat=,0.684809, actvprof=,1.836944, id=,B26, PRDE,actvstrat=,0.931837, actvprof=,1.284167, id=,B27, PRDE,actvstrat=,0.705592, actvprof=,1.854167, id=,B28, PRDE,actvstrat=,0.757810, actvprof=,1.956389, id=,B29, PRDE,actvstrat=,0.360587, actvprof=,1.645000, id=,S00, PRDE,actvstrat=,-0.682845, actvprof=,4.816389, id=,S01, PRDE,actvstrat=,0.491680, actvprof=,10.655278, id=,S02, PRDE,actvstrat=,0.787540, actvprof=,12.207222, id=,S03, PRDE,actvstrat=,-0.336302, actvprof=,6.026111, id=,S04, PRDE,actvstrat=,-0.410390, actvprof=,6.011111, id=,S05, PRDE,actvstrat=,-0.678566, actvprof=,5.192500, id=,S06, PRDE,actvstrat=,-0.082058, actvprof=,7.249167, id=,S07, PRDE,actvstrat=,0.160410, actvprof=,8.852500, id=,S08, PRDE,actvstrat=,-0.006746, actvprof=,7.912500, id=,S09, PRDE,actvstrat=,0.949599, actvprof=,12.194167, id=,S10, PRDE,actvstrat=,0.302919, actvprof=,9.846667, id=,S11, PRDE,actvstrat=,-0.490710, actvprof=,6.101389, id=,S12, PRDE,actvstrat=,-0.955954, actvprof=,2.740833, id=,S13, PRDE,actvstrat=,0.585719, actvprof=,10.880833, id=,S14, PRDE,actvstrat=,-0.261567, actvprof=,6.414444, id=,S15, PRDE,actvstrat=,-0.578389, actvprof=,5.839167, id=,S16, PRDE,actvstrat=,-0.842063, actvprof=,3.151111, id=,S17, PRDE,actvstrat=,0.161185, actvprof=,8.847222, id=,S18, PRDE,actvstrat=,-0.763017, actvprof=,4.421389, id=,S19, PRDE,actvstrat=,0.710644, actvprof=,11.556389, id=,S20, PRDE,actvstrat=,-0.605607, actvprof=,5.659167, id=,S21, PRDE,actvstrat=,0.653246, actvprof=,10.979167, id=,S22, PRDE,actvstrat=,0.202796, actvprof=,9.325278, id=,S23, PRDE,actvstrat=,-0.843858, actvprof=,2.945556, id=,S24, PRDE,actvstrat=,0.818946, actvprof=,12.001389, id=,S25, PRDE,actvstrat=,0.113954, actvprof=,8.834722, id=,S26, PRDE,actvstrat=,0.243527, actvprof=,9.583056, id=,S27, PRDE,actvstrat=,0.423778, actvprof=,10.282222, id=,S28, PRDE,actvstrat=,-0.950030, actvprof=,2.667222, id=,S29, PRDE,actvstrat=,0.706489, actvprof=,11.379444, best_B_id=,B11, best_B_prof=,3.048333, best_B_strat=,-0.901717, best_S_id=,S02, best_S_prof=,12.207222, best_S_strat=,0.787540, 
t=,14400, id=,B00, PRDE,actvstrat=,-0.452105, actvprof=,0.000000, id=,B01, PRDE,actvstrat=,-0.296812, actvprof=,0.000000, id=,B02, PRDE,actvstrat=,0.670768, actvprof=,0.000000, id=,B03, PRDE,actvstrat=,0.169451, actvprof=,0.000000, id=,B04, PRDE,actvstrat=,0.481152, actvprof=,0.000000, id=,B05, PRDE,actvstrat=,-0.813484, actvprof=,0.000000, id=,B06, PRDE,actvstrat=,0.200600, actvprof=,0.000000, id=,B07, PRDE,actvstrat=,0.873608, actvprof=,0.000000, id=,B08, PRDE,actvstrat=,0.816575, actvprof=,0.000000, id=,B09, PRDE,actvstrat=,0.670365, actvprof=,0.000000, id=,B10, PRDE,actvstrat=,-0.819800, actvprof=,0.000000, id=,B11, PRDE,actvstrat=,0.859289, actvprof=,0.000000, id=,B12, PRDE,actvstrat=,-0.800999, actvprof=,0.000000, id=,B13, PRDE,actvstrat=,0.410613, actvprof=,0.000000, id=,B14, PRDE,actvstrat=,0.126058, actvprof=,0.000000, id=,B15, PRDE,actvstrat=,0.415098, actvprof=,0.000000, id=,B16, PRDE,actvstrat=,0.087092, actvprof=,0.000000, id=,B17, PRDE,actvstrat=,-0.819002, actvprof=,0.000000, id=,B18, PRDE,actvstrat=,0.790357, actvprof=,0.000000, id=,B19, PRDE,actvstrat=,-0.533612, actvprof=,0.000000, id=,B20, PRDE,actvstrat=,-0.470635, actvprof=,0.000000, id=,B21, PRDE,actvstrat=,0.224466, actvprof=,0.000000, id=,B22, PRDE,actvstrat=,-0.760582, actvprof=,0.000000, id=,B23, PRDE,actvstrat=,0.419836, actvprof=,0.000000, id=,B24, PRDE,actvstrat=,-0.889791, actvprof=,0.000000, id=,B25, PRDE,actvstrat=,0.684809, actvprof=,0.000000, id=,B26, PRDE,actvstrat=,0.604122, actvprof=,0.000000, id=,B27, PRDE,actvstrat=,0.705592, actvprof=,0.000000, id=,B28, PRDE,actvstrat=,-0.539663, actvprof=,0.000000, id=,B29, PRDE,actvstrat=,-0.529172, actvprof=,0.000000, id=,S00, PRDE,actvstrat=,0.595095, actvprof=,0.000000, id=,S01, PRDE,actvstrat=,0.237813, actvprof=,0.000000, id=,S02, PRDE,actvstrat=,0.229861, actvprof=,0.000000, id=,S03, PRDE,actvstrat=,-0.146380, actvprof=,0.000000, id=,S04, PRDE,actvstrat=,-0.363882, actvprof=,0.000000, id=,S05, PRDE,actvstrat=,-0.678566, actvprof=,0.000000, id=,S06, PRDE,actvstrat=,0.979753, actvprof=,0.000000, id=,S07, PRDE,actvstrat=,0.220155, actvprof=,0.000000, id=,S08, PRDE,actvstrat=,-0.006746, actvprof=,0.000000, id=,S09, PRDE,actvstrat=,0.949599, actvprof=,0.000000, id=,S10, PRDE,actvstrat=,0.779561, actvprof=,0.000000, id=,S11, PRDE,actvstrat=,0.088874, actvprof=,0.000000, id=,S12, PRDE,actvstrat=,0.230395, actvprof=,0.000000, id=,S13, PRDE,actvstrat=,0.180542, actvprof=,0.000000, id=,S14, PRDE,actvstrat=,-0.878868, actvprof=,0.000000, id=,S15, PRDE,actvstrat=,-0.318403, actvprof=,0.000000, id=,S16, PRDE,actvstrat=,-0.842063, actvprof=,0.000000, id=,S17, PRDE,actvstrat=,-0.355710, actvprof=,0.000000, id=,S18, PRDE,actvstrat=,0.109935, actvprof=,0.000000, id=,S19, PRDE,actvstrat=,0.337991, actvprof=,0.000000, id=,S20, PRDE,actvstrat=,-0.605607, actvprof=,0.000000, id=,S21, PRDE,actvstrat=,-0.103168, actvprof=,0.000000, id=,S22, PRDE,actvstrat=,0.202796, actvprof=,0.000000, id=,S23, PRDE,actvstrat=,-0.843858, actvprof=,0.000000, id=,S24, PRDE,actvstrat=,0.818946, actvprof=,0.000000, id=,S25, PRDE,actvstrat=,0.636167, actvprof=,0.000000, id=,S26, PRDE,actvstrat=,0.243527, actvprof=,0.000000, id=,S27, PRDE,actvstrat=,-0.297650, actvprof=,0.000000, id=,S28, PRDE,actvstrat=,-0.950030, actvprof=,0.000000, id=,S29, PRDE,actvstrat=,-0.409091, actvprof=,0.000000, best_B_id=,B00, best_B_prof=,0.000000, best_B_strat=,-0.452105, best_S_id=,S00, best_S_prof=,0.000000, best_S_strat=,0.595095, 
t=,18000, id=,B00, PRDE,actvstrat=,-0.452105, actvprof=,1.373049, id=,B01, PRDE,actvstrat=,-0.296812, actvprof=,1.290272, id=,B02, PRDE,actvstrat=,0.670768, actvprof=,2.219156, id=,B03, PRDE,actvstrat=,0.169451, actvprof=,1.684159, id=,B04, PRDE,actvstrat=,0.481152, actvprof=,1.949991, id=,B05, PRDE,actvstrat=,-0.813484, actvprof=,2.588044, id=,B06, PRDE,actvstrat=,0.200600, actvprof=,1.715825, id=,B07, PRDE,actvstrat=,0.873608, actvprof=,1.802214, id=,B08, PRDE,actvstrat=,0.816575, actvprof=,2.146101, id=,B09, PRDE,actvstrat=,0.670365, actvprof=,2.253601, id=,B10, PRDE,actvstrat=,-0.819800, actvprof=,2.607210, id=,B11, PRDE,actvstrat=,0.859289, actvprof=,1.978880, id=,B12, PRDE,actvstrat=,-0.800999, actvprof=,2.501655, id=,B13, PRDE,actvstrat=,0.410613, actvprof=,1.847214, id=,B14, PRDE,actvstrat=,0.126058, actvprof=,1.718325, id=,B15, PRDE,actvstrat=,0.415098, actvprof=,1.991935, id=,B16, PRDE,actvstrat=,0.087092, actvprof=,1.591382, id=,B17, PRDE,actvstrat=,-0.819002, actvprof=,2.521377, id=,B18, PRDE,actvstrat=,0.790357, actvprof=,2.076935, id=,B19, PRDE,actvstrat=,-0.533612, actvprof=,1.437216, id=,B20, PRDE,actvstrat=,-0.470635, actvprof=,1.414993, id=,B21, PRDE,actvstrat=,0.224466, actvprof=,1.729714, id=,B22, PRDE,actvstrat=,-0.760582, actvprof=,2.058324, id=,B23, PRDE,actvstrat=,0.419836, actvprof=,1.931102, id=,B24, PRDE,actvstrat=,-0.889791, actvprof=,3.254429, id=,B25, PRDE,actvstrat=,0.684809, actvprof=,2.060268, id=,B26, PRDE,actvstrat=,0.604122, actvprof=,2.186101, id=,B27, PRDE,actvstrat=,0.705592, actvprof=,2.141101, id=,B28, PRDE,actvstrat=,-0.539663, actvprof=,1.509715, id=,B29, PRDE,actvstrat=,-0.529172, actvprof=,1.224717, id=,S00, PRDE,actvstrat=,0.595095, actvprof=,10.361896, id=,S01, PRDE,actvstrat=,0.237813, actvprof=,8.328573, id=,S02, PRDE,actvstrat=,0.229861, actvprof=,8.880237, id=,S03, PRDE,actvstrat=,-0.146380, actvprof=,6.189694, id=,S04, PRDE,actvstrat=,-0.363882, actvprof=,5.697196, id=,S05, PRDE,actvstrat=,-0.678566, actvprof=,4.753589, id=,S06, PRDE,actvstrat=,0.979753, actvprof=,11.522169, id=,S07, PRDE,actvstrat=,0.220155, actvprof=,8.874403, id=,S08, PRDE,actvstrat=,-0.006746, actvprof=,7.869408, id=,S09, PRDE,actvstrat=,0.949599, actvprof=,11.762446, id=,S10, PRDE,actvstrat=,0.779561, actvprof=,11.533280, id=,S11, PRDE,actvstrat=,0.088874, actvprof=,7.978852, id=,S12, PRDE,actvstrat=,0.230395, actvprof=,8.988292, id=,S13, PRDE,actvstrat=,0.180542, actvprof=,8.932181, id=,S14, PRDE,actvstrat=,-0.878868, actvprof=,2.360545, id=,S15, PRDE,actvstrat=,-0.318403, actvprof=,5.918584, id=,S16, PRDE,actvstrat=,-0.842063, actvprof=,2.317767, id=,S17, PRDE,actvstrat=,-0.355710, actvprof=,5.208309, id=,S18, PRDE,actvstrat=,0.109935, actvprof=,8.371350, id=,S19, PRDE,actvstrat=,0.337991, actvprof=,9.444956, id=,S20, PRDE,actvstrat=,-0.605607, actvprof=,5.553863, id=,S21, PRDE,actvstrat=,-0.103168, actvprof=,6.682191, id=,S22, PRDE,actvstrat=,0.202796, actvprof=,8.615793, id=,S23, PRDE,actvstrat=,-0.843858, actvprof=,2.760821, id=,S24, PRDE,actvstrat=,0.818946, actvprof=,11.578558, id=,S25, PRDE,actvstrat=,0.636167, actvprof=,10.376341, id=,S26, PRDE,actvstrat=,0.243527, actvprof=,8.699682, id=,S27, PRDE,actvstrat=,-0.297650, actvprof=,5.593863, id=,S28, PRDE,actvstrat=,-0.950030, actvprof=,2.547488, id=,S29, PRDE,actvstrat=,-0.409091, actvprof=,5.602474, best_B_id=,B24, best_B_prof=,3.254429, best_B_strat=,-0.889791, best_S_id=,S09, best_S_prof=,11.762446, best_S_strat=,0.949599, 
t=,21600, id=,B00, PRDE,actvstrat=,-0.452105, actvprof=,1.337778, id=,B01, PRDE,actvstrat=,-0.296812, actvprof=,1.286944, id=,B02, PRDE,actvstrat=,0.670768, actvprof=,2.130833, id=,B03, PRDE,actvstrat=,0.169451, actvprof=,1.661806, id=,B04, PRDE,actvstrat=,0.481152, actvprof=,1.966806, id=,B05, PRDE,actvstrat=,-0.813484, actvprof=,2.463750, id=,B06, PRDE,actvstrat=,0.200600, actvprof=,1.657778, id=,B07, PRDE,actvstrat=,0.873608, actvprof=,1.823472, id=,B08, PRDE,actvstrat=,0.816575, actvprof=,2.081528, id=,B09, PRDE,actvstrat=,0.670365, actvprof=,2.183472, id=,B10, PRDE,actvstrat=,-0.819800, actvprof=,2.592778, id=,B11, PRDE,actvstrat=,0.859289, actvprof=,1.993472, id=,B12, PRDE,actvstrat=,-0.800999, actvprof=,2.490694, id=,B13, PRDE,actvstrat=,0.410613, actvprof=,1.916111, id=,B14, PRDE,actvstrat=,0.126058, actvprof=,1.746667, id=,B15, PRDE,actvstrat=,0.415098, actvprof=,2.025833, id=,B16, PRDE,actvstrat=,0.087092, actvprof=,1.580694, id=,B17, PRDE,actvstrat=,-0.819002, actvprof=,2.473889, id=,B18, PRDE,actvstrat=,0.790357, actvprof=,2.116944, id=,B19, PRDE,actvstrat=,-0.533612, actvprof=,1.435278, id=,B20, PRDE,actvstrat=,-0.470635, actvprof=,1.390556, id=,B21, PRDE,actvstrat=,0.224466, actvprof=,1.719444, id=,B22, PRDE,actvstrat=,-0.760582, actvprof=,2.065972, id=,B23, PRDE,actvstrat=,0.419836, actvprof=,1.857917, id=,B24, PRDE,actvstrat=,-0.889791, actvprof=,3.186111, id=,B25, PRDE,actvstrat=,0.684809, actvprof=,2.070139, id=,B26, PRDE,actvstrat=,0.604122, actvprof=,2.073056, id=,B27, PRDE,actvstrat=,0.705592, actvprof=,2.036944, id=,B28, PRDE,actvstrat=,-0.539663, actvprof=,1.397917, id=,B29, PRDE,actvstrat=,-0.529172, actvprof=,1.294722, id=,S00, PRDE,actvstrat=,0.595095, actvprof=,10.296806, id=,S01, PRDE,actvstrat=,0.237813, actvprof=,8.497917, id=,S02, PRDE,actvstrat=,0.229861, actvprof=,8.910000, id=,S03, PRDE,actvstrat=,-0.146380, actvprof=,6.298889, id=,S04, PRDE,actvstrat=,-0.363882, actvprof=,5.514167, id=,S05, PRDE,actvstrat=,-0.678566, actvprof=,4.807361, id=,S06, PRDE,actvstrat=,0.979753, actvprof=,11.700278, id=,S07, PRDE,actvstrat=,0.220155, actvprof=,9.008056, id=,S08, PRDE,actvstrat=,-0.006746, actvprof=,7.638889, id=,S09, PRDE,actvstrat=,0.949599, actvprof=,11.882222, id=,S10, PRDE,actvstrat=,0.779561, actvprof=,11.527222, id=,S11, PRDE,actvstrat=,0.088874, actvprof=,8.142361, id=,S12, PRDE,actvstrat=,0.230395, actvprof=,8.939028, id=,S13, PRDE,actvstrat=,0.180542, actvprof=,8.613472, id=,S14, PRDE,actvstrat=,-0.878868, actvprof=,2.052778, id=,S15, PRDE,actvstrat=,-0.318403, actvprof=,5.993750, id=,S16, PRDE,actvstrat=,-0.842063, actvprof=,2.556389, id=,S17, PRDE,actvstrat=,-0.355710, actvprof=,5.405694, id=,S18, PRDE,actvstrat=,0.109935, actvprof=,8.349167, id=,S19, PRDE,actvstrat=,0.337991, actvprof=,9.392917, id=,S20, PRDE,actvstrat=,-0.605607, actvprof=,5.492222, id=,S21, PRDE,actvstrat=,-0.103168, actvprof=,6.856806, id=,S22, PRDE,actvstrat=,0.202796, actvprof=,8.555417, id=,S23, PRDE,actvstrat=,-0.843858, actvprof=,2.651389, id=,S24, PRDE,actvstrat=,0.818946, actvprof=,11.480833, id=,S25, PRDE,actvstrat=,0.636167, actvprof=,10.527917, id=,S26, PRDE,actvstrat=,0.243527, actvprof=,8.823056, id=,S27, PRDE,actvstrat=,-0.297650, actvprof=,5.820833, id=,S28, PRDE,actvstrat=,-0.950030, actvprof=,2.631528, id=,S29, PRDE,actvstrat=,-0.409091, actvprof=,5.517778, best_B_id=,B24, best_B_prof=,3.186111, best_B_strat=,-0.889791, best_S_id=,S09, best_S_prof=,11.882222, best_S_strat=,0.949599, 
t=,25200, id=,B00, PRDE,actvstrat=,-1.000000, actvprof=,4.388869, id=,B01, PRDE,actvstrat=,0.208022, actvprof=,3.280263, id=,B02, PRDE,actvstrat=,0.442031, actvprof=,3.325262, id=,B03, PRDE,actvstrat=,-0.413793, actvprof=,3.473317, id=,B04, PRDE,actvstrat=,-0.789353, actvprof=,4.744978, id=,B05, PRDE,actvstrat=,1.000000, actvprof=,1.554437, id=,B06, PRDE,actvstrat=,-0.502987, actvprof=,3.543317, id=,B07, PRDE,actvstrat=,0.550181, actvprof=,3.482206, id=,B08, PRDE,actvstrat=,1.000000, actvprof=,1.364438, id=,B09, PRDE,actvstrat=,-0.443248, actvprof=,3.241374, id=,B10, PRDE,actvstrat=,-0.625070, actvprof=,4.109148, id=,B11, PRDE,actvstrat=,-0.732605, actvprof=,4.634979, id=,B12, PRDE,actvstrat=,-1.000000, actvprof=,4.080814, id=,B13, PRDE,actvstrat=,-1.000000, actvprof=,4.194703, id=,B14, PRDE,actvstrat=,0.892860, actvprof=,2.655821, id=,B15, PRDE,actvstrat=,0.026345, actvprof=,2.904431, id=,B16, PRDE,actvstrat=,0.331591, actvprof=,3.370818, id=,B17, PRDE,actvstrat=,0.665402, actvprof=,3.434151, id=,B18, PRDE,actvstrat=,-0.056672, actvprof=,3.006931, id=,B19, PRDE,actvstrat=,-0.306794, actvprof=,3.375818, id=,B20, PRDE,actvstrat=,-0.263656, actvprof=,3.430817, id=,B21, PRDE,actvstrat=,-1.000000, actvprof=,4.432479, id=,B22, PRDE,actvstrat=,0.685893, actvprof=,3.432762, id=,B23, PRDE,actvstrat=,0.624258, actvprof=,3.416651, id=,B24, PRDE,actvstrat=,-0.774814, actvprof=,4.909977, id=,B25, PRDE,actvstrat=,1.000000, actvprof=,1.556937, id=,B26, PRDE,actvstrat=,-0.441438, actvprof=,3.254429, id=,B27, PRDE,actvstrat=,-1.000000, actvprof=,4.525812, id=,B28, PRDE,actvstrat=,-1.000000, actvprof=,4.199981, id=,B29, PRDE,actvstrat=,-0.038274, actvprof=,3.007486, id=,S00, PRDE,actvstrat=,-0.315325, actvprof=,4.555257, id=,S01, PRDE,actvstrat=,0.598399, actvprof=,9.232457, id=,S02, PRDE,actvstrat=,0.089445, actvprof=,7.146634, id=,S03, PRDE,actvstrat=,1.000000, actvprof=,10.168008, id=,S04, PRDE,actvstrat=,1.000000, actvprof=,9.971343, id=,S05, PRDE,actvstrat=,0.859406, actvprof=,10.347174, id=,S06, PRDE,actvstrat=,-0.131867, actvprof=,5.858862, id=,S07, PRDE,actvstrat=,0.915916, actvprof=,10.343841, id=,S08, PRDE,actvstrat=,0.679559, actvprof=,9.843566, id=,S09, PRDE,actvstrat=,0.955490, actvprof=,9.910510, id=,S10, PRDE,actvstrat=,-0.105588, actvprof=,6.417193, id=,S11, PRDE,actvstrat=,0.269636, actvprof=,8.222740, id=,S12, PRDE,actvstrat=,0.462259, actvprof=,8.814126, id=,S13, PRDE,actvstrat=,0.563713, actvprof=,9.377734, id=,S14, PRDE,actvstrat=,0.531842, actvprof=,9.627178, id=,S15, PRDE,actvstrat=,-0.355959, actvprof=,5.239142, id=,S16, PRDE,actvstrat=,-0.616708, actvprof=,4.478868, id=,S17, PRDE,actvstrat=,1.000000, actvprof=,10.037454, id=,S18, PRDE,actvstrat=,-0.767837, actvprof=,3.661372, id=,S19, PRDE,actvstrat=,0.797730, actvprof=,10.217453, id=,S20, PRDE,actvstrat=,0.847948, actvprof=,10.037731, id=,S21, PRDE,actvstrat=,1.000000, actvprof=,10.100787, id=,S22, PRDE,actvstrat=,-1.000000, actvprof=,7.831630, id=,S23, PRDE,actvstrat=,0.720117, actvprof=,9.826066, id=,S24, PRDE,actvstrat=,-0.130984, actvprof=,6.123583, id=,S25, PRDE,actvstrat=,0.120968, actvprof=,7.792186, id=,S26, PRDE,actvstrat=,1.000000, actvprof=,9.968565, id=,S27, PRDE,actvstrat=,0.672127, actvprof=,9.830510, id=,S28, PRDE,actvstrat=,-0.616122, actvprof=,4.283591, id=,S29, PRDE,actvstrat=,1.000000, actvprof=,10.221619, best_B_id=,B24, best_B_prof=,4.909977, best_B_strat=,-0.774814, best_S_id=,S05, best_S_prof=,10.347174, best_S_strat=,0.859406, 
t=,28800, id=,B00, PRDE,actvstrat=,-1.000000, actvprof=,4.426270, id=,B01, PRDE,actvstrat=,0.208022, actvprof=,3.447933, id=,B02, PRDE,actvstrat=,0.442031, actvprof=,3.414599, id=,B03, PRDE,actvstrat=,-0.413793, actvprof=,3.422655, id=,B04, PRDE,actvstrat=,-0.789353, actvprof=,4.785855, id=,B05, PRDE,actvstrat=,1.000000, actvprof=,1.546535, id=,B06, PRDE,actvstrat=,-0.502987, actvprof=,3.569739, id=,B07, PRDE,actvstrat=,0.550181, actvprof=,3.444044, id=,B08, PRDE,actvstrat=,1.000000, actvprof=,1.509174, id=,B09, PRDE,actvstrat=,-0.443248, actvprof=,3.461127, id=,B10, PRDE,actvstrat=,-0.625070, actvprof=,3.997241, id=,B11, PRDE,actvstrat=,-0.732605, actvprof=,4.754189, id=,B12, PRDE,actvstrat=,-1.000000, actvprof=,4.188075, id=,B13, PRDE,actvstrat=,-1.000000, actvprof=,4.364048, id=,B14, PRDE,actvstrat=,0.892860, actvprof=,2.668346, id=,B15, PRDE,actvstrat=,0.026345, actvprof=,3.014042, id=,B16, PRDE,actvstrat=,0.331591, actvprof=,3.509044, id=,B17, PRDE,actvstrat=,0.665402, actvprof=,3.467655, id=,B18, PRDE,actvstrat=,-0.056672, actvprof=,3.152376, id=,B19, PRDE,actvstrat=,-0.306794, actvprof=,3.417099, id=,B20, PRDE,actvstrat=,-0.263656, actvprof=,3.325154, id=,B21, PRDE,actvstrat=,-1.000000, actvprof=,4.428909, id=,B22, PRDE,actvstrat=,0.685893, actvprof=,3.485294, id=,B23, PRDE,actvstrat=,0.624258, actvprof=,3.529739, id=,B24, PRDE,actvstrat=,-0.774814, actvprof=,4.775161, id=,B25, PRDE,actvstrat=,1.000000, actvprof=,1.525424, id=,B26, PRDE,actvstrat=,-0.441438, actvprof=,3.342377, id=,B27, PRDE,actvstrat=,-1.000000, actvprof=,4.471687, id=,B28, PRDE,actvstrat=,-1.000000, actvprof=,4.335715, id=,B29, PRDE,actvstrat=,-0.038274, actvprof=,3.122792, id=,S00, PRDE,actvstrat=,-0.315325, actvprof=,4.802244, id=,S01, PRDE,actvstrat=,0.598399, actvprof=,9.329904, id=,S02, PRDE,actvstrat=,0.089445, actvprof=,7.139200, id=,S03, PRDE,actvstrat=,1.000000, actvprof=,10.084630, id=,S04, PRDE,actvstrat=,1.000000, actvprof=,10.103797, id=,S05, PRDE,actvstrat=,0.859406, actvprof=,10.341853, id=,S06, PRDE,actvstrat=,-0.131867, actvprof=,5.895444, id=,S07, PRDE,actvstrat=,0.915916, actvprof=,10.166019, id=,S08, PRDE,actvstrat=,0.679559, actvprof=,9.749212, id=,S09, PRDE,actvstrat=,0.955490, actvprof=,9.987546, id=,S10, PRDE,actvstrat=,-0.105588, actvprof=,6.145167, id=,S11, PRDE,actvstrat=,0.269636, actvprof=,7.976287, id=,S12, PRDE,actvstrat=,0.462259, actvprof=,8.864763, id=,S13, PRDE,actvstrat=,0.563713, actvprof=,9.235182, id=,S14, PRDE,actvstrat=,0.531842, actvprof=,9.347404, id=,S15, PRDE,actvstrat=,-0.355959, actvprof=,5.038496, id=,S16, PRDE,actvstrat=,-0.616708, actvprof=,4.588771, id=,S17, PRDE,actvstrat=,1.000000, actvprof=,9.879907, id=,S18, PRDE,actvstrat=,-0.767837, actvprof=,3.707934, id=,S19, PRDE,actvstrat=,0.797730, actvprof=,10.224908, id=,S20, PRDE,actvstrat=,0.847948, actvprof=,10.203797, id=,S21, PRDE,actvstrat=,1.000000, actvprof=,10.134769, id=,S22, PRDE,actvstrat=,-1.000000, actvprof=,8.100176, id=,S23, PRDE,actvstrat=,0.720117, actvprof=,9.799629, id=,S24, PRDE,actvstrat=,-0.130984, actvprof=,5.808777, id=,S25, PRDE,actvstrat=,0.120968, actvprof=,7.376701, id=,S26, PRDE,actvstrat=,1.000000, actvprof=,9.821990, id=,S27, PRDE,actvstrat=,0.672127, actvprof=,9.881712, id=,S28, PRDE,actvstrat=,-0.616122, actvprof=,4.565299, id=,S29, PRDE,actvstrat=,1.000000, actvprof=,10.064491, best_B_id=,B04, best_B_prof=,4.785855, best_B_strat=,-0.789353, best_S_id=,S05, best_S_prof=,10.341853, best_S_strat=,0.859406, 
t=,32400, id=,B00, PRDE,actvstrat=,0.626125, actvprof=,3.303688, id=,B01, PRDE,actvstrat=,-0.455417, actvprof=,3.078960, id=,B02, PRDE,actvstrat=,0.583270, actvprof=,3.348411, id=,B03, PRDE,actvstrat=,-0.413793, actvprof=,3.023959, id=,B04, PRDE,actvstrat=,-0.789353, actvprof=,4.641219, id=,B05, PRDE,actvstrat=,-0.102171, actvprof=,2.882289, id=,B06, PRDE,actvstrat=,-0.502987, actvprof=,3.170351, id=,B07, PRDE,actvstrat=,0.007470, actvprof=,2.874233, id=,B08, PRDE,actvstrat=,0.535369, actvprof=,3.487303, id=,B09, PRDE,actvstrat=,-0.980669, actvprof=,4.335378, id=,B10, PRDE,actvstrat=,-0.043621, actvprof=,3.046737, id=,B11, PRDE,actvstrat=,-0.732605, actvprof=,4.066205, id=,B12, PRDE,actvstrat=,0.922031, actvprof=,2.519781, id=,B13, PRDE,actvstrat=,-1.000000, actvprof=,4.628996, id=,B14, PRDE,actvstrat=,0.003496, actvprof=,2.975902, id=,B15, PRDE,actvstrat=,0.306516, actvprof=,3.146462, id=,B16, PRDE,actvstrat=,-0.715745, actvprof=,4.068428, id=,B17, PRDE,actvstrat=,-0.190556, actvprof=,3.024514, id=,B18, PRDE,actvstrat=,0.127606, actvprof=,2.982847, id=,B19, PRDE,actvstrat=,0.571976, actvprof=,3.398690, id=,B20, PRDE,actvstrat=,-0.298258, actvprof=,2.994514, id=,B21, PRDE,actvstrat=,-0.942969, actvprof=,4.813723, id=,B22, PRDE,actvstrat=,0.685893, actvprof=,3.423690, id=,B23, PRDE,actvstrat=,0.764023, actvprof=,3.242853, id=,B24, PRDE,actvstrat=,-0.774814, actvprof=,4.490382, id=,B25, PRDE,actvstrat=,-0.713834, actvprof=,4.145929, id=,B26, PRDE,actvstrat=,0.648857, actvprof=,3.400634, id=,B27, PRDE,actvstrat=,0.992120, actvprof=,1.787264, id=,B28, PRDE,actvstrat=,-0.888370, actvprof=,4.860668, id=,B29, PRDE,actvstrat=,0.360587, actvprof=,3.320910, id=,S00, PRDE,actvstrat=,0.000602, actvprof=,6.389592, id=,S01, PRDE,actvstrat=,0.491680, actvprof=,8.933262, id=,S02, PRDE,actvstrat=,-0.688705, actvprof=,4.365379, id=,S03, PRDE,actvstrat=,1.000000, actvprof=,9.789671, id=,S04, PRDE,actvstrat=,-0.410390, actvprof=,4.573439, id=,S05, PRDE,actvstrat=,-0.431782, actvprof=,4.325933, id=,S06, PRDE,actvstrat=,0.285674, actvprof=,7.683511, id=,S07, PRDE,actvstrat=,0.915916, actvprof=,9.819116, id=,S08, PRDE,actvstrat=,0.546534, actvprof=,8.872705, id=,S09, PRDE,actvstrat=,0.718503, actvprof=,9.813283, id=,S10, PRDE,actvstrat=,-0.999674, actvprof=,9.227436, id=,S11, PRDE,actvstrat=,-0.490710, actvprof=,4.346767, id=,S12, PRDE,actvstrat=,0.462259, actvprof=,8.458807, id=,S13, PRDE,actvstrat=,0.563713, actvprof=,9.038265, id=,S14, PRDE,actvstrat=,0.531842, actvprof=,8.745480, id=,S15, PRDE,actvstrat=,-0.355959, actvprof=,4.419825, id=,S16, PRDE,actvstrat=,0.998877, actvprof=,9.845783, id=,S17, PRDE,actvstrat=,0.161185, actvprof=,7.124887, id=,S18, PRDE,actvstrat=,0.588465, actvprof=,9.182157, id=,S19, PRDE,actvstrat=,0.797730, actvprof=,9.931063, id=,S20, PRDE,actvstrat=,0.847948, actvprof=,9.939952, id=,S21, PRDE,actvstrat=,1.000000, actvprof=,9.838561, id=,S22, PRDE,actvstrat=,-1.000000, actvprof=,8.987152, id=,S23, PRDE,actvstrat=,0.585356, actvprof=,9.219936, id=,S24, PRDE,actvstrat=,0.445950, actvprof=,8.209912, id=,S25, PRDE,actvstrat=,0.113954, actvprof=,6.653210, id=,S26, PRDE,actvstrat=,0.016652, actvprof=,6.909604, id=,S27, PRDE,actvstrat=,0.672127, actvprof=,9.175212, id=,S28, PRDE,actvstrat=,-0.555334, actvprof=,4.843168, id=,S29, PRDE,actvstrat=,1.000000, actvprof=,9.948841, best_B_id=,B28, best_B_prof=,4.860668, best_B_strat=,-0.888370, best_S_id=,S29, best_S_prof=,9.948841, best_S_strat=,1.000000, 
t=,36000, id=,B00, PRDE,actvstrat=,0.626125, actvprof=,3.330718, id=,B01, PRDE,actvstrat=,-0.455417, actvprof=,3.179883, id=,B02, PRDE,actvstrat=,0.583270, actvprof=,3.382385, id=,B03, PRDE,actvstrat=,-0.413793, actvprof=,3.184189, id=,B04, PRDE,actvstrat=,-0.789353, actvprof=,4.661143, id=,B05, PRDE,actvstrat=,-0.102171, actvprof=,2.953215, id=,B06, PRDE,actvstrat=,-0.502987, actvprof=,3.270578, id=,B07, PRDE,actvstrat=,0.007470, actvprof=,2.847242, id=,B08, PRDE,actvstrat=,0.535369, actvprof=,3.458913, id=,B09, PRDE,actvstrat=,-0.980669, actvprof=,4.296697, id=,B10, PRDE,actvstrat=,-0.043621, actvprof=,2.956271, id=,B11, PRDE,actvstrat=,-0.732605, actvprof=,4.022250, id=,B12, PRDE,actvstrat=,0.922031, actvprof=,2.488767, id=,B13, PRDE,actvstrat=,-1.000000, actvprof=,4.656005, id=,B14, PRDE,actvstrat=,0.003496, actvprof=,2.966548, id=,B15, PRDE,actvstrat=,0.306516, actvprof=,3.255856, id=,B16, PRDE,actvstrat=,-0.715745, actvprof=,4.014750, id=,B17, PRDE,actvstrat=,-0.190556, actvprof=,2.936965, id=,B18, PRDE,actvstrat=,0.127606, actvprof=,3.001549, id=,B19, PRDE,actvstrat=,0.571976, actvprof=,3.412524, id=,B20, PRDE,actvstrat=,-0.298258, actvprof=,3.054466, id=,B21, PRDE,actvstrat=,-0.942969, actvprof=,4.805172, id=,B22, PRDE,actvstrat=,0.685893, actvprof=,3.408496, id=,B23, PRDE,actvstrat=,0.764023, actvprof=,3.283912, id=,B24, PRDE,actvstrat=,-0.774814, actvprof=,4.430447, id=,B25, PRDE,actvstrat=,-0.713834, actvprof=,4.131001, id=,B26, PRDE,actvstrat=,0.648857, actvprof=,3.453913, id=,B27, PRDE,actvstrat=,0.992120, actvprof=,1.703484, id=,B28, PRDE,actvstrat=,-0.888370, actvprof=,4.861839, id=,B29, PRDE,actvstrat=,0.360587, actvprof=,3.389190, id=,S00, PRDE,actvstrat=,0.000602, actvprof=,6.513934, id=,S01, PRDE,actvstrat=,0.491680, actvprof=,8.846867, id=,S02, PRDE,actvstrat=,-0.688705, actvprof=,4.322252, id=,S03, PRDE,actvstrat=,1.000000, actvprof=,9.831179, id=,S04, PRDE,actvstrat=,-0.410390, actvprof=,4.498226, id=,S05, PRDE,actvstrat=,-0.431782, actvprof=,4.364475, id=,S06, PRDE,actvstrat=,0.285674, actvprof=,7.753804, id=,S07, PRDE,actvstrat=,0.915916, actvprof=,9.907708, id=,S08, PRDE,actvstrat=,0.546534, actvprof=,8.708949, id=,S09, PRDE,actvstrat=,0.718503, actvprof=,9.788262, id=,S10, PRDE,actvstrat=,-0.999674, actvprof=,9.160480, id=,S11, PRDE,actvstrat=,-0.490710, actvprof=,4.541976, id=,S12, PRDE,actvstrat=,0.462259, actvprof=,8.518392, id=,S13, PRDE,actvstrat=,0.563713, actvprof=,8.854506, id=,S14, PRDE,actvstrat=,0.531842, actvprof=,8.678949, id=,S15, PRDE,actvstrat=,-0.355959, actvprof=,4.474059, id=,S16, PRDE,actvstrat=,0.998877, actvprof=,9.903680, id=,S17, PRDE,actvstrat=,0.161185, actvprof=,7.133105, id=,S18, PRDE,actvstrat=,0.588465, actvprof=,9.185480, id=,S19, PRDE,actvstrat=,0.797730, actvprof=,9.919236, id=,S20, PRDE,actvstrat=,0.847948, actvprof=,10.032847, id=,S21, PRDE,actvstrat=,1.000000, actvprof=,9.887985, id=,S22, PRDE,actvstrat=,-1.000000, actvprof=,8.911173, id=,S23, PRDE,actvstrat=,0.585356, actvprof=,9.110341, id=,S24, PRDE,actvstrat=,0.445950, actvprof=,8.192140, id=,S25, PRDE,actvstrat=,0.113954, actvprof=,6.712408, id=,S26, PRDE,actvstrat=,0.016652, actvprof=,6.802408, id=,S27, PRDE,actvstrat=,0.672127, actvprof=,9.237564, id=,S28, PRDE,actvstrat=,-0.555334, actvprof=,4.664338, id=,S29, PRDE,actvstrat=,1.000000, actvprof=,9.947291, best_B_id=,B28, best_B_prof=,4.861839, best_B_strat=,-0.888370, best_S_id=,S20, best_S_prof=,10.032847, best_S_strat=,0.847948, 
t=,39600, id=,B00, PRDE,actvstrat=,-0.669067, actvprof=,1.878681, id=,B01, PRDE,actvstrat=,0.754334, actvprof=,2.156747, id=,B02, PRDE,actvstrat=,0.583270, actvprof=,2.086744, id=,B03, PRDE,actvstrat=,-0.273502, actvprof=,1.445054, id=,B04, PRDE,actvstrat=,-0.147578, actvprof=,1.365606, id=,B05, PRDE,actvstrat=,1.000000, actvprof=,0.611134, id=,B06, PRDE,actvstrat=,1.000000, actvprof=,0.572521, id=,B07, PRDE,actvstrat=,0.943190, actvprof=,1.247824, id=,B08, PRDE,actvstrat=,-0.132674, actvprof=,1.388940, id=,B09, PRDE,actvstrat=,-0.772638, actvprof=,2.848161, id=,B10, PRDE,actvstrat=,0.295745, actvprof=,1.738676, id=,B11, PRDE,actvstrat=,-0.702592, actvprof=,2.336198, id=,B12, PRDE,actvstrat=,0.853877, actvprof=,1.833957, id=,B13, PRDE,actvstrat=,-0.288923, actvprof=,1.635061, id=,B14, PRDE,actvstrat=,0.941983, actvprof=,1.144487, id=,B15, PRDE,actvstrat=,0.834999, actvprof=,1.803122, id=,B16, PRDE,actvstrat=,1.000000, actvprof=,0.681136, id=,B17, PRDE,actvstrat=,1.000000, actvprof=,0.537798, id=,B18, PRDE,actvstrat=,-0.941714, actvprof=,2.595652, id=,B19, PRDE,actvstrat=,0.365156, actvprof=,1.625894, id=,B20, PRDE,actvstrat=,-0.052135, actvprof=,1.481444, id=,B21, PRDE,actvstrat=,-0.479189, actvprof=,1.641450, id=,B22, PRDE,actvstrat=,1.000000, actvprof=,0.564188, id=,B23, PRDE,actvstrat=,-0.001050, actvprof=,1.515056, id=,B24, PRDE,actvstrat=,-0.466075, actvprof=,1.699785, id=,B25, PRDE,actvstrat=,1.000000, actvprof=,0.549743, id=,B26, PRDE,actvstrat=,0.476075, actvprof=,1.876458, id=,B27, PRDE,actvstrat=,0.228837, actvprof=,1.650894, id=,B28, PRDE,actvstrat=,1.000000, actvprof=,0.574466, id=,B29, PRDE,actvstrat=,0.440664, actvprof=,1.927294, id=,S00, PRDE,actvstrat=,0.023580, actvprof=,8.840883, id=,S01, PRDE,actvstrat=,0.663847, actvprof=,11.795992, id=,S02, PRDE,actvstrat=,-0.743624, actvprof=,5.427979, id=,S03, PRDE,actvstrat=,-0.121919, actvprof=,7.504722, id=,S04, PRDE,actvstrat=,0.281250, actvprof=,10.021760, id=,S05, PRDE,actvstrat=,-0.463429, actvprof=,6.304956, id=,S06, PRDE,actvstrat=,0.202166, actvprof=,9.831753, id=,S07, PRDE,actvstrat=,-0.695356, actvprof=,5.630764, id=,S08, PRDE,actvstrat=,0.525916, actvprof=,11.180970, id=,S09, PRDE,actvstrat=,1.000000, actvprof=,12.526853, id=,S10, PRDE,actvstrat=,0.527980, actvprof=,11.170969, id=,S11, PRDE,actvstrat=,0.168080, actvprof=,9.890922, id=,S12, PRDE,actvstrat=,-0.259521, actvprof=,6.738305, id=,S13, PRDE,actvstrat=,0.585813, actvprof=,11.430146, id=,S14, PRDE,actvstrat=,-0.882698, actvprof=,2.583429, id=,S15, PRDE,actvstrat=,-0.367643, actvprof=,6.229120, id=,S16, PRDE,actvstrat=,0.695086, actvprof=,12.146283, id=,S17, PRDE,actvstrat=,-0.498455, actvprof=,6.467184, id=,S18, PRDE,actvstrat=,0.234000, actvprof=,9.610634, id=,S19, PRDE,actvstrat=,0.797730, actvprof=,12.396570, id=,S20, PRDE,actvstrat=,0.794675, actvprof=,12.410460, id=,S21, PRDE,actvstrat=,-0.602370, actvprof=,5.757713, id=,S22, PRDE,actvstrat=,0.546941, actvprof=,11.322086, id=,S23, PRDE,actvstrat=,0.612308, actvprof=,11.585985, id=,S24, PRDE,actvstrat=,-0.359308, actvprof=,6.538020, id=,S25, PRDE,actvstrat=,-0.968005, actvprof=,3.178729, id=,S26, PRDE,actvstrat=,0.264249, actvprof=,9.697026, id=,S27, PRDE,actvstrat=,-0.275379, actvprof=,6.691637, id=,S28, PRDE,actvstrat=,-0.849966, actvprof=,3.317067, id=,S29, PRDE,actvstrat=,1.000000, actvprof=,12.746028, best_B_id=,B09, best_B_prof=,2.848161, best_B_strat=,-0.772638, best_S_id=,S29, best_S_prof=,12.746028, best_S_strat=,1.000000, 
t=,43200, id=,B00, PRDE,actvstrat=,-0.669067, actvprof=,2.057955, id=,B01, PRDE,actvstrat=,0.754334, actvprof=,2.113095, id=,B02, PRDE,actvstrat=,0.583270, actvprof=,1.979898, id=,B03, PRDE,actvstrat=,-0.273502, actvprof=,1.446555, id=,B04, PRDE,actvstrat=,-0.147578, actvprof=,1.469611, id=,B05, PRDE,actvstrat=,1.000000, actvprof=,0.638623, id=,B06, PRDE,actvstrat=,1.000000, actvprof=,0.583483, id=,B07, PRDE,actvstrat=,0.943190, actvprof=,1.235856, id=,B08, PRDE,actvstrat=,-0.132674, actvprof=,1.404609, id=,B09, PRDE,actvstrat=,-0.772638, actvprof=,2.777690, id=,B10, PRDE,actvstrat=,0.295745, actvprof=,1.624613, id=,B11, PRDE,actvstrat=,-0.702592, actvprof=,2.342266, id=,B12, PRDE,actvstrat=,0.853877, actvprof=,1.888507, id=,B13, PRDE,actvstrat=,-0.288923, actvprof=,1.584890, id=,B14, PRDE,actvstrat=,0.941983, actvprof=,1.164605, id=,B15, PRDE,actvstrat=,0.834999, actvprof=,1.860173, id=,B16, PRDE,actvstrat=,1.000000, actvprof=,0.673901, id=,B17, PRDE,actvstrat=,1.000000, actvprof=,0.605845, id=,B18, PRDE,actvstrat=,-0.941714, actvprof=,2.609771, id=,B19, PRDE,actvstrat=,0.365156, actvprof=,1.718087, id=,B20, PRDE,actvstrat=,-0.052135, actvprof=,1.486972, id=,B21, PRDE,actvstrat=,-0.479189, actvprof=,1.614613, id=,B22, PRDE,actvstrat=,1.000000, actvprof=,0.587789, id=,B23, PRDE,actvstrat=,-0.001050, actvprof=,1.470444, id=,B24, PRDE,actvstrat=,-0.466075, actvprof=,1.614058, id=,B25, PRDE,actvstrat=,1.000000, actvprof=,0.560010, id=,B26, PRDE,actvstrat=,0.476075, actvprof=,1.897257, id=,B27, PRDE,actvstrat=,0.228837, actvprof=,1.589613, id=,B28, PRDE,actvstrat=,1.000000, actvprof=,0.604456, id=,B29, PRDE,actvstrat=,0.440664, actvprof=,1.921980, id=,S00, PRDE,actvstrat=,0.023580, actvprof=,8.863081, id=,S01, PRDE,actvstrat=,0.663847, actvprof=,11.771190, id=,S02, PRDE,actvstrat=,-0.743624, actvprof=,5.273709, id=,S03, PRDE,actvstrat=,-0.121919, actvprof=,7.391387, id=,S04, PRDE,actvstrat=,0.281250, actvprof=,9.963240, id=,S05, PRDE,actvstrat=,-0.463429, actvprof=,6.375396, id=,S06, PRDE,actvstrat=,0.202166, actvprof=,9.837960, id=,S07, PRDE,actvstrat=,-0.695356, actvprof=,5.719828, id=,S08, PRDE,actvstrat=,0.525916, actvprof=,11.254653, id=,S09, PRDE,actvstrat=,1.000000, actvprof=,12.635373, id=,S10, PRDE,actvstrat=,0.527980, actvprof=,11.416600, id=,S11, PRDE,actvstrat=,0.168080, actvprof=,9.731014, id=,S12, PRDE,actvstrat=,-0.259521, actvprof=,6.789154, id=,S13, PRDE,actvstrat=,0.585813, actvprof=,11.404239, id=,S14, PRDE,actvstrat=,-0.882698, actvprof=,2.717273, id=,S15, PRDE,actvstrat=,-0.367643, actvprof=,6.372757, id=,S16, PRDE,actvstrat=,0.695086, actvprof=,11.882998, id=,S17, PRDE,actvstrat=,-0.498455, actvprof=,6.386229, id=,S18, PRDE,actvstrat=,0.234000, actvprof=,9.723652, id=,S19, PRDE,actvstrat=,0.797730, actvprof=,12.416341, id=,S20, PRDE,actvstrat=,0.794675, actvprof=,12.240366, id=,S21, PRDE,actvstrat=,-0.602370, actvprof=,5.690244, id=,S22, PRDE,actvstrat=,0.546941, actvprof=,11.229791, id=,S23, PRDE,actvstrat=,0.612308, actvprof=,11.603548, id=,S24, PRDE,actvstrat=,-0.359308, actvprof=,6.550121, id=,S25, PRDE,actvstrat=,-0.968005, actvprof=,3.167281, id=,S26, PRDE,actvstrat=,0.264249, actvprof=,9.910878, id=,S27, PRDE,actvstrat=,-0.275379, actvprof=,6.731375, id=,S28, PRDE,actvstrat=,-0.849966, actvprof=,3.241310, id=,S29, PRDE,actvstrat=,1.000000, actvprof=,12.654123, best_B_id=,B09, best_B_prof=,2.777690, best_B_strat=,-0.772638, best_S_id=,S29, best_S_prof=,12.654123, best_S_strat=,1.000000, 
t=,46800, id=,B00, PRDE,actvstrat=,-1.000000, actvprof=,2.066743, id=,B01, PRDE,actvstrat=,0.754334, actvprof=,1.699230, id=,B02, PRDE,actvstrat=,0.442031, actvprof=,1.378662, id=,B03, PRDE,actvstrat=,-0.413793, actvprof=,0.893644, id=,B04, PRDE,actvstrat=,0.118224, actvprof=,1.133098, id=,B05, PRDE,actvstrat=,1.000000, actvprof=,0.633635, id=,B06, PRDE,actvstrat=,-0.452193, actvprof=,0.948368, id=,B07, PRDE,actvstrat=,0.007470, actvprof=,1.058095, id=,B08, PRDE,actvstrat=,1.000000, actvprof=,0.586688, id=,B09, PRDE,actvstrat=,-0.865096, actvprof=,2.353976, id=,B10, PRDE,actvstrat=,0.899062, actvprof=,1.501444, id=,B11, PRDE,actvstrat=,-0.901717, actvprof=,2.604541, id=,B12, PRDE,actvstrat=,-1.000000, actvprof=,1.993963, id=,B13, PRDE,actvstrat=,-0.788435, actvprof=,1.666173, id=,B14, PRDE,actvstrat=,0.435061, actvprof=,1.476166, id=,B15, PRDE,actvstrat=,0.319946, actvprof=,1.411163, id=,B16, PRDE,actvstrat=,0.331591, actvprof=,1.324216, id=,B17, PRDE,actvstrat=,0.665402, actvprof=,1.660339, id=,B18, PRDE,actvstrat=,0.639842, actvprof=,1.600059, id=,B19, PRDE,actvstrat=,0.365156, actvprof=,1.521167, id=,B20, PRDE,actvstrat=,0.620943, actvprof=,1.649783, id=,B21, PRDE,actvstrat=,-0.942969, actvprof=,2.482314, id=,B22, PRDE,actvstrat=,-0.759047, actvprof=,1.461443, id=,B23, PRDE,actvstrat=,0.373924, actvprof=,1.373940, id=,B24, PRDE,actvstrat=,-0.774814, actvprof=,1.551169, id=,B25, PRDE,actvstrat=,1.000000, actvprof=,0.549187, id=,B26, PRDE,actvstrat=,-0.441438, actvprof=,0.948368, id=,B27, PRDE,actvstrat=,-1.000000, actvprof=,2.230360, id=,B28, PRDE,actvstrat=,0.757810, actvprof=,1.688118, id=,B29, PRDE,actvstrat=,0.362113, actvprof=,1.367273, id=,S00, PRDE,actvstrat=,-0.682845, actvprof=,5.510482, id=,S01, PRDE,actvstrat=,0.598399, actvprof=,11.464591, id=,S02, PRDE,actvstrat=,-0.743624, actvprof=,5.372421, id=,S03, PRDE,actvstrat=,0.633513, actvprof=,11.713489, id=,S04, PRDE,actvstrat=,0.281250, actvprof=,9.637579, id=,S05, PRDE,actvstrat=,-0.463429, actvprof=,6.471906, id=,S06, PRDE,actvstrat=,0.202166, actvprof=,9.834253, id=,S07, PRDE,actvstrat=,0.160410, actvprof=,8.981166, id=,S08, PRDE,actvstrat=,0.679559, actvprof=,11.832383, id=,S09, PRDE,actvstrat=,1.000000, actvprof=,12.534353, id=,S10, PRDE,actvstrat=,-0.105588, actvprof=,7.651117, id=,S11, PRDE,actvstrat=,-0.174009, actvprof=,6.513575, id=,S12, PRDE,actvstrat=,-0.240875, actvprof=,6.855254, id=,S13, PRDE,actvstrat=,0.585813, actvprof=,11.139857, id=,S14, PRDE,actvstrat=,0.531842, actvprof=,10.929571, id=,S15, PRDE,actvstrat=,-0.914845, actvprof=,1.992018, id=,S16, PRDE,actvstrat=,0.695086, actvprof=,11.739601, id=,S17, PRDE,actvstrat=,-0.898329, actvprof=,1.884792, id=,S18, PRDE,actvstrat=,-0.763017, actvprof=,4.622949, id=,S19, PRDE,actvstrat=,-0.147524, actvprof=,7.433053, id=,S20, PRDE,actvstrat=,-0.571742, actvprof=,5.410756, id=,S21, PRDE,actvstrat=,-0.602370, actvprof=,5.726601, id=,S22, PRDE,actvstrat=,-0.515554, actvprof=,6.174118, id=,S23, PRDE,actvstrat=,0.856712, actvprof=,12.527686, id=,S24, PRDE,actvstrat=,-0.130984, actvprof=,7.698618, id=,S25, PRDE,actvstrat=,-0.488888, actvprof=,6.040779, id=,S26, PRDE,actvstrat=,0.723503, actvprof=,11.945165, id=,S27, PRDE,actvstrat=,0.916263, actvprof=,12.489907, id=,S28, PRDE,actvstrat=,-0.849966, actvprof=,2.821771, id=,S29, PRDE,actvstrat=,0.706489, actvprof=,11.736546, best_B_id=,B11, best_B_prof=,2.604541, best_B_strat=,-0.901717, best_S_id=,S09, best_S_prof=,12.534353, best_S_strat=,1.000000, 
t=,50400, id=,B00, PRDE,actvstrat=,-1.000000, actvprof=,2.080867, id=,B01, PRDE,actvstrat=,0.754334, actvprof=,1.737945, id=,B02, PRDE,actvstrat=,0.442031, actvprof=,1.433079, id=,B03, PRDE,actvstrat=,-0.413793, actvprof=,0.913487, id=,B04, PRDE,actvstrat=,0.118224, actvprof=,1.224603, id=,B05, PRDE,actvstrat=,1.000000, actvprof=,0.614732, id=,B06, PRDE,actvstrat=,-0.452193, actvprof=,0.947793, id=,B07, PRDE,actvstrat=,0.007470, actvprof=,1.077934, id=,B08, PRDE,actvstrat=,1.000000, actvprof=,0.560842, id=,B09, PRDE,actvstrat=,-0.865096, actvprof=,2.326565, id=,B10, PRDE,actvstrat=,0.899062, actvprof=,1.493774, id=,B11, PRDE,actvstrat=,-0.901717, actvprof=,2.561986, id=,B12, PRDE,actvstrat=,-1.000000, actvprof=,1.992532, id=,B13, PRDE,actvstrat=,-0.788435, actvprof=,1.718361, id=,B14, PRDE,actvstrat=,0.435061, actvprof=,1.467802, id=,B15, PRDE,actvstrat=,0.319946, actvprof=,1.344883, id=,B16, PRDE,actvstrat=,0.331591, actvprof=,1.341550, id=,B17, PRDE,actvstrat=,0.665402, actvprof=,1.650166, id=,B18, PRDE,actvstrat=,0.639842, actvprof=,1.655027, id=,B19, PRDE,actvstrat=,0.365156, actvprof=,1.442384, id=,B20, PRDE,actvstrat=,0.620943, actvprof=,1.644749, id=,B21, PRDE,actvstrat=,-0.942969, actvprof=,2.511846, id=,B22, PRDE,actvstrat=,-0.759047, actvprof=,1.504747, id=,B23, PRDE,actvstrat=,0.373924, actvprof=,1.391550, id=,B24, PRDE,actvstrat=,-0.774814, actvprof=,1.505997, id=,B25, PRDE,actvstrat=,1.000000, actvprof=,0.565981, id=,B26, PRDE,actvstrat=,-0.441438, actvprof=,0.936682, id=,B27, PRDE,actvstrat=,-1.000000, actvprof=,2.163924, id=,B28, PRDE,actvstrat=,0.757810, actvprof=,1.679333, id=,B29, PRDE,actvstrat=,0.362113, actvprof=,1.383217, id=,S00, PRDE,actvstrat=,-0.682845, actvprof=,5.506200, id=,S01, PRDE,actvstrat=,0.598399, actvprof=,11.335739, id=,S02, PRDE,actvstrat=,-0.743624, actvprof=,5.228418, id=,S03, PRDE,actvstrat=,0.633513, actvprof=,11.567271, id=,S04, PRDE,actvstrat=,0.281250, actvprof=,9.771686, id=,S05, PRDE,actvstrat=,-0.463429, actvprof=,6.161350, id=,S06, PRDE,actvstrat=,0.202166, actvprof=,9.816965, id=,S07, PRDE,actvstrat=,0.160410, actvprof=,9.138620, id=,S08, PRDE,actvstrat=,0.679559, actvprof=,11.699634, id=,S09, PRDE,actvstrat=,1.000000, actvprof=,12.485202, id=,S10, PRDE,actvstrat=,-0.105588, actvprof=,7.605401, id=,S11, PRDE,actvstrat=,-0.174009, actvprof=,6.959974, id=,S12, PRDE,actvstrat=,-0.240875, actvprof=,6.611079, id=,S13, PRDE,actvstrat=,0.585813, actvprof=,11.142542, id=,S14, PRDE,actvstrat=,0.531842, actvprof=,10.858787, id=,S15, PRDE,actvstrat=,-0.914845, actvprof=,2.084339, id=,S16, PRDE,actvstrat=,0.695086, actvprof=,11.581993, id=,S17, PRDE,actvstrat=,-0.898329, actvprof=,2.053089, id=,S18, PRDE,actvstrat=,-0.763017, actvprof=,4.758827, id=,S19, PRDE,actvstrat=,-0.147524, actvprof=,7.138866, id=,S20, PRDE,actvstrat=,-0.571742, actvprof=,5.678981, id=,S21, PRDE,actvstrat=,-0.602370, actvprof=,5.829817, id=,S22, PRDE,actvstrat=,-0.515554, actvprof=,6.236629, id=,S23, PRDE,actvstrat=,0.856712, actvprof=,12.553537, id=,S24, PRDE,actvstrat=,-0.130984, actvprof=,7.462482, id=,S25, PRDE,actvstrat=,-0.488888, actvprof=,6.142183, id=,S26, PRDE,actvstrat=,0.723503, actvprof=,11.962138, id=,S27, PRDE,actvstrat=,0.916263, actvprof=,12.605899, id=,S28, PRDE,actvstrat=,-0.849966, actvprof=,2.812129, id=,S29, PRDE,actvstrat=,0.706489, actvprof=,11.729496, best_B_id=,B11, best_B_prof=,2.561986, best_B_strat=,-0.901717, best_S_id=,S27, best_S_prof=,12.605899, best_S_strat=,0.916263, 
t=,54000, id=,B00, PRDE,actvstrat=,-0.419217, actvprof=,1.896260, id=,B01, PRDE,actvstrat=,0.738774, actvprof=,2.337962, id=,B02, PRDE,actvstrat=,0.442031, actvprof=,2.402134, id=,B03, PRDE,actvstrat=,1.000000, actvprof=,1.073973, id=,B04, PRDE,actvstrat=,-0.063291, actvprof=,1.984323, id=,B05, PRDE,actvstrat=,1.000000, actvprof=,1.014524, id=,B06, PRDE,actvstrat=,-0.237928, actvprof=,1.818476, id=,B07, PRDE,actvstrat=,0.938617, actvprof=,1.548455, id=,B08, PRDE,actvstrat=,0.401341, actvprof=,2.242954, id=,B09, PRDE,actvstrat=,-0.187825, actvprof=,1.859313, id=,B10, PRDE,actvstrat=,-0.491735, actvprof=,1.875148, id=,B11, PRDE,actvstrat=,-1.000000, actvprof=,2.773552, id=,B12, PRDE,actvstrat=,-0.577859, actvprof=,2.073219, id=,B13, PRDE,actvstrat=,-0.119670, actvprof=,1.846534, id=,B14, PRDE,actvstrat=,0.257188, actvprof=,2.094887, id=,B15, PRDE,actvstrat=,1.000000, actvprof=,0.888959, id=,B16, PRDE,actvstrat=,0.590187, actvprof=,2.696601, id=,B17, PRDE,actvstrat=,0.489456, actvprof=,2.326016, id=,B18, PRDE,actvstrat=,-1.000000, actvprof=,2.743827, id=,B19, PRDE,actvstrat=,0.584848, actvprof=,2.354908, id=,B20, PRDE,actvstrat=,-0.971336, actvprof=,2.637152, id=,B21, PRDE,actvstrat=,-1.000000, actvprof=,2.926341, id=,B22, PRDE,actvstrat=,-0.470059, actvprof=,1.964599, id=,B23, PRDE,actvstrat=,1.000000, actvprof=,0.912294, id=,B24, PRDE,actvstrat=,-0.577992, actvprof=,2.224897, id=,B25, PRDE,actvstrat=,-0.840176, actvprof=,3.360542, id=,B26, PRDE,actvstrat=,0.149556, actvprof=,2.107388, id=,B27, PRDE,actvstrat=,1.000000, actvprof=,0.871457, id=,B28, PRDE,actvstrat=,-1.000000, actvprof=,2.720770, id=,B29, PRDE,actvstrat=,-0.499975, actvprof=,2.004047, id=,S00, PRDE,actvstrat=,0.169276, actvprof=,9.018210, id=,S01, PRDE,actvstrat=,0.566733, actvprof=,10.909470, id=,S02, PRDE,actvstrat=,0.867595, actvprof=,11.921494, id=,S03, PRDE,actvstrat=,-0.956983, actvprof=,3.903641, id=,S04, PRDE,actvstrat=,0.220584, actvprof=,9.050435, id=,S05, PRDE,actvstrat=,-0.173544, actvprof=,7.067778, id=,S06, PRDE,actvstrat=,-0.327369, actvprof=,6.061866, id=,S07, PRDE,actvstrat=,0.319920, actvprof=,9.369904, id=,S08, PRDE,actvstrat=,0.185417, actvprof=,8.958761, id=,S09, PRDE,actvstrat=,-0.845324, actvprof=,3.640842, id=,S10, PRDE,actvstrat=,1.000000, actvprof=,11.882046, id=,S11, PRDE,actvstrat=,-0.014297, actvprof=,7.500590, id=,S12, PRDE,actvstrat=,-0.068821, actvprof=,7.449753, id=,S13, PRDE,actvstrat=,0.585813, actvprof=,10.951973, id=,S14, PRDE,actvstrat=,0.516735, actvprof=,10.312200, id=,S15, PRDE,actvstrat=,-0.414378, actvprof=,6.191043, id=,S16, PRDE,actvstrat=,-1.000000, actvprof=,9.299899, id=,S17, PRDE,actvstrat=,1.000000, actvprof=,11.575355, id=,S18, PRDE,actvstrat=,0.891941, actvprof=,11.898714, id=,S19, PRDE,actvstrat=,0.161417, actvprof=,8.351213, id=,S20, PRDE,actvstrat=,1.000000, actvprof=,11.706477, id=,S21, PRDE,actvstrat=,-0.702627, actvprof=,5.691559, id=,S22, PRDE,actvstrat=,-0.482274, actvprof=,5.525435, id=,S23, PRDE,actvstrat=,0.856712, actvprof=,11.464236, id=,S24, PRDE,actvstrat=,-0.107661, actvprof=,6.926101, id=,S25, PRDE,actvstrat=,-0.474509, actvprof=,5.960191, id=,S26, PRDE,actvstrat=,-0.103154, actvprof=,7.060278, id=,S27, PRDE,actvstrat=,0.677934, actvprof=,11.140599, id=,S28, PRDE,actvstrat=,-0.865163, actvprof=,3.194974, id=,S29, PRDE,actvstrat=,0.431607, actvprof=,9.991620, best_B_id=,B25, best_B_prof=,3.360542, best_B_strat=,-0.840176, best_S_id=,S02, best_S_prof=,11.921494, best_S_strat=,0.867595, 
t=,57600, id=,B00, PRDE,actvstrat=,-0.419217, actvprof=,1.814238, id=,B01, PRDE,actvstrat=,0.738774, actvprof=,2.211615, id=,B02, PRDE,actvstrat=,0.442031, actvprof=,2.338425, id=,B03, PRDE,actvstrat=,1.000000, actvprof=,0.931981, id=,B04, PRDE,actvstrat=,-0.063291, actvprof=,1.903408, id=,B05, PRDE,actvstrat=,1.000000, actvprof=,0.923509, id=,B06, PRDE,actvstrat=,-0.237928, actvprof=,1.725623, id=,B07, PRDE,actvstrat=,0.938617, actvprof=,1.493114, id=,B08, PRDE,actvstrat=,0.401341, actvprof=,2.243144, id=,B09, PRDE,actvstrat=,-0.187825, actvprof=,1.791043, id=,B10, PRDE,actvstrat=,-0.491735, actvprof=,1.947716, id=,B11, PRDE,actvstrat=,-1.000000, actvprof=,2.677189, id=,B12, PRDE,actvstrat=,-0.577859, actvprof=,2.049108, id=,B13, PRDE,actvstrat=,-0.119670, actvprof=,1.836322, id=,B14, PRDE,actvstrat=,0.257188, actvprof=,2.017441, id=,B15, PRDE,actvstrat=,1.000000, actvprof=,0.847117, id=,B16, PRDE,actvstrat=,0.590187, actvprof=,2.477320, id=,B17, PRDE,actvstrat=,0.489456, actvprof=,2.243977, id=,B18, PRDE,actvstrat=,-1.000000, actvprof=,2.713996, id=,B19, PRDE,actvstrat=,0.584848, actvprof=,2.268561, id=,B20, PRDE,actvstrat=,-0.971336, actvprof=,2.611492, id=,B21, PRDE,actvstrat=,-1.000000, actvprof=,2.722885, id=,B22, PRDE,actvstrat=,-0.470059, actvprof=,1.936604, id=,B23, PRDE,actvstrat=,1.000000, actvprof=,0.925036, id=,B24, PRDE,actvstrat=,-0.577992, actvprof=,2.190086, id=,B25, PRDE,actvstrat=,-0.840176, actvprof=,3.368466, id=,B26, PRDE,actvstrat=,0.149556, actvprof=,1.960077, id=,B27, PRDE,actvstrat=,1.000000, actvprof=,0.892674, id=,B28, PRDE,actvstrat=,-1.000000, actvprof=,2.777609, id=,B29, PRDE,actvstrat=,-0.499975, actvprof=,1.896602, id=,S00, PRDE,actvstrat=,0.169276, actvprof=,8.956464, id=,S01, PRDE,actvstrat=,0.566733, actvprof=,10.985155, id=,S02, PRDE,actvstrat=,0.867595, actvprof=,12.018945, id=,S03, PRDE,actvstrat=,-0.956983, actvprof=,3.686395, id=,S04, PRDE,actvstrat=,0.220584, actvprof=,9.046745, id=,S05, PRDE,actvstrat=,-0.173544, actvprof=,6.833741, id=,S06, PRDE,actvstrat=,-0.327369, actvprof=,6.050516, id=,S07, PRDE,actvstrat=,0.319920, actvprof=,9.353840, id=,S08, PRDE,actvstrat=,0.185417, actvprof=,8.826875, id=,S09, PRDE,actvstrat=,-0.845324, actvprof=,3.396245, id=,S10, PRDE,actvstrat=,1.000000, actvprof=,11.946442, id=,S11, PRDE,actvstrat=,-0.014297, actvprof=,7.469877, id=,S12, PRDE,actvstrat=,-0.068821, actvprof=,7.525018, id=,S13, PRDE,actvstrat=,0.585813, actvprof=,10.837510, id=,S14, PRDE,actvstrat=,0.516735, actvprof=,10.517914, id=,S15, PRDE,actvstrat=,-0.414378, actvprof=,6.171771, id=,S16, PRDE,actvstrat=,-1.000000, actvprof=,9.130498, id=,S17, PRDE,actvstrat=,1.000000, actvprof=,11.818243, id=,S18, PRDE,actvstrat=,0.891941, actvprof=,11.980471, id=,S19, PRDE,actvstrat=,0.161417, actvprof=,8.237269, id=,S20, PRDE,actvstrat=,1.000000, actvprof=,11.639764, id=,S21, PRDE,actvstrat=,-0.702627, actvprof=,5.483966, id=,S22, PRDE,actvstrat=,-0.482274, actvprof=,5.897454, id=,S23, PRDE,actvstrat=,0.856712, actvprof=,11.685599, id=,S24, PRDE,actvstrat=,-0.107661, actvprof=,7.082918, id=,S25, PRDE,actvstrat=,-0.474509, actvprof=,5.924678, id=,S26, PRDE,actvstrat=,-0.103154, actvprof=,6.811657, id=,S27, PRDE,actvstrat=,0.677934, actvprof=,11.220303, id=,S28, PRDE,actvstrat=,-0.865163, actvprof=,3.070954, id=,S29, PRDE,actvstrat=,0.431607, actvprof=,9.968726, best_B_id=,B25, best_B_prof=,3.368466, best_B_strat=,-0.840176, best_S_id=,S02, best_S_prof=,12.018945, best_S_strat=,0.867595, 
t=,61200, id=,B00, PRDE,actvstrat=,-0.594584, actvprof=,3.080007, id=,B01, PRDE,actvstrat=,0.208022, actvprof=,2.658579, id=,B02, PRDE,actvstrat=,-0.813912, actvprof=,4.130938, id=,B03, PRDE,actvstrat=,1.000000, actvprof=,1.190944, id=,B04, PRDE,actvstrat=,-0.238318, actvprof=,2.528012, id=,B05, PRDE,actvstrat=,1.000000, actvprof=,1.103713, id=,B06, PRDE,actvstrat=,0.950455, actvprof=,1.525141, id=,B07, PRDE,actvstrat=,0.036053, actvprof=,2.366052, id=,B08, PRDE,actvstrat=,0.535369, actvprof=,2.934994, id=,B09, PRDE,actvstrat=,-0.187825, actvprof=,2.461895, id=,B10, PRDE,actvstrat=,0.295745, actvprof=,2.612186, id=,B11, PRDE,actvstrat=,-1.000000, actvprof=,3.591999, id=,B12, PRDE,actvstrat=,-0.964329, actvprof=,3.442263, id=,B13, PRDE,actvstrat=,-0.119670, actvprof=,2.329660, id=,B14, PRDE,actvstrat=,0.575744, actvprof=,2.924437, id=,B15, PRDE,actvstrat=,0.834999, actvprof=,2.590240, id=,B16, PRDE,actvstrat=,-0.714166, actvprof=,3.494490, id=,B17, PRDE,actvstrat=,0.489456, actvprof=,2.966664, id=,B18, PRDE,actvstrat=,-0.056672, actvprof=,2.425780, id=,B19, PRDE,actvstrat=,0.676768, actvprof=,2.938883, id=,B20, PRDE,actvstrat=,0.577691, actvprof=,2.852486, id=,B21, PRDE,actvstrat=,-0.015836, actvprof=,2.474396, id=,B22, PRDE,actvstrat=,0.927812, actvprof=,1.852949, id=,B23, PRDE,actvstrat=,1.000000, actvprof=,1.197611, id=,B24, PRDE,actvstrat=,0.259037, actvprof=,2.577461, id=,B25, PRDE,actvstrat=,-0.713834, actvprof=,3.798963, id=,B26, PRDE,actvstrat=,-0.215053, actvprof=,2.130475, id=,B27, PRDE,actvstrat=,-1.000000, actvprof=,3.428929, id=,B28, PRDE,actvstrat=,-0.888370, actvprof=,4.139828, id=,B29, PRDE,actvstrat=,-0.136463, actvprof=,2.300769, id=,S00, PRDE,actvstrat=,0.169276, actvprof=,8.054912, id=,S01, PRDE,actvstrat=,0.587328, actvprof=,10.127882, id=,S02, PRDE,actvstrat=,0.787540, actvprof=,11.004908, id=,S03, PRDE,actvstrat=,0.633513, actvprof=,10.680156, id=,S04, PRDE,actvstrat=,0.941940, actvprof=,11.343828, id=,S05, PRDE,actvstrat=,0.929734, actvprof=,11.402722, id=,S06, PRDE,actvstrat=,-0.327369, actvprof=,5.607464, id=,S07, PRDE,actvstrat=,-0.695356, actvprof=,4.557089, id=,S08, PRDE,actvstrat=,0.525916, actvprof=,10.089268, id=,S09, PRDE,actvstrat=,0.955490, actvprof=,11.210482, id=,S10, PRDE,actvstrat=,0.302919, actvprof=,8.593851, id=,S11, PRDE,actvstrat=,0.522996, actvprof=,9.625891, id=,S12, PRDE,actvstrat=,-0.641864, actvprof=,4.940457, id=,S13, PRDE,actvstrat=,0.585813, actvprof=,10.131216, id=,S14, PRDE,actvstrat=,0.516735, actvprof=,9.870358, id=,S15, PRDE,actvstrat=,-0.414378, actvprof=,5.439115, id=,S16, PRDE,actvstrat=,-0.764899, actvprof=,4.200667, id=,S17, PRDE,actvstrat=,-0.498455, actvprof=,5.505232, id=,S18, PRDE,actvstrat=,0.932361, actvprof=,11.233540, id=,S19, PRDE,actvstrat=,0.797730, actvprof=,11.309103, id=,S20, PRDE,actvstrat=,1.000000, actvprof=,11.140754, id=,S21, PRDE,actvstrat=,-0.971972, actvprof=,5.120474, id=,S22, PRDE,actvstrat=,-0.482274, actvprof=,5.403556, id=,S23, PRDE,actvstrat=,0.414613, actvprof=,9.284471, id=,S24, PRDE,actvstrat=,0.300186, actvprof=,8.762478, id=,S25, PRDE,actvstrat=,-0.480120, actvprof=,5.798870, id=,S26, PRDE,actvstrat=,0.485446, actvprof=,9.866469, id=,S27, PRDE,actvstrat=,0.423778, actvprof=,9.692564, id=,S28, PRDE,actvstrat=,-0.712265, actvprof=,4.560422, id=,S29, PRDE,actvstrat=,1.000000, actvprof=,11.133253, best_B_id=,B28, best_B_prof=,4.139828, best_B_strat=,-0.888370, best_S_id=,S05, best_S_prof=,11.402722, best_S_strat=,0.929734, 
t=,64800, id=,B00, PRDE,actvstrat=,-0.594584, actvprof=,2.997083, id=,B01, PRDE,actvstrat=,0.208022, actvprof=,2.603037, id=,B02, PRDE,actvstrat=,-0.813912, actvprof=,4.193944, id=,B03, PRDE,actvstrat=,1.000000, actvprof=,1.132275, id=,B04, PRDE,actvstrat=,-0.238318, actvprof=,2.472059, id=,B05, PRDE,actvstrat=,1.000000, actvprof=,1.076578, id=,B06, PRDE,actvstrat=,0.950455, actvprof=,1.559100, id=,B07, PRDE,actvstrat=,0.036053, actvprof=,2.361915, id=,B08, PRDE,actvstrat=,0.535369, actvprof=,2.954026, id=,B09, PRDE,actvstrat=,-0.187825, actvprof=,2.476504, id=,B10, PRDE,actvstrat=,0.295745, actvprof=,2.733599, id=,B11, PRDE,actvstrat=,-1.000000, actvprof=,3.474605, id=,B12, PRDE,actvstrat=,-0.964329, actvprof=,3.432242, id=,B13, PRDE,actvstrat=,-0.119670, actvprof=,2.353720, id=,B14, PRDE,actvstrat=,0.575744, actvprof=,2.876522, id=,B15, PRDE,actvstrat=,0.834999, actvprof=,2.531506, id=,B16, PRDE,actvstrat=,-0.714166, actvprof=,3.301542, id=,B17, PRDE,actvstrat=,0.489456, actvprof=,2.917357, id=,B18, PRDE,actvstrat=,-0.056672, actvprof=,2.348303, id=,B19, PRDE,actvstrat=,0.676768, actvprof=,2.908885, id=,B20, PRDE,actvstrat=,0.577691, actvprof=,2.823464, id=,B21, PRDE,actvstrat=,-0.015836, actvprof=,2.370249, id=,B22, PRDE,actvstrat=,0.927812, actvprof=,1.850502, id=,B23, PRDE,actvstrat=,1.000000, actvprof=,1.120469, id=,B24, PRDE,actvstrat=,0.259037, actvprof=,2.727904, id=,B25, PRDE,actvstrat=,-0.713834, actvprof=,3.661003, id=,B26, PRDE,actvstrat=,-0.215053, actvprof=,2.245382, id=,B27, PRDE,actvstrat=,-1.000000, actvprof=,3.470994, id=,B28, PRDE,actvstrat=,-0.888370, actvprof=,4.155053, id=,B29, PRDE,actvstrat=,-0.136463, actvprof=,2.299273, id=,S00, PRDE,actvstrat=,0.169276, actvprof=,8.305523, id=,S01, PRDE,actvstrat=,0.587328, actvprof=,10.369230, id=,S02, PRDE,actvstrat=,0.787540, actvprof=,10.890782, id=,S03, PRDE,actvstrat=,0.633513, actvprof=,10.582018, id=,S04, PRDE,actvstrat=,0.941940, actvprof=,11.305801, id=,S05, PRDE,actvstrat=,0.929734, actvprof=,11.257327, id=,S06, PRDE,actvstrat=,-0.327369, actvprof=,5.630816, id=,S07, PRDE,actvstrat=,-0.695356, actvprof=,4.777166, id=,S08, PRDE,actvstrat=,0.525916, actvprof=,9.991574, id=,S09, PRDE,actvstrat=,0.955490, actvprof=,11.307051, id=,S10, PRDE,actvstrat=,0.302919, actvprof=,8.701653, id=,S11, PRDE,actvstrat=,0.522996, actvprof=,9.650169, id=,S12, PRDE,actvstrat=,-0.641864, actvprof=,4.903005, id=,S13, PRDE,actvstrat=,0.585813, actvprof=,10.312839, id=,S14, PRDE,actvstrat=,0.516735, actvprof=,9.944905, id=,S15, PRDE,actvstrat=,-0.414378, actvprof=,5.416362, id=,S16, PRDE,actvstrat=,-0.764899, actvprof=,4.261031, id=,S17, PRDE,actvstrat=,-0.498455, actvprof=,5.279272, id=,S18, PRDE,actvstrat=,0.932361, actvprof=,11.294273, id=,S19, PRDE,actvstrat=,0.797730, actvprof=,11.245937, id=,S20, PRDE,actvstrat=,1.000000, actvprof=,11.122737, id=,S21, PRDE,actvstrat=,-0.971972, actvprof=,5.068985, id=,S22, PRDE,actvstrat=,-0.482274, actvprof=,5.541368, id=,S23, PRDE,actvstrat=,0.414613, actvprof=,9.342933, id=,S24, PRDE,actvstrat=,0.300186, actvprof=,8.950414, id=,S25, PRDE,actvstrat=,-0.480120, actvprof=,5.671790, id=,S26, PRDE,actvstrat=,0.485446, actvprof=,9.732256, id=,S27, PRDE,actvstrat=,0.423778, actvprof=,9.617112, id=,S28, PRDE,actvstrat=,-0.712265, actvprof=,4.817167, id=,S29, PRDE,actvstrat=,1.000000, actvprof=,11.161628, best_B_id=,B02, best_B_prof=,4.193944, best_B_strat=,-0.813912, best_S_id=,S09, best_S_prof=,11.307051, best_S_strat=,0.955490, 
t=,68400, id=,B00, PRDE,actvstrat=,-0.228953, actvprof=,2.340783, id=,B01, PRDE,actvstrat=,-1.000000, actvprof=,3.898990, id=,B02, PRDE,actvstrat=,-0.534476, actvprof=,2.661648, id=,B03, PRDE,actvstrat=,0.201479, actvprof=,2.651924, id=,B04, PRDE,actvstrat=,-1.000000, actvprof=,4.079563, id=,B05, PRDE,actvstrat=,0.052969, actvprof=,2.445793, id=,B06, PRDE,actvstrat=,-1.000000, actvprof=,3.835651, id=,B07, PRDE,actvstrat=,0.879223, actvprof=,2.486908, id=,B08, PRDE,actvstrat=,1.000000, actvprof=,1.456530, id=,B09, PRDE,actvstrat=,-0.780727, actvprof=,3.476171, id=,B10, PRDE,actvstrat=,-1.000000, actvprof=,3.866765, id=,B11, PRDE,actvstrat=,-0.871704, actvprof=,4.309030, id=,B12, PRDE,actvstrat=,1.000000, actvprof=,1.582654, id=,B13, PRDE,actvstrat=,-0.001736, actvprof=,2.194380, id=,B14, PRDE,actvstrat=,1.000000, actvprof=,1.444863, id=,B15, PRDE,actvstrat=,-0.108764, actvprof=,2.441904, id=,B16, PRDE,actvstrat=,-0.455570, actvprof=,2.264942, id=,B17, PRDE,actvstrat=,0.489456, actvprof=,2.873613, id=,B18, PRDE,actvstrat=,-1.000000, actvprof=,3.913436, id=,B19, PRDE,actvstrat=,0.492928, actvprof=,2.818052, id=,B20, PRDE,actvstrat=,0.274806, actvprof=,2.612198, id=,B21, PRDE,actvstrat=,-0.666850, actvprof=,2.960843, id=,B22, PRDE,actvstrat=,0.261167, actvprof=,2.721376, id=,B23, PRDE,actvstrat=,0.087405, actvprof=,2.325504, id=,B24, PRDE,actvstrat=,0.203548, actvprof=,2.782493, id=,B25, PRDE,actvstrat=,-0.457176, actvprof=,2.386621, id=,B26, PRDE,actvstrat=,0.670622, actvprof=,2.850555, id=,B27, PRDE,actvstrat=,-0.754233, actvprof=,3.488673, id=,B28, PRDE,actvstrat=,-0.363564, actvprof=,2.444404, id=,B29, PRDE,actvstrat=,0.071303, actvprof=,2.451072, id=,S00, PRDE,actvstrat=,-0.745148, actvprof=,3.840373, id=,S01, PRDE,actvstrat=,0.427827, actvprof=,8.818635, id=,S02, PRDE,actvstrat=,0.647921, actvprof=,10.118484, id=,S03, PRDE,actvstrat=,-0.914107, actvprof=,2.685261, id=,S04, PRDE,actvstrat=,0.797669, actvprof=,10.602420, id=,S05, PRDE,actvstrat=,-1.000000, actvprof=,9.979581, id=,S06, PRDE,actvstrat=,-0.317407, actvprof=,4.612671, id=,S07, PRDE,actvstrat=,1.000000, actvprof=,10.532968, id=,S08, PRDE,actvstrat=,0.339060, actvprof=,8.637506, id=,S09, PRDE,actvstrat=,-0.940178, actvprof=,3.329768, id=,S10, PRDE,actvstrat=,1.000000, actvprof=,10.611309, id=,S11, PRDE,actvstrat=,0.395226, actvprof=,8.856139, id=,S12, PRDE,actvstrat=,0.084493, actvprof=,7.372661, id=,S13, PRDE,actvstrat=,0.564270, actvprof=,9.408693, id=,S14, PRDE,actvstrat=,0.359564, actvprof=,9.125609, id=,S15, PRDE,actvstrat=,-0.414378, actvprof=,4.998819, id=,S16, PRDE,actvstrat=,0.507005, actvprof=,9.243954, id=,S17, PRDE,actvstrat=,0.600126, actvprof=,9.536483, id=,S18, PRDE,actvstrat=,-0.416418, actvprof=,5.240232, id=,S19, PRDE,actvstrat=,0.670467, actvprof=,9.944022, id=,S20, PRDE,actvstrat=,1.000000, actvprof=,10.301835, id=,S21, PRDE,actvstrat=,-0.487151, actvprof=,4.939925, id=,S22, PRDE,actvstrat=,-0.169934, actvprof=,5.815288, id=,S23, PRDE,actvstrat=,0.915640, actvprof=,10.671315, id=,S24, PRDE,actvstrat=,0.186945, actvprof=,8.001889, id=,S25, PRDE,actvstrat=,-0.468897, actvprof=,5.034378, id=,S26, PRDE,actvstrat=,1.000000, actvprof=,10.492131, id=,S27, PRDE,actvstrat=,0.172082, actvprof=,7.751031, id=,S28, PRDE,actvstrat=,-0.987482, actvprof=,6.837054, id=,S29, PRDE,actvstrat=,-1.000000, actvprof=,9.956801, best_B_id=,B11, best_B_prof=,4.309030, best_B_strat=,-0.871704, best_S_id=,S23, best_S_prof=,10.671315, best_S_strat=,0.915640, 
t=,72000, id=,B00, PRDE,actvstrat=,-0.228953, actvprof=,2.357470, id=,B01, PRDE,actvstrat=,-1.000000, actvprof=,3.931015, id=,B02, PRDE,actvstrat=,-0.534476, actvprof=,2.596231, id=,B03, PRDE,actvstrat=,0.201479, actvprof=,2.634566, id=,B04, PRDE,actvstrat=,-1.000000, actvprof=,3.933238, id=,B05, PRDE,actvstrat=,0.052969, actvprof=,2.374554, id=,B06, PRDE,actvstrat=,-1.000000, actvprof=,3.731423, id=,B07, PRDE,actvstrat=,0.879223, actvprof=,2.486504, id=,B08, PRDE,actvstrat=,1.000000, actvprof=,1.485763, id=,B09, PRDE,actvstrat=,-0.780727, actvprof=,3.551692, id=,B10, PRDE,actvstrat=,-1.000000, actvprof=,3.923376, id=,B11, PRDE,actvstrat=,-0.871704, actvprof=,4.256308, id=,B12, PRDE,actvstrat=,1.000000, actvprof=,1.526321, id=,B13, PRDE,actvstrat=,-0.001736, actvprof=,2.211352, id=,B14, PRDE,actvstrat=,1.000000, actvprof=,1.529376, id=,B15, PRDE,actvstrat=,-0.108764, actvprof=,2.396917, id=,B16, PRDE,actvstrat=,-0.455570, actvprof=,2.290662, id=,B17, PRDE,actvstrat=,0.489456, actvprof=,2.867494, id=,B18, PRDE,actvstrat=,-1.000000, actvprof=,3.829205, id=,B19, PRDE,actvstrat=,0.492928, actvprof=,2.817075, id=,B20, PRDE,actvstrat=,0.274806, actvprof=,2.599148, id=,B21, PRDE,actvstrat=,-0.666850, actvprof=,2.916802, id=,B22, PRDE,actvstrat=,0.261167, actvprof=,2.713876, id=,B23, PRDE,actvstrat=,0.087405, actvprof=,2.431501, id=,B24, PRDE,actvstrat=,0.203548, actvprof=,2.682624, id=,B25, PRDE,actvstrat=,-0.457176, actvprof=,2.360526, id=,B26, PRDE,actvstrat=,0.670622, actvprof=,2.899718, id=,B27, PRDE,actvstrat=,-0.754233, actvprof=,3.373212, id=,B28, PRDE,actvstrat=,-0.363564, actvprof=,2.407611, id=,B29, PRDE,actvstrat=,0.071303, actvprof=,2.374415, id=,S00, PRDE,actvstrat=,-0.745148, actvprof=,3.916709, id=,S01, PRDE,actvstrat=,0.427827, actvprof=,8.953887, id=,S02, PRDE,actvstrat=,0.647921, actvprof=,10.047271, id=,S03, PRDE,actvstrat=,-0.914107, actvprof=,2.602065, id=,S04, PRDE,actvstrat=,0.797669, actvprof=,10.655632, id=,S05, PRDE,actvstrat=,-1.000000, actvprof=,9.797537, id=,S06, PRDE,actvstrat=,-0.317407, actvprof=,5.072040, id=,S07, PRDE,actvstrat=,1.000000, actvprof=,10.644243, id=,S08, PRDE,actvstrat=,0.339060, actvprof=,8.660818, id=,S09, PRDE,actvstrat=,-0.940178, actvprof=,3.319181, id=,S10, PRDE,actvstrat=,1.000000, actvprof=,10.629798, id=,S11, PRDE,actvstrat=,0.395226, actvprof=,8.829437, id=,S12, PRDE,actvstrat=,0.084493, actvprof=,7.468957, id=,S13, PRDE,actvstrat=,0.564270, actvprof=,9.225844, id=,S14, PRDE,actvstrat=,0.359564, actvprof=,9.107922, id=,S15, PRDE,actvstrat=,-0.414378, actvprof=,5.015510, id=,S16, PRDE,actvstrat=,0.507005, actvprof=,9.168480, id=,S17, PRDE,actvstrat=,0.600126, actvprof=,9.609473, id=,S18, PRDE,actvstrat=,-0.416418, actvprof=,5.079541, id=,S19, PRDE,actvstrat=,0.670467, actvprof=,9.959211, id=,S20, PRDE,actvstrat=,1.000000, actvprof=,10.409371, id=,S21, PRDE,actvstrat=,-0.487151, actvprof=,5.057317, id=,S22, PRDE,actvstrat=,-0.169934, actvprof=,5.853743, id=,S23, PRDE,actvstrat=,0.915640, actvprof=,10.815084, id=,S24, PRDE,actvstrat=,0.186945, actvprof=,7.904255, id=,S25, PRDE,actvstrat=,-0.468897, actvprof=,4.989259, id=,S26, PRDE,actvstrat=,1.000000, actvprof=,10.580212, id=,S27, PRDE,actvstrat=,0.172082, actvprof=,7.906199, id=,S28, PRDE,actvstrat=,-0.987482, actvprof=,6.897264, id=,S29, PRDE,actvstrat=,-1.000000, actvprof=,10.015325, best_B_id=,B11, best_B_prof=,4.256308, best_B_strat=,-0.871704, best_S_id=,S23, best_S_prof=,10.815084, best_S_strat=,0.915640, 
t=,75600, id=,B00, PRDE,actvstrat=,-0.906897, actvprof=,4.848827, id=,B01, PRDE,actvstrat=,0.738774, actvprof=,3.244775, id=,B02, PRDE,actvstrat=,0.442031, actvprof=,3.281445, id=,B03, PRDE,actvstrat=,-0.202690, actvprof=,2.903907, id=,B04, PRDE,actvstrat=,-0.789353, actvprof=,4.334053, id=,B05, PRDE,actvstrat=,-0.102171, actvprof=,3.124207, id=,B06, PRDE,actvstrat=,-0.237928, actvprof=,3.156433, id=,B07, PRDE,actvstrat=,0.550181, actvprof=,3.257832, id=,B08, PRDE,actvstrat=,0.010048, actvprof=,3.127263, id=,B09, PRDE,actvstrat=,-0.443248, actvprof=,3.200882, id=,B10, PRDE,actvstrat=,-0.625070, actvprof=,3.494800, id=,B11, PRDE,actvstrat=,-0.871704, actvprof=,4.959116, id=,B12, PRDE,actvstrat=,0.853877, actvprof=,2.953079, id=,B13, PRDE,actvstrat=,0.038126, actvprof=,3.117818, id=,B14, PRDE,actvstrat=,1.000000, actvprof=,1.746845, id=,B15, PRDE,actvstrat=,-0.108764, actvprof=,3.208938, id=,B16, PRDE,actvstrat=,-0.715745, actvprof=,4.312106, id=,B17, PRDE,actvstrat=,0.489456, actvprof=,3.525081, id=,B18, PRDE,actvstrat=,-0.941714, actvprof=,4.763541, id=,B19, PRDE,actvstrat=,-0.421694, actvprof=,3.291724, id=,B20, PRDE,actvstrat=,-0.971336, actvprof=,4.524072, id=,B21, PRDE,actvstrat=,-1.000000, actvprof=,4.689089, id=,B22, PRDE,actvstrat=,0.685893, actvprof=,3.344785, id=,B23, PRDE,actvstrat=,0.624258, actvprof=,3.604812, id=,B24, PRDE,actvstrat=,-0.577992, actvprof=,3.286168, id=,B25, PRDE,actvstrat=,0.285186, actvprof=,3.278389, id=,B26, PRDE,actvstrat=,0.670622, actvprof=,3.315060, id=,B27, PRDE,actvstrat=,-0.754233, actvprof=,4.241265, id=,B28, PRDE,actvstrat=,-0.204455, actvprof=,2.924187, id=,B29, PRDE,actvstrat=,-0.499975, actvprof=,3.400624, id=,S00, PRDE,actvstrat=,0.595095, actvprof=,8.995916, id=,S01, PRDE,actvstrat=,0.663847, actvprof=,9.129263, id=,S02, PRDE,actvstrat=,0.089445, actvprof=,6.897647, id=,S03, PRDE,actvstrat=,-0.121919, actvprof=,5.813925, id=,S04, PRDE,actvstrat=,0.174137, actvprof=,7.293243, id=,S05, PRDE,actvstrat=,0.859406, actvprof=,10.102418, id=,S06, PRDE,actvstrat=,-0.082058, actvprof=,5.893656, id=,S07, PRDE,actvstrat=,-0.340890, actvprof=,4.532128, id=,S08, PRDE,actvstrat=,0.339060, actvprof=,8.078045, id=,S09, PRDE,actvstrat=,0.955490, actvprof=,9.543194, id=,S10, PRDE,actvstrat=,0.527980, actvprof=,8.549204, id=,S11, PRDE,actvstrat=,0.395226, actvprof=,8.034707, id=,S12, PRDE,actvstrat=,-0.259521, actvprof=,4.891332, id=,S13, PRDE,actvstrat=,0.564270, actvprof=,8.892017, id=,S14, PRDE,actvstrat=,0.524289, actvprof=,8.847012, id=,S15, PRDE,actvstrat=,-0.367643, actvprof=,4.679643, id=,S16, PRDE,actvstrat=,0.507005, actvprof=,8.428358, id=,S17, PRDE,actvstrat=,1.000000, actvprof=,9.972960, id=,S18, PRDE,actvstrat=,0.891941, actvprof=,9.851559, id=,S19, PRDE,actvstrat=,0.111196, actvprof=,6.980711, id=,S20, PRDE,actvstrat=,1.000000, actvprof=,9.837946, id=,S21, PRDE,actvstrat=,-0.702627, actvprof=,4.017076, id=,S22, PRDE,actvstrat=,0.546941, actvprof=,8.531980, id=,S23, PRDE,actvstrat=,0.856712, actvprof=,9.957125, id=,S24, PRDE,actvstrat=,0.186945, actvprof=,7.080443, id=,S25, PRDE,actvstrat=,0.113954, actvprof=,7.086555, id=,S26, PRDE,actvstrat=,1.000000, actvprof=,9.869616, id=,S27, PRDE,actvstrat=,0.677934, actvprof=,9.199270, id=,S28, PRDE,actvstrat=,-0.987482, actvprof=,7.009881, id=,S29, PRDE,actvstrat=,-0.875505, actvprof=,2.331904, best_B_id=,B11, best_B_prof=,4.959116, best_B_strat=,-0.871704, best_S_id=,S05, best_S_prof=,10.102418, best_S_strat=,0.859406, 
t=,79200, id=,B00, PRDE,actvstrat=,-0.906897, actvprof=,4.784144, id=,B01, PRDE,actvstrat=,0.738774, actvprof=,3.275452, id=,B02, PRDE,actvstrat=,0.442031, actvprof=,3.349901, id=,B03, PRDE,actvstrat=,-0.202690, actvprof=,2.938073, id=,B04, PRDE,actvstrat=,-0.789353, actvprof=,4.408846, id=,B05, PRDE,actvstrat=,-0.102171, actvprof=,3.153501, id=,B06, PRDE,actvstrat=,-0.237928, actvprof=,2.934462, id=,B07, PRDE,actvstrat=,0.550181, actvprof=,3.348095, id=,B08, PRDE,actvstrat=,0.010048, actvprof=,3.005160, id=,B09, PRDE,actvstrat=,-0.443248, actvprof=,3.267257, id=,B10, PRDE,actvstrat=,-0.625070, actvprof=,3.512548, id=,B11, PRDE,actvstrat=,-0.871704, actvprof=,4.836369, id=,B12, PRDE,actvstrat=,0.853877, actvprof=,2.883209, id=,B13, PRDE,actvstrat=,0.038126, actvprof=,2.997798, id=,B14, PRDE,actvstrat=,1.000000, actvprof=,1.713425, id=,B15, PRDE,actvstrat=,-0.108764, actvprof=,3.052107, id=,B16, PRDE,actvstrat=,-0.715745, actvprof=,4.078134, id=,B17, PRDE,actvstrat=,0.489456, actvprof=,3.403515, id=,B18, PRDE,actvstrat=,-0.941714, actvprof=,4.770810, id=,B19, PRDE,actvstrat=,-0.421694, actvprof=,3.263785, id=,B20, PRDE,actvstrat=,-0.971336, actvprof=,4.531075, id=,B21, PRDE,actvstrat=,-1.000000, actvprof=,4.613023, id=,B22, PRDE,actvstrat=,0.685893, actvprof=,3.330594, id=,B23, PRDE,actvstrat=,0.624258, actvprof=,3.492269, id=,B24, PRDE,actvstrat=,-0.577992, actvprof=,3.315454, id=,B25, PRDE,actvstrat=,0.285186, actvprof=,3.255312, id=,B26, PRDE,actvstrat=,0.670622, actvprof=,3.253368, id=,B27, PRDE,actvstrat=,-0.754233, actvprof=,4.309118, id=,B28, PRDE,actvstrat=,-0.204455, actvprof=,2.959741, id=,B29, PRDE,actvstrat=,-0.499975, actvprof=,3.299065, id=,S00, PRDE,actvstrat=,0.595095, actvprof=,8.905196, id=,S01, PRDE,actvstrat=,0.663847, actvprof=,9.295217, id=,S02, PRDE,actvstrat=,0.089445, actvprof=,6.902451, id=,S03, PRDE,actvstrat=,-0.121919, actvprof=,5.729333, id=,S04, PRDE,actvstrat=,0.174137, actvprof=,7.042042, id=,S05, PRDE,actvstrat=,0.859406, actvprof=,9.973448, id=,S06, PRDE,actvstrat=,-0.082058, actvprof=,5.938927, id=,S07, PRDE,actvstrat=,-0.340890, actvprof=,4.648025, id=,S08, PRDE,actvstrat=,0.339060, actvprof=,8.064596, id=,S09, PRDE,actvstrat=,0.955490, actvprof=,9.729268, id=,S10, PRDE,actvstrat=,0.527980, actvprof=,8.721298, id=,S11, PRDE,actvstrat=,0.395226, actvprof=,8.070707, id=,S12, PRDE,actvstrat=,-0.259521, actvprof=,4.997627, id=,S13, PRDE,actvstrat=,0.564270, actvprof=,8.828803, id=,S14, PRDE,actvstrat=,0.524289, actvprof=,8.599069, id=,S15, PRDE,actvstrat=,-0.367643, actvprof=,4.633302, id=,S16, PRDE,actvstrat=,0.507005, actvprof=,8.560317, id=,S17, PRDE,actvstrat=,1.000000, actvprof=,9.917334, id=,S18, PRDE,actvstrat=,0.891941, actvprof=,9.919139, id=,S19, PRDE,actvstrat=,0.111196, actvprof=,6.975371, id=,S20, PRDE,actvstrat=,1.000000, actvprof=,9.905527, id=,S21, PRDE,actvstrat=,-0.702627, actvprof=,3.955072, id=,S22, PRDE,actvstrat=,0.546941, actvprof=,8.711019, id=,S23, PRDE,actvstrat=,0.856712, actvprof=,9.943029, id=,S24, PRDE,actvstrat=,0.186945, actvprof=,7.138019, id=,S25, PRDE,actvstrat=,0.113954, actvprof=,7.101211, id=,S26, PRDE,actvstrat=,1.000000, actvprof=,9.806355, id=,S27, PRDE,actvstrat=,0.677934, actvprof=,9.378416, id=,S28, PRDE,actvstrat=,-0.987482, actvprof=,6.933008, id=,S29, PRDE,actvstrat=,-0.875505, actvprof=,2.336930, best_B_id=,B11, best_B_prof=,4.836369, best_B_strat=,-0.871704, best_S_id=,S05, best_S_prof=,9.973448, best_S_strat=,0.859406, 
t=,82800, id=,B00, PRDE,actvstrat=,-0.428833, actvprof=,2.098289, id=,B01, PRDE,actvstrat=,-0.227644, actvprof=,1.885209, id=,B02, PRDE,actvstrat=,0.442031, actvprof=,2.459162, id=,B03, PRDE,actvstrat=,0.947695, actvprof=,1.583231, id=,B04, PRDE,actvstrat=,-0.406835, actvprof=,1.951606, id=,B05, PRDE,actvstrat=,0.254773, actvprof=,2.224969, id=,B06, PRDE,actvstrat=,-1.000000, actvprof=,2.891988, id=,B07, PRDE,actvstrat=,0.574830, actvprof=,2.364985, id=,B08, PRDE,actvstrat=,1.000000, actvprof=,1.124847, id=,B09, PRDE,actvstrat=,-0.525303, actvprof=,2.214135, id=,B10, PRDE,actvstrat=,-1.000000, actvprof=,2.761974, id=,B11, PRDE,actvstrat=,-0.871704, actvprof=,3.625958, id=,B12, PRDE,actvstrat=,0.853877, actvprof=,2.214413, id=,B13, PRDE,actvstrat=,-0.041599, actvprof=,2.082731, id=,B14, PRDE,actvstrat=,0.512033, actvprof=,2.420547, id=,B15, PRDE,actvstrat=,1.000000, actvprof=,1.135682, id=,B16, PRDE,actvstrat=,-0.456580, actvprof=,2.200522, id=,B17, PRDE,actvstrat=,0.489456, actvprof=,2.447216, id=,B18, PRDE,actvstrat=,-1.000000, actvprof=,2.741138, id=,B19, PRDE,actvstrat=,-0.054930, actvprof=,1.870208, id=,B20, PRDE,actvstrat=,-0.722108, actvprof=,3.010057, id=,B21, PRDE,actvstrat=,-1.000000, actvprof=,2.831704, id=,B22, PRDE,actvstrat=,-1.000000, actvprof=,2.825870, id=,B23, PRDE,actvstrat=,0.853473, actvprof=,2.296088, id=,B24, PRDE,actvstrat=,1.000000, actvprof=,1.018446, id=,B25, PRDE,actvstrat=,-1.000000, actvprof=,2.736415, id=,B26, PRDE,actvstrat=,0.670622, actvprof=,2.510557, id=,B27, PRDE,actvstrat=,1.000000, actvprof=,1.063729, id=,B28, PRDE,actvstrat=,-0.363564, actvprof=,1.840482, id=,B29, PRDE,actvstrat=,0.257215, actvprof=,2.133015, id=,S00, PRDE,actvstrat=,0.389350, actvprof=,9.447994, id=,S01, PRDE,actvstrat=,0.394393, actvprof=,9.603567, id=,S02, PRDE,actvstrat=,1.000000, actvprof=,11.614902, id=,S03, PRDE,actvstrat=,-0.158675, actvprof=,6.287921, id=,S04, PRDE,actvstrat=,0.382449, actvprof=,9.572730, id=,S05, PRDE,actvstrat=,-0.557791, actvprof=,5.653128, id=,S06, PRDE,actvstrat=,-0.082058, actvprof=,6.779642, id=,S07, PRDE,actvstrat=,0.002713, actvprof=,8.253139, id=,S08, PRDE,actvstrat=,0.339060, actvprof=,9.406323, id=,S09, PRDE,actvstrat=,-0.940178, actvprof=,3.623180, id=,S10, PRDE,actvstrat=,-0.489041, actvprof=,5.982054, id=,S11, PRDE,actvstrat=,-0.059066, actvprof=,7.468608, id=,S12, PRDE,actvstrat=,0.053228, actvprof=,8.219524, id=,S13, PRDE,actvstrat=,0.585813, actvprof=,10.699800, id=,S14, PRDE,actvstrat=,-0.749030, actvprof=,4.940271, id=,S15, PRDE,actvstrat=,-0.505600, actvprof=,5.641460, id=,S16, PRDE,actvstrat=,0.507005, actvprof=,10.358373, id=,S17, PRDE,actvstrat=,1.000000, actvprof=,11.689354, id=,S18, PRDE,actvstrat=,1.000000, actvprof=,11.551283, id=,S19, PRDE,actvstrat=,1.000000, actvprof=,11.530170, id=,S20, PRDE,actvstrat=,0.436444, actvprof=,9.633848, id=,S21, PRDE,actvstrat=,1.000000, actvprof=,11.824925, id=,S22, PRDE,actvstrat=,0.675525, actvprof=,10.822036, id=,S23, PRDE,actvstrat=,0.829393, actvprof=,11.322091, id=,S24, PRDE,actvstrat=,0.186945, actvprof=,8.789866, id=,S25, PRDE,actvstrat=,-0.002616, actvprof=,7.441938, id=,S26, PRDE,actvstrat=,0.485446, actvprof=,10.096400, id=,S27, PRDE,actvstrat=,-0.318157, actvprof=,6.074842, id=,S28, PRDE,actvstrat=,-1.000000, actvprof=,9.888599, id=,S29, PRDE,actvstrat=,-1.000000, actvprof=,9.520224, best_B_id=,B11, best_B_prof=,3.625958, best_B_strat=,-0.871704, best_S_id=,S21, best_S_prof=,11.824925, best_S_strat=,1.000000, 
