t=,0, id=,B00, PRDE,actvstrat=,-0.887081, actvprof=,0.000000, id=,B01, PRDE,actvstrat=,0.875962, actvprof=,0.000000, id=,B02, PRDE,actvstrat=,0.357775, actvprof=,0.000000, id=,B03, PRDE,actvstrat=,-0.895314, actvprof=,0.000000, id=,B04, PRDE,actvstrat=,0.673707, actvprof=,0.000000, id=,B05, PRDE,actvstrat=,0.474818, actvprof=,0.000000, id=,B06, PRDE,actvstrat=,-0.683921, actvprof=,0.000000, id=,B07, PRDE,actvstrat=,-0.248850, actvprof=,0.000000, id=,B08, PRDE,actvstrat=,0.711264, actvprof=,0.000000, id=,B09, PRDE,actvstrat=,0.364891, actvprof=,0.000000, id=,B10, PRDE,actvstrat=,-0.867109, actvprof=,0.000000, id=,B11, PRDE,actvstrat=,-0.789433, actvprof=,0.000000, id=,B12, PRDE,actvstrat=,-0.611751, actvprof=,0.000000, id=,B13, PRDE,actvstrat=,0.324532, actvprof=,0.000000, id=,B14, PRDE,actvstrat=,-0.302312, actvprof=,0.000000, id=,B15, PRDE,actvstrat=,0.328821, actvprof=,0.000000, id=,B16, PRDE,actvstrat=,-0.976072, actvprof=,0.000000, id=,B17, PRDE,actvstrat=,-0.347445, actvprof=,0.000000, id=,B18, PRDE,actvstrat=,-0.343319, actvprof=,0.000000, id=,B19, PRDE,actvstrat=,0.270366, actvprof=,0.000000, id=,B20, PRDE,actvstrat=,-0.883886, actvprof=,0.000000, id=,B21, PRDE,actvstrat=,0.498302, actvprof=,0.000000, id=,B22, PRDE,actvstrat=,0.306703, actvprof=,0.000000, id=,B23, PRDE,actvstrat=,-0.391874, actvprof=,0.000000, id=,B24, PRDE,actvstrat=,0.080949, actvprof=,0.000000, id=,B25, PRDE,actvstrat=,0.284245, actvprof=,0.000000, id=,B26, PRDE,actvstrat=,-0.548201, actvprof=,0.000000, id=,B27, PRDE,actvstrat=,-0.616445, actvprof=,0.000000, id=,B28, PRDE,actvstrat=,0.133829, actvprof=,0.000000, id=,B29, PRDE,actvstrat=,-0.495915, actvprof=,0.000000, id=,S00, PRDE,actvstrat=,-0.075118, actvprof=,0.000000, id=,S01, PRDE,actvstrat=,-0.197982, actvprof=,0.000000, id=,S02, PRDE,actvstrat=,0.126752, actvprof=,0.000000, id=,S03, PRDE,actvstrat=,0.900700, actvprof=,0.000000, id=,S04, PRDE,actvstrat=,-0.730493, actvprof=,0.000000, id=,S05, PRDE,actvstrat=,0.507605, actvprof=,0.000000, id=,S06, PRDE,actvstrat=,-0.117300, actvprof=,0.000000, id=,S07, PRDE,actvstrat=,0.244375, actvprof=,0.000000, id=,S08, PRDE,actvstrat=,-0.162652, actvprof=,0.000000, id=,S09, PRDE,actvstrat=,-0.267650, actvprof=,0.000000, id=,S10, PRDE,actvstrat=,0.790732, actvprof=,0.000000, id=,S11, PRDE,actvstrat=,-0.796373, actvprof=,0.000000, id=,S12, PRDE,actvstrat=,-0.351793, actvprof=,0.000000, id=,S13, PRDE,actvstrat=,0.358788, actvprof=,0.000000, id=,S14, PRDE,actvstrat=,-0.175938, actvprof=,0.000000, id=,S15, PRDE,actvstrat=,-0.289749, actvprof=,0.000000, id=,S16, PRDE,actvstrat=,-0.404213, actvprof=,0.000000, id=,S17, PRDE,actvstrat=,-0.384710, actvprof=,0.000000, id=,S18, PRDE,actvstrat=,0.044140, actvprof=,0.000000, id=,S19, PRDE,actvstrat=,0.159115, actvprof=,0.000000, id=,S20, PRDE,actvstrat=,0.132003, actvprof=,0.000000, id=,S21, PRDE,actvstrat=,-0.906149, actvprof=,0.000000, id=,S22, PRDE,actvstrat=,-0.009001, actvprof=,0.000000, id=,S23, PRDE,actvstrat=,0.707188, actvprof=,0.000000, id=,S24, PRDE,actvstrat=,-0.198934, actvprof=,0.000000, id=,S25, PRDE,actvstrat=,0.553532, actvprof=,0.000000, id=,S26, PRDE,actvstrat=,0.501925, actvprof=,0.000000, id=,S27, PRDE,actvstrat=,0.528959, actvprof=,0.000000, id=,S28, PRDE,actvstrat=,0.037915, actvprof=,0.000000, id=,S29, PRDE,actvstrat=,-0.572694, actvprof=,0.000000, best_B_id=,B00, best_B_prof=,0.000000, best_B_strat=,-0.887081, best_S_id=,S00, best_S_prof=,0.000000, best_S_strat=,-0.075118, 
t=,3600, id=,B00, PRDE,actvstrat=,-0.887081, actvprof=,3.767778, id=,B01, PRDE,actvstrat=,0.875962, actvprof=,2.482222, id=,B02, PRDE,actvstrat=,0.357775, actvprof=,2.463333, id=,B03, PRDE,actvstrat=,-0.895314, actvprof=,3.927500, id=,B04, PRDE,actvstrat=,0.673707, actvprof=,2.659444, id=,B05, PRDE,actvstrat=,0.474818, actvprof=,2.691667, id=,B06, PRDE,actvstrat=,-0.683921, actvprof=,2.199167, id=,B07, PRDE,actvstrat=,-0.248850, actvprof=,2.035833, id=,B08, PRDE,actvstrat=,0.711264, actvprof=,2.786944, id=,B09, PRDE,actvstrat=,0.364891, actvprof=,2.570278, id=,B10, PRDE,actvstrat=,-0.867109, actvprof=,3.677778, id=,B11, PRDE,actvstrat=,-0.789433, actvprof=,2.897500, id=,B12, PRDE,actvstrat=,-0.611751, actvprof=,2.236389, id=,B13, PRDE,actvstrat=,0.324532, actvprof=,2.404167, id=,B14, PRDE,actvstrat=,-0.302312, actvprof=,1.731111, id=,B15, PRDE,actvstrat=,0.328821, actvprof=,2.419444, id=,B16, PRDE,actvstrat=,-0.976072, actvprof=,3.696111, id=,B17, PRDE,actvstrat=,-0.347445, actvprof=,1.922222, id=,B18, PRDE,actvstrat=,-0.343319, actvprof=,1.859444, id=,B19, PRDE,actvstrat=,0.270366, actvprof=,2.350278, id=,B20, PRDE,actvstrat=,-0.883886, actvprof=,3.820833, id=,B21, PRDE,actvstrat=,0.498302, actvprof=,2.684167, id=,B22, PRDE,actvstrat=,0.306703, actvprof=,2.267222, id=,B23, PRDE,actvstrat=,-0.391874, actvprof=,2.151944, id=,B24, PRDE,actvstrat=,0.080949, actvprof=,2.144167, id=,B25, PRDE,actvstrat=,0.284245, actvprof=,2.392778, id=,B26, PRDE,actvstrat=,-0.548201, actvprof=,2.118611, id=,B27, PRDE,actvstrat=,-0.616445, actvprof=,2.188611, id=,B28, PRDE,actvstrat=,0.133829, actvprof=,2.274444, id=,B29, PRDE,actvstrat=,-0.495915, actvprof=,1.923056, id=,S00, PRDE,actvstrat=,-0.075118, actvprof=,6.445556, id=,S01, PRDE,actvstrat=,-0.197982, actvprof=,5.189722, id=,S02, PRDE,actvstrat=,0.126752, actvprof=,7.572500, id=,S03, PRDE,actvstrat=,0.900700, actvprof=,10.711111, id=,S04, PRDE,actvstrat=,-0.730493, actvprof=,3.961944, id=,S05, PRDE,actvstrat=,0.507605, actvprof=,9.315556, id=,S06, PRDE,actvstrat=,-0.117300, actvprof=,6.233889, id=,S07, PRDE,actvstrat=,0.244375, actvprof=,8.036667, id=,S08, PRDE,actvstrat=,-0.162652, actvprof=,5.956111, id=,S09, PRDE,actvstrat=,-0.267650, actvprof=,5.494444, id=,S10, PRDE,actvstrat=,0.790732, actvprof=,10.445833, id=,S11, PRDE,actvstrat=,-0.796373, actvprof=,3.585556, id=,S12, PRDE,actvstrat=,-0.351793, actvprof=,4.869722, id=,S13, PRDE,actvstrat=,0.358788, actvprof=,8.645833, id=,S14, PRDE,actvstrat=,-0.175938, actvprof=,5.567778, id=,S15, PRDE,actvstrat=,-0.289749, actvprof=,5.127778, id=,S16, PRDE,actvstrat=,-0.404213, actvprof=,5.212500, id=,S17, PRDE,actvstrat=,-0.384710, actvprof=,5.315833, id=,S18, PRDE,actvstrat=,0.044140, actvprof=,7.208889, id=,S19, PRDE,actvstrat=,0.159115, actvprof=,7.325833, id=,S20, PRDE,actvstrat=,0.132003, actvprof=,7.660556, id=,S21, PRDE,actvstrat=,-0.906149, actvprof=,2.637500, id=,S22, PRDE,actvstrat=,-0.009001, actvprof=,6.912222, id=,S23, PRDE,actvstrat=,0.707188, actvprof=,10.265833, id=,S24, PRDE,actvstrat=,-0.198934, actvprof=,5.620556, id=,S25, PRDE,actvstrat=,0.553532, actvprof=,9.298333, id=,S26, PRDE,actvstrat=,0.501925, actvprof=,9.536389, id=,S27, PRDE,actvstrat=,0.528959, actvprof=,9.253889, id=,S28, PRDE,actvstrat=,0.037915, actvprof=,7.269722, id=,S29, PRDE,actvstrat=,-0.572694, actvprof=,5.044167, best_B_id=,B03, best_B_prof=,3.927500, best_B_strat=,-0.895314, best_S_id=,S03, best_S_prof=,10.711111, best_S_strat=,0.900700, 
t=,7200, id=,B00, PRDE,actvstrat=,0.461467, actvprof=,0.000000, id=,B01, PRDE,actvstrat=,-0.102556, actvprof=,0.000000, id=,B02, PRDE,actvstrat=,-0.497753, actvprof=,0.000000, id=,B03, PRDE,actvstrat=,-0.595224, actvprof=,0.000000, id=,B04, PRDE,actvstrat=,0.145723, actvprof=,0.000000, id=,B05, PRDE,actvstrat=,-0.584827, actvprof=,0.000000, id=,B06, PRDE,actvstrat=,-0.979784, actvprof=,0.000000, id=,B07, PRDE,actvstrat=,-0.366021, actvprof=,0.000000, id=,B08, PRDE,actvstrat=,-0.419410, actvprof=,0.000000, id=,B09, PRDE,actvstrat=,-0.409189, actvprof=,0.000000, id=,B10, PRDE,actvstrat=,0.633481, actvprof=,0.000000, id=,B11, PRDE,actvstrat=,0.232562, actvprof=,0.000000, id=,B12, PRDE,actvstrat=,-0.576021, actvprof=,0.000000, id=,B13, PRDE,actvstrat=,-0.887530, actvprof=,0.000000, id=,B14, PRDE,actvstrat=,-0.298471, actvprof=,0.000000, id=,B15, PRDE,actvstrat=,-0.634078, actvprof=,0.000000, id=,B16, PRDE,actvstrat=,0.752385, actvprof=,0.000000, id=,B17, PRDE,actvstrat=,-0.504679, actvprof=,0.000000, id=,B18, PRDE,actvstrat=,-0.603348, actvprof=,0.000000, id=,B19, PRDE,actvstrat=,0.801980, actvprof=,0.000000, id=,B20, PRDE,actvstrat=,0.631231, actvprof=,0.000000, id=,B21, PRDE,actvstrat=,0.575668, actvprof=,0.000000, id=,B22, PRDE,actvstrat=,0.407301, actvprof=,0.000000, id=,B23, PRDE,actvstrat=,-0.000575, actvprof=,0.000000, id=,B24, PRDE,actvstrat=,-0.687611, actvprof=,0.000000, id=,B25, PRDE,actvstrat=,0.870201, actvprof=,0.000000, id=,B26, PRDE,actvstrat=,0.506265, actvprof=,0.000000, id=,B27, PRDE,actvstrat=,-0.439093, actvprof=,0.000000, id=,B28, PRDE,actvstrat=,-0.474095, actvprof=,0.000000, id=,B29, PRDE,actvstrat=,0.318589, actvprof=,0.000000, id=,S00, PRDE,actvstrat=,0.099631, actvprof=,0.000000, id=,S01, PRDE,actvstrat=,0.247827, actvprof=,0.000000, id=,S02, PRDE,actvstrat=,-0.094649, actvprof=,0.000000, id=,S03, PRDE,actvstrat=,0.037171, actvprof=,0.000000, id=,S04, PRDE,actvstrat=,-0.705819, actvprof=,0.000000, id=,S05, PRDE,actvstrat=,-0.213474, actvprof=,0.000000, id=,S06, PRDE,actvstrat=,0.424458, actvprof=,0.000000, id=,S07, PRDE,actvstrat=,-0.520154, actvprof=,0.000000, id=,S08, PRDE,actvstrat=,-0.048006, actvprof=,0.000000, id=,S09, PRDE,actvstrat=,0.249360, actvprof=,0.000000, id=,S10, PRDE,actvstrat=,0.081758, actvprof=,0.000000, id=,S11, PRDE,actvstrat=,-0.189317, actvprof=,0.000000, id=,S12, PRDE,actvstrat=,-0.132650, actvprof=,0.000000, id=,S13, PRDE,actvstrat=,0.387220, actvprof=,0.000000, id=,S14, PRDE,actvstrat=,0.205568, actvprof=,0.000000, id=,S15, PRDE,actvstrat=,-0.685961, actvprof=,0.000000, id=,S16, PRDE,actvstrat=,0.868287, actvprof=,0.000000, id=,S17, PRDE,actvstrat=,-0.346974, actvprof=,0.000000, id=,S18, PRDE,actvstrat=,0.056892, actvprof=,0.000000, id=,S19, PRDE,actvstrat=,0.998598, actvprof=,0.000000, id=,S20, PRDE,actvstrat=,0.746169, actvprof=,0.000000, id=,S21, PRDE,actvstrat=,-0.539142, actvprof=,0.000000, id=,S22, PRDE,actvstrat=,-0.161024, actvprof=,0.000000, id=,S23, PRDE,actvstrat=,0.287299, actvprof=,0.000000, id=,S24, PRDE,actvstrat=,0.545651, actvprof=,0.000000, id=,S25, PRDE,actvstrat=,0.295417, actvprof=,0.000000, id=,S26, PRDE,actvstrat=,0.016083, actvprof=,0.000000, id=,S27, PRDE,actvstrat=,-0.304919, actvprof=,0.000000, id=,S28, PRDE,actvstrat=,-0.222567, actvprof=,0.000000, id=,S29, PRDE,actvstrat=,0.903958, actvprof=,0.000000, best_B_id=,B00, best_B_prof=,0.000000, best_B_strat=,0.461467, best_S_id=,S00, best_S_prof=,0.000000, best_S_strat=,0.099631, 
t=,10800, id=,B00, PRDE,actvstrat=,0.461467, actvprof=,2.633056, id=,B01, PRDE,actvstrat=,-0.102556, actvprof=,2.236667, id=,B02, PRDE,actvstrat=,-0.497753, actvprof=,2.288889, id=,B03, PRDE,actvstrat=,-0.595224, actvprof=,2.376111, id=,B04, PRDE,actvstrat=,0.145723, actvprof=,2.360278, id=,B05, PRDE,actvstrat=,-0.584827, actvprof=,2.446944, id=,B06, PRDE,actvstrat=,-0.979784, actvprof=,3.529444, id=,B07, PRDE,actvstrat=,-0.366021, actvprof=,2.160833, id=,B08, PRDE,actvstrat=,-0.419410, actvprof=,2.272500, id=,B09, PRDE,actvstrat=,-0.409189, actvprof=,2.177778, id=,B10, PRDE,actvstrat=,0.633481, actvprof=,2.680833, id=,B11, PRDE,actvstrat=,0.232562, actvprof=,2.392778, id=,B12, PRDE,actvstrat=,-0.576021, actvprof=,2.140278, id=,B13, PRDE,actvstrat=,-0.887530, actvprof=,4.178889, id=,B14, PRDE,actvstrat=,-0.298471, actvprof=,2.140000, id=,B15, PRDE,actvstrat=,-0.634078, actvprof=,2.583056, id=,B16, PRDE,actvstrat=,0.752385, actvprof=,2.599722, id=,B17, PRDE,actvstrat=,-0.504679, actvprof=,2.222500, id=,B18, PRDE,actvstrat=,-0.603348, actvprof=,2.532500, id=,B19, PRDE,actvstrat=,0.801980, actvprof=,2.545556, id=,B20, PRDE,actvstrat=,0.631231, actvprof=,2.511111, id=,B21, PRDE,actvstrat=,0.575668, actvprof=,2.836944, id=,B22, PRDE,actvstrat=,0.407301, actvprof=,2.539722, id=,B23, PRDE,actvstrat=,-0.000575, actvprof=,2.338333, id=,B24, PRDE,actvstrat=,-0.687611, actvprof=,2.899444, id=,B25, PRDE,actvstrat=,0.870201, actvprof=,2.367778, id=,B26, PRDE,actvstrat=,0.506265, actvprof=,2.756944, id=,B27, PRDE,actvstrat=,-0.439093, actvprof=,2.156667, id=,B28, PRDE,actvstrat=,-0.474095, actvprof=,2.121944, id=,B29, PRDE,actvstrat=,0.318589, actvprof=,2.596111, id=,S00, PRDE,actvstrat=,0.099631, actvprof=,7.152778, id=,S01, PRDE,actvstrat=,0.247827, actvprof=,7.805278, id=,S02, PRDE,actvstrat=,-0.094649, actvprof=,6.062222, id=,S03, PRDE,actvstrat=,0.037171, actvprof=,7.176667, id=,S04, PRDE,actvstrat=,-0.705819, actvprof=,4.055556, id=,S05, PRDE,actvstrat=,-0.213474, actvprof=,5.443056, id=,S06, PRDE,actvstrat=,0.424458, actvprof=,8.934444, id=,S07, PRDE,actvstrat=,-0.520154, actvprof=,4.852500, id=,S08, PRDE,actvstrat=,-0.048006, actvprof=,6.430000, id=,S09, PRDE,actvstrat=,0.249360, actvprof=,7.876944, id=,S10, PRDE,actvstrat=,0.081758, actvprof=,7.095556, id=,S11, PRDE,actvstrat=,-0.189317, actvprof=,5.236667, id=,S12, PRDE,actvstrat=,-0.132650, actvprof=,5.528611, id=,S13, PRDE,actvstrat=,0.387220, actvprof=,8.819444, id=,S14, PRDE,actvstrat=,0.205568, actvprof=,7.477778, id=,S15, PRDE,actvstrat=,-0.685961, actvprof=,4.180278, id=,S16, PRDE,actvstrat=,0.868287, actvprof=,10.776667, id=,S17, PRDE,actvstrat=,-0.346974, actvprof=,5.028056, id=,S18, PRDE,actvstrat=,0.056892, actvprof=,7.446111, id=,S19, PRDE,actvstrat=,0.998598, actvprof=,10.625278, id=,S20, PRDE,actvstrat=,0.746169, actvprof=,10.210556, id=,S21, PRDE,actvstrat=,-0.539142, actvprof=,4.766944, id=,S22, PRDE,actvstrat=,-0.161024, actvprof=,5.384167, id=,S23, PRDE,actvstrat=,0.287299, actvprof=,8.147222, id=,S24, PRDE,actvstrat=,0.545651, actvprof=,9.559722, id=,S25, PRDE,actvstrat=,0.295417, actvprof=,8.403611, id=,S26, PRDE,actvstrat=,0.016083, actvprof=,7.049444, id=,S27, PRDE,actvstrat=,-0.304919, actvprof=,4.733333, id=,S28, PRDE,actvstrat=,-0.222567, actvprof=,5.126944, id=,S29, PRDE,actvstrat=,0.903958, actvprof=,10.590556, best_B_id=,B13, best_B_prof=,4.178889, best_B_strat=,-0.887530, best_S_id=,S16, best_S_prof=,10.776667, best_S_strat=,0.868287, 
t=,14400, id=,B00, PRDE,actvstrat=,0.461467, actvprof=,2.653472, id=,B01, PRDE,actvstrat=,-0.102556, actvprof=,2.146944, id=,B02, PRDE,actvstrat=,-0.497753, actvprof=,2.253750, id=,B03, PRDE,actvstrat=,-0.595224, actvprof=,2.395139, id=,B04, PRDE,actvstrat=,0.145723, actvprof=,2.372500, id=,B05, PRDE,actvstrat=,-0.584827, actvprof=,2.473056, id=,B06, PRDE,actvstrat=,-0.979784, actvprof=,3.592778, id=,B07, PRDE,actvstrat=,-0.366021, actvprof=,2.103056, id=,B08, PRDE,actvstrat=,-0.419410, actvprof=,2.210972, id=,B09, PRDE,actvstrat=,-0.409189, actvprof=,2.218194, id=,B10, PRDE,actvstrat=,0.633481, actvprof=,2.669028, id=,B11, PRDE,actvstrat=,0.232562, actvprof=,2.358750, id=,B12, PRDE,actvstrat=,-0.576021, actvprof=,2.225556, id=,B13, PRDE,actvstrat=,-0.887530, actvprof=,4.042639, id=,B14, PRDE,actvstrat=,-0.298471, actvprof=,2.055278, id=,B15, PRDE,actvstrat=,-0.634078, actvprof=,2.563889, id=,B16, PRDE,actvstrat=,0.752385, actvprof=,2.609861, id=,B17, PRDE,actvstrat=,-0.504679, actvprof=,2.339028, id=,B18, PRDE,actvstrat=,-0.603348, actvprof=,2.460694, id=,B19, PRDE,actvstrat=,0.801980, actvprof=,2.620694, id=,B20, PRDE,actvstrat=,0.631231, actvprof=,2.625278, id=,B21, PRDE,actvstrat=,0.575668, actvprof=,2.813472, id=,B22, PRDE,actvstrat=,0.407301, actvprof=,2.601528, id=,B23, PRDE,actvstrat=,-0.000575, actvprof=,2.298194, id=,B24, PRDE,actvstrat=,-0.687611, actvprof=,2.864444, id=,B25, PRDE,actvstrat=,0.870201, actvprof=,2.388333, id=,B26, PRDE,actvstrat=,0.506265, actvprof=,2.749722, id=,B27, PRDE,actvstrat=,-0.439093, actvprof=,2.178472, id=,B28, PRDE,actvstrat=,-0.474095, actvprof=,2.288611, id=,B29, PRDE,actvstrat=,0.318589, actvprof=,2.518889, id=,S00, PRDE,actvstrat=,0.099631, actvprof=,7.260417, id=,S01, PRDE,actvstrat=,0.247827, actvprof=,7.896944, id=,S02, PRDE,actvstrat=,-0.094649, actvprof=,6.034306, id=,S03, PRDE,actvstrat=,0.037171, actvprof=,7.158611, id=,S04, PRDE,actvstrat=,-0.705819, actvprof=,3.846944, id=,S05, PRDE,actvstrat=,-0.213474, actvprof=,5.250139, id=,S06, PRDE,actvstrat=,0.424458, actvprof=,8.802083, id=,S07, PRDE,actvstrat=,-0.520154, actvprof=,4.870139, id=,S08, PRDE,actvstrat=,-0.048006, actvprof=,6.485139, id=,S09, PRDE,actvstrat=,0.249360, actvprof=,7.867083, id=,S10, PRDE,actvstrat=,0.081758, actvprof=,7.036806, id=,S11, PRDE,actvstrat=,-0.189317, actvprof=,5.507083, id=,S12, PRDE,actvstrat=,-0.132650, actvprof=,5.737361, id=,S13, PRDE,actvstrat=,0.387220, actvprof=,8.542222, id=,S14, PRDE,actvstrat=,0.205568, actvprof=,7.575417, id=,S15, PRDE,actvstrat=,-0.685961, actvprof=,4.058750, id=,S16, PRDE,actvstrat=,0.868287, actvprof=,10.758194, id=,S17, PRDE,actvstrat=,-0.346974, actvprof=,4.880833, id=,S18, PRDE,actvstrat=,0.056892, actvprof=,7.256528, id=,S19, PRDE,actvstrat=,0.998598, actvprof=,10.639444, id=,S20, PRDE,actvstrat=,0.746169, actvprof=,10.114583, id=,S21, PRDE,actvstrat=,-0.539142, actvprof=,4.472778, id=,S22, PRDE,actvstrat=,-0.161024, actvprof=,5.537361, id=,S23, PRDE,actvstrat=,0.287299, actvprof=,7.920278, id=,S24, PRDE,actvstrat=,0.545651, actvprof=,9.586250, id=,S25, PRDE,actvstrat=,0.295417, actvprof=,8.324583, id=,S26, PRDE,actvstrat=,0.016083, actvprof=,7.052639, id=,S27, PRDE,actvstrat=,-0.304919, actvprof=,4.858056, id=,S28, PRDE,actvstrat=,-0.222567, actvprof=,5.215694, id=,S29, PRDE,actvstrat=,0.903958, actvprof=,10.772222, best_B_id=,B13, best_B_prof=,4.042639, best_B_strat=,-0.887530, best_S_id=,S29, best_S_prof=,10.772222, best_S_strat=,0.903958, 
t=,18000, id=,B00, PRDE,actvstrat=,-0.598123, actvprof=,2.071954, id=,B01, PRDE,actvstrat=,-0.517943, actvprof=,1.899453, id=,B02, PRDE,actvstrat=,0.172683, actvprof=,1.898064, id=,B03, PRDE,actvstrat=,-0.622405, actvprof=,2.095287, id=,B04, PRDE,actvstrat=,-0.573012, actvprof=,2.126121, id=,B05, PRDE,actvstrat=,-0.113716, actvprof=,1.772786, id=,B06, PRDE,actvstrat=,0.519619, actvprof=,2.261399, id=,B07, PRDE,actvstrat=,0.786326, actvprof=,2.392789, id=,B08, PRDE,actvstrat=,0.798895, actvprof=,2.257233, id=,B09, PRDE,actvstrat=,-0.261772, actvprof=,1.561396, id=,B10, PRDE,actvstrat=,0.633481, actvprof=,2.525289, id=,B11, PRDE,actvstrat=,0.232562, actvprof=,2.191399, id=,B12, PRDE,actvstrat=,-0.309812, actvprof=,1.927787, id=,B13, PRDE,actvstrat=,-0.887530, actvprof=,3.643906, id=,B14, PRDE,actvstrat=,0.894406, actvprof=,1.979176, id=,B15, PRDE,actvstrat=,0.211206, actvprof=,1.961120, id=,B16, PRDE,actvstrat=,0.092475, actvprof=,1.970565, id=,B17, PRDE,actvstrat=,-0.593133, actvprof=,2.163621, id=,B18, PRDE,actvstrat=,-0.711339, actvprof=,2.607790, id=,B19, PRDE,actvstrat=,0.801980, actvprof=,2.261955, id=,B20, PRDE,actvstrat=,0.715667, actvprof=,2.364733, id=,B21, PRDE,actvstrat=,0.543324, actvprof=,2.397789, id=,B22, PRDE,actvstrat=,-0.957532, actvprof=,3.245015, id=,B23, PRDE,actvstrat=,0.846674, actvprof=,2.178621, id=,B24, PRDE,actvstrat=,0.563685, actvprof=,2.388622, id=,B25, PRDE,actvstrat=,-0.525146, actvprof=,2.026954, id=,B26, PRDE,actvstrat=,-0.457514, actvprof=,1.785286, id=,B27, PRDE,actvstrat=,0.429474, actvprof=,2.281399, id=,B28, PRDE,actvstrat=,-0.346517, actvprof=,1.609174, id=,B29, PRDE,actvstrat=,0.905574, actvprof=,1.874175, id=,S00, PRDE,actvstrat=,-0.334522, actvprof=,5.087246, id=,S01, PRDE,actvstrat=,0.247827, actvprof=,8.924208, id=,S02, PRDE,actvstrat=,-0.094649, actvprof=,6.481141, id=,S03, PRDE,actvstrat=,-0.855278, actvprof=,2.353622, id=,S04, PRDE,actvstrat=,0.407972, actvprof=,9.007542, id=,S05, PRDE,actvstrat=,-0.527112, actvprof=,4.939190, id=,S06, PRDE,actvstrat=,0.742361, actvprof=,10.966440, id=,S07, PRDE,actvstrat=,-0.346455, actvprof=,5.435581, id=,S08, PRDE,actvstrat=,-0.670812, actvprof=,4.958079, id=,S09, PRDE,actvstrat=,0.490770, actvprof=,9.508933, id=,S10, PRDE,actvstrat=,0.558262, actvprof=,9.975602, id=,S11, PRDE,actvstrat=,-0.763818, actvprof=,4.141130, id=,S12, PRDE,actvstrat=,-0.132650, actvprof=,6.465863, id=,S13, PRDE,actvstrat=,0.968668, actvprof=,11.255330, id=,S14, PRDE,actvstrat=,0.777279, actvprof=,11.012551, id=,S15, PRDE,actvstrat=,0.593191, actvprof=,10.008657, id=,S16, PRDE,actvstrat=,0.562963, actvprof=,9.935324, id=,S17, PRDE,actvstrat=,0.701203, actvprof=,10.842828, id=,S18, PRDE,actvstrat=,0.032707, actvprof=,7.604480, id=,S19, PRDE,actvstrat=,-0.778945, actvprof=,3.488072, id=,S20, PRDE,actvstrat=,-0.611897, actvprof=,4.982523, id=,S21, PRDE,actvstrat=,0.981424, actvprof=,11.380608, id=,S22, PRDE,actvstrat=,-0.455836, actvprof=,5.322802, id=,S23, PRDE,actvstrat=,-0.093884, actvprof=,6.518919, id=,S24, PRDE,actvstrat=,-0.192464, actvprof=,5.414192, id=,S25, PRDE,actvstrat=,-0.106362, actvprof=,6.331974, id=,S26, PRDE,actvstrat=,0.016083, actvprof=,7.507535, id=,S27, PRDE,actvstrat=,0.776247, actvprof=,11.243108, id=,S28, PRDE,actvstrat=,-0.222567, actvprof=,5.684193, id=,S29, PRDE,actvstrat=,0.722721, actvprof=,10.969495, best_B_id=,B13, best_B_prof=,3.643906, best_B_strat=,-0.887530, best_S_id=,S21, best_S_prof=,11.380608, best_S_strat=,0.981424, 
t=,21600, id=,B00, PRDE,actvstrat=,-0.598123, actvprof=,2.024588, id=,B01, PRDE,actvstrat=,-0.517943, actvprof=,1.929588, id=,B02, PRDE,actvstrat=,0.172683, actvprof=,2.053477, id=,B03, PRDE,actvstrat=,-0.622405, actvprof=,2.062921, id=,B04, PRDE,actvstrat=,-0.573012, actvprof=,1.937088, id=,B05, PRDE,actvstrat=,-0.113716, actvprof=,1.752504, id=,B06, PRDE,actvstrat=,0.519619, actvprof=,2.292644, id=,B07, PRDE,actvstrat=,0.786326, actvprof=,2.363061, id=,B08, PRDE,actvstrat=,0.798895, actvprof=,2.266394, id=,B09, PRDE,actvstrat=,-0.261772, actvprof=,1.636670, id=,B10, PRDE,actvstrat=,0.633481, actvprof=,2.394033, id=,B11, PRDE,actvstrat=,0.232562, actvprof=,2.113755, id=,B12, PRDE,actvstrat=,-0.309812, actvprof=,1.852088, id=,B13, PRDE,actvstrat=,-0.887530, actvprof=,3.670147, id=,B14, PRDE,actvstrat=,0.894406, actvprof=,1.969866, id=,B15, PRDE,actvstrat=,0.211206, actvprof=,1.999866, id=,B16, PRDE,actvstrat=,0.092475, actvprof=,1.935560, id=,B17, PRDE,actvstrat=,-0.593133, actvprof=,2.159588, id=,B18, PRDE,actvstrat=,-0.711339, actvprof=,2.537367, id=,B19, PRDE,actvstrat=,0.801980, actvprof=,2.261533, id=,B20, PRDE,actvstrat=,0.715667, actvprof=,2.411811, id=,B21, PRDE,actvstrat=,0.543324, actvprof=,2.246533, id=,B22, PRDE,actvstrat=,-0.957532, actvprof=,3.375841, id=,B23, PRDE,actvstrat=,0.846674, actvprof=,2.157922, id=,B24, PRDE,actvstrat=,0.563685, actvprof=,2.305978, id=,B25, PRDE,actvstrat=,-0.525146, actvprof=,1.903338, id=,B26, PRDE,actvstrat=,-0.457514, actvprof=,1.666671, id=,B27, PRDE,actvstrat=,0.429474, actvprof=,2.302783, id=,B28, PRDE,actvstrat=,-0.346517, actvprof=,1.662782, id=,B29, PRDE,actvstrat=,0.905574, actvprof=,1.835421, id=,S00, PRDE,actvstrat=,-0.334522, actvprof=,4.950706, id=,S01, PRDE,actvstrat=,0.247827, actvprof=,8.784326, id=,S02, PRDE,actvstrat=,-0.094649, actvprof=,6.629876, id=,S03, PRDE,actvstrat=,-0.855278, actvprof=,2.403061, id=,S04, PRDE,actvstrat=,0.407972, actvprof=,9.168771, id=,S05, PRDE,actvstrat=,-0.527112, actvprof=,5.017928, id=,S06, PRDE,actvstrat=,0.742361, actvprof=,10.976553, id=,S07, PRDE,actvstrat=,-0.346455, actvprof=,5.208901, id=,S08, PRDE,actvstrat=,-0.670812, actvprof=,4.854178, id=,S09, PRDE,actvstrat=,0.490770, actvprof=,9.387244, id=,S10, PRDE,actvstrat=,0.558262, actvprof=,10.012662, id=,S11, PRDE,actvstrat=,-0.763818, actvprof=,4.040565, id=,S12, PRDE,actvstrat=,-0.132650, actvprof=,6.371404, id=,S13, PRDE,actvstrat=,0.968668, actvprof=,11.361971, id=,S14, PRDE,actvstrat=,0.777279, actvprof=,10.996553, id=,S15, PRDE,actvstrat=,0.593191, actvprof=,10.051273, id=,S16, PRDE,actvstrat=,0.562963, actvprof=,9.960023, id=,S17, PRDE,actvstrat=,0.701203, actvprof=,10.770719, id=,S18, PRDE,actvstrat=,0.032707, actvprof=,7.533351, id=,S19, PRDE,actvstrat=,-0.778945, actvprof=,3.450286, id=,S20, PRDE,actvstrat=,-0.611897, actvprof=,5.002928, id=,S21, PRDE,actvstrat=,0.981424, actvprof=,11.288915, id=,S22, PRDE,actvstrat=,-0.455836, actvprof=,5.298207, id=,S23, PRDE,actvstrat=,-0.093884, actvprof=,6.484182, id=,S24, PRDE,actvstrat=,-0.192464, actvprof=,5.664041, id=,S25, PRDE,actvstrat=,-0.106362, actvprof=,6.325987, id=,S26, PRDE,actvstrat=,0.016083, actvprof=,7.569462, id=,S27, PRDE,actvstrat=,0.776247, actvprof=,11.179887, id=,S28, PRDE,actvstrat=,-0.222567, actvprof=,5.785986, id=,S29, PRDE,actvstrat=,0.722721, actvprof=,10.966692, best_B_id=,B13, best_B_prof=,3.670147, best_B_strat=,-0.887530, best_S_id=,S13, best_S_prof=,11.361971, best_S_strat=,0.968668, 
t=,25200, id=,B00, PRDE,actvstrat=,-0.829345, actvprof=,1.130021, id=,B01, PRDE,actvstrat=,-0.937045, actvprof=,1.504750, id=,B02, PRDE,actvstrat=,1.000000, actvprof=,0.577511, id=,B03, PRDE,actvstrat=,0.468538, actvprof=,0.899739, id=,B04, PRDE,actvstrat=,1.000000, actvprof=,0.509732, id=,B05, PRDE,actvstrat=,0.771356, actvprof=,1.162522, id=,B06, PRDE,actvstrat=,-0.230621, actvprof=,0.594733, id=,B07, PRDE,actvstrat=,0.736070, actvprof=,1.241690, id=,B08, PRDE,actvstrat=,0.416809, actvprof=,0.721958, id=,B09, PRDE,actvstrat=,0.221093, actvprof=,0.729458, id=,B10, PRDE,actvstrat=,0.673752, actvprof=,1.118354, id=,B11, PRDE,actvstrat=,0.941077, actvprof=,0.890572, id=,B12, PRDE,actvstrat=,0.158080, actvprof=,0.659734, id=,B13, PRDE,actvstrat=,1.000000, actvprof=,0.513898, id=,B14, PRDE,actvstrat=,-1.000000, actvprof=,1.066409, id=,B15, PRDE,actvstrat=,-1.000000, actvprof=,1.100854, id=,B16, PRDE,actvstrat=,1.000000, actvprof=,0.534732, id=,B17, PRDE,actvstrat=,-1.000000, actvprof=,1.195578, id=,B18, PRDE,actvstrat=,0.106891, actvprof=,0.640012, id=,B19, PRDE,actvstrat=,-0.458812, actvprof=,0.600567, id=,B20, PRDE,actvstrat=,0.813546, actvprof=,1.009741, id=,B21, PRDE,actvstrat=,1.000000, actvprof=,0.549455, id=,B22, PRDE,actvstrat=,-1.000000, actvprof=,1.195578, id=,B23, PRDE,actvstrat=,0.980624, actvprof=,0.642234, id=,B24, PRDE,actvstrat=,0.209052, actvprof=,0.665846, id=,B25, PRDE,actvstrat=,0.987875, actvprof=,0.523343, id=,B26, PRDE,actvstrat=,0.841119, actvprof=,1.114187, id=,B27, PRDE,actvstrat=,-1.000000, actvprof=,1.037519, id=,B28, PRDE,actvstrat=,1.000000, actvprof=,0.538066, id=,B29, PRDE,actvstrat=,-0.985239, actvprof=,1.097243, id=,S00, PRDE,actvstrat=,0.507029, actvprof=,11.763273, id=,S01, PRDE,actvstrat=,-0.968631, actvprof=,2.582548, id=,S02, PRDE,actvstrat=,0.743494, actvprof=,13.183855, id=,S03, PRDE,actvstrat=,-0.210280, actvprof=,7.024575, id=,S04, PRDE,actvstrat=,-0.279490, actvprof=,7.172077, id=,S05, PRDE,actvstrat=,-1.000000, actvprof=,12.891350, id=,S06, PRDE,actvstrat=,0.876788, actvprof=,13.504972, id=,S07, PRDE,actvstrat=,-0.367584, actvprof=,6.579566, id=,S08, PRDE,actvstrat=,0.651381, actvprof=,12.425230, id=,S09, PRDE,actvstrat=,-0.923476, actvprof=,2.048371, id=,S10, PRDE,actvstrat=,0.200697, actvprof=,10.304357, id=,S11, PRDE,actvstrat=,-0.735867, actvprof=,5.671216, id=,S12, PRDE,actvstrat=,-1.000000, actvprof=,12.498287, id=,S13, PRDE,actvstrat=,-1.000000, actvprof=,12.513010, id=,S14, PRDE,actvstrat=,-0.204608, actvprof=,7.224023, id=,S15, PRDE,actvstrat=,0.447557, actvprof=,11.419656, id=,S16, PRDE,actvstrat=,-0.504210, actvprof=,6.415952, id=,S17, PRDE,actvstrat=,1.000000, actvprof=,13.690254, id=,S18, PRDE,actvstrat=,-1.000000, actvprof=,12.408285, id=,S19, PRDE,actvstrat=,-1.000000, actvprof=,12.478564, id=,S20, PRDE,actvstrat=,-1.000000, actvprof=,12.566899, id=,S21, PRDE,actvstrat=,0.595575, actvprof=,11.946332, id=,S22, PRDE,actvstrat=,-0.075808, actvprof=,8.191818, id=,S23, PRDE,actvstrat=,0.736939, actvprof=,12.649956, id=,S24, PRDE,actvstrat=,-0.221281, actvprof=,7.132632, id=,S25, PRDE,actvstrat=,-0.526674, actvprof=,6.756514, id=,S26, PRDE,actvstrat=,-0.137026, actvprof=,7.695698, id=,S27, PRDE,actvstrat=,-0.176181, actvprof=,7.352358, id=,S28, PRDE,actvstrat=,0.539766, actvprof=,11.969666, id=,S29, PRDE,actvstrat=,-1.000000, actvprof=,12.356340, best_B_id=,B01, best_B_prof=,1.504750, best_B_strat=,-0.937045, best_S_id=,S17, best_S_prof=,13.690254, best_S_strat=,1.000000, 
t=,28800, id=,B00, PRDE,actvstrat=,-0.829345, actvprof=,1.088205, id=,B01, PRDE,actvstrat=,-0.937045, actvprof=,1.531403, id=,B02, PRDE,actvstrat=,1.000000, actvprof=,0.526810, id=,B03, PRDE,actvstrat=,0.468538, actvprof=,0.874314, id=,B04, PRDE,actvstrat=,1.000000, actvprof=,0.485421, id=,B05, PRDE,actvstrat=,0.771356, actvprof=,1.180150, id=,B06, PRDE,actvstrat=,-0.230621, actvprof=,0.517644, id=,B07, PRDE,actvstrat=,0.736070, actvprof=,1.108344, id=,B08, PRDE,actvstrat=,0.416809, actvprof=,0.768618, id=,B09, PRDE,actvstrat=,0.221093, actvprof=,0.745007, id=,B10, PRDE,actvstrat=,0.673752, actvprof=,1.116121, id=,B11, PRDE,actvstrat=,0.941077, actvprof=,0.898342, id=,B12, PRDE,actvstrat=,0.158080, actvprof=,0.720979, id=,B13, PRDE,actvstrat=,1.000000, actvprof=,0.516255, id=,B14, PRDE,actvstrat=,-1.000000, actvprof=,1.086538, id=,B15, PRDE,actvstrat=,-1.000000, actvprof=,1.104038, id=,B16, PRDE,actvstrat=,1.000000, actvprof=,0.506255, id=,B17, PRDE,actvstrat=,-1.000000, actvprof=,1.135011, id=,B18, PRDE,actvstrat=,0.106891, actvprof=,0.636950, id=,B19, PRDE,actvstrat=,-0.458812, actvprof=,0.566255, id=,B20, PRDE,actvstrat=,0.813546, actvprof=,1.045982, id=,B21, PRDE,actvstrat=,1.000000, actvprof=,0.585700, id=,B22, PRDE,actvstrat=,-1.000000, actvprof=,1.143622, id=,B23, PRDE,actvstrat=,0.980624, actvprof=,0.618061, id=,B24, PRDE,actvstrat=,0.209052, actvprof=,0.680284, id=,B25, PRDE,actvstrat=,0.987875, actvprof=,0.528338, id=,B26, PRDE,actvstrat=,0.841119, actvprof=,1.095010, id=,B27, PRDE,actvstrat=,-1.000000, actvprof=,1.058204, id=,B28, PRDE,actvstrat=,1.000000, actvprof=,0.501532, id=,B29, PRDE,actvstrat=,-0.985239, actvprof=,1.095705, id=,S00, PRDE,actvstrat=,0.507029, actvprof=,11.881916, id=,S01, PRDE,actvstrat=,-0.968631, actvprof=,2.575857, id=,S02, PRDE,actvstrat=,0.743494, actvprof=,13.104982, id=,S03, PRDE,actvstrat=,-0.210280, actvprof=,7.070899, id=,S04, PRDE,actvstrat=,-0.279490, actvprof=,7.072982, id=,S05, PRDE,actvstrat=,-1.000000, actvprof=,12.845952, id=,S06, PRDE,actvstrat=,0.876788, actvprof=,13.527070, id=,S07, PRDE,actvstrat=,-0.367584, actvprof=,6.609506, id=,S08, PRDE,actvstrat=,0.651381, actvprof=,12.387892, id=,S09, PRDE,actvstrat=,-0.923476, actvprof=,2.017380, id=,S10, PRDE,actvstrat=,0.200697, actvprof=,10.298290, id=,S11, PRDE,actvstrat=,-0.735867, actvprof=,5.537135, id=,S12, PRDE,actvstrat=,-1.000000, actvprof=,12.434560, id=,S13, PRDE,actvstrat=,-1.000000, actvprof=,12.684979, id=,S14, PRDE,actvstrat=,-0.204608, actvprof=,7.290762, id=,S15, PRDE,actvstrat=,0.447557, actvprof=,11.398994, id=,S16, PRDE,actvstrat=,-0.504210, actvprof=,6.624506, id=,S17, PRDE,actvstrat=,1.000000, actvprof=,13.613876, id=,S18, PRDE,actvstrat=,-1.000000, actvprof=,12.437754, id=,S19, PRDE,actvstrat=,-1.000000, actvprof=,12.459560, id=,S20, PRDE,actvstrat=,-1.000000, actvprof=,12.616922, id=,S21, PRDE,actvstrat=,0.595575, actvprof=,11.941777, id=,S22, PRDE,actvstrat=,-0.075808, actvprof=,8.356466, id=,S23, PRDE,actvstrat=,0.736939, actvprof=,12.839980, id=,S24, PRDE,actvstrat=,-0.221281, actvprof=,7.213261, id=,S25, PRDE,actvstrat=,-0.526674, actvprof=,6.391448, id=,S26, PRDE,actvstrat=,-0.137026, actvprof=,7.614793, id=,S27, PRDE,actvstrat=,-0.176181, actvprof=,7.369513, id=,S28, PRDE,actvstrat=,0.539766, actvprof=,11.918166, id=,S29, PRDE,actvstrat=,-1.000000, actvprof=,12.400670, best_B_id=,B01, best_B_prof=,1.531403, best_B_strat=,-0.937045, best_S_id=,S17, best_S_prof=,13.613876, best_S_strat=,1.000000, 
t=,32400, id=,B00, PRDE,actvstrat=,0.461467, actvprof=,2.062567, id=,B01, PRDE,actvstrat=,0.365798, actvprof=,2.128958, id=,B02, PRDE,actvstrat=,-0.673332, actvprof=,1.813392, id=,B03, PRDE,actvstrat=,0.467766, actvprof=,2.173682, id=,B04, PRDE,actvstrat=,-0.573012, actvprof=,1.832004, id=,B05, PRDE,actvstrat=,-0.584827, actvprof=,1.691721, id=,B06, PRDE,actvstrat=,0.519619, actvprof=,2.290630, id=,B07, PRDE,actvstrat=,0.786326, actvprof=,2.276740, id=,B08, PRDE,actvstrat=,-0.419410, actvprof=,1.557550, id=,B09, PRDE,actvstrat=,-0.409189, actvprof=,1.480604, id=,B10, PRDE,actvstrat=,0.633481, actvprof=,2.344243, id=,B11, PRDE,actvstrat=,0.570752, actvprof=,2.220072, id=,B12, PRDE,actvstrat=,0.849415, actvprof=,2.160070, id=,B13, PRDE,actvstrat=,-0.887530, actvprof=,3.365109, id=,B14, PRDE,actvstrat=,-1.000000, actvprof=,3.278440, id=,B15, PRDE,actvstrat=,-0.634078, actvprof=,1.898117, id=,B16, PRDE,actvstrat=,-0.764270, actvprof=,2.325075, id=,B17, PRDE,actvstrat=,-0.504679, actvprof=,1.573107, id=,B18, PRDE,actvstrat=,-0.033342, actvprof=,1.603941, id=,B19, PRDE,actvstrat=,0.453381, actvprof=,2.068956, id=,B20, PRDE,actvstrat=,0.631231, actvprof=,2.333965, id=,B21, PRDE,actvstrat=,-0.453486, actvprof=,1.605330, id=,B22, PRDE,actvstrat=,-0.002846, actvprof=,1.711444, id=,B23, PRDE,actvstrat=,-0.112595, actvprof=,1.550328, id=,B24, PRDE,actvstrat=,-0.286226, actvprof=,1.433102, id=,B25, PRDE,actvstrat=,-0.525146, actvprof=,1.695888, id=,B26, PRDE,actvstrat=,0.283846, actvprof=,1.957008, id=,B27, PRDE,actvstrat=,-0.367481, actvprof=,1.548106, id=,B28, PRDE,actvstrat=,0.904647, actvprof=,1.837004, id=,B29, PRDE,actvstrat=,0.005508, actvprof=,1.703666, id=,S00, PRDE,actvstrat=,0.637768, actvprof=,10.103383, id=,S01, PRDE,actvstrat=,-0.885269, actvprof=,1.700611, id=,S02, PRDE,actvstrat=,-0.248471, actvprof=,5.440176, id=,S03, PRDE,actvstrat=,0.037171, actvprof=,7.407184, id=,S04, PRDE,actvstrat=,-0.818078, actvprof=,2.873426, id=,S05, PRDE,actvstrat=,-0.731061, actvprof=,3.796234, id=,S06, PRDE,actvstrat=,0.424458, actvprof=,9.293357, id=,S07, PRDE,actvstrat=,0.093965, actvprof=,7.716639, id=,S08, PRDE,actvstrat=,0.651381, actvprof=,10.501174, id=,S09, PRDE,actvstrat=,-0.625417, actvprof=,4.713208, id=,S10, PRDE,actvstrat=,-0.186905, actvprof=,5.969638, id=,S11, PRDE,actvstrat=,0.491408, actvprof=,9.461973, id=,S12, PRDE,actvstrat=,0.136253, actvprof=,7.939146, id=,S13, PRDE,actvstrat=,0.387220, actvprof=,9.068627, id=,S14, PRDE,actvstrat=,-0.178327, actvprof=,5.869079, id=,S15, PRDE,actvstrat=,-0.685961, actvprof=,4.420143, id=,S16, PRDE,actvstrat=,-0.504210, actvprof=,4.782099, id=,S17, PRDE,actvstrat=,-0.670028, actvprof=,4.436810, id=,S18, PRDE,actvstrat=,0.791807, actvprof=,11.031746, id=,S19, PRDE,actvstrat=,-1.000000, actvprof=,9.246411, id=,S20, PRDE,actvstrat=,0.746169, actvprof=,10.788127, id=,S21, PRDE,actvstrat=,-0.741117, actvprof=,4.194025, id=,S22, PRDE,actvstrat=,0.347851, actvprof=,8.905289, id=,S23, PRDE,actvstrat=,0.736939, actvprof=,10.743682, id=,S24, PRDE,actvstrat=,0.065083, actvprof=,7.422741, id=,S25, PRDE,actvstrat=,0.295417, actvprof=,8.509720, id=,S26, PRDE,actvstrat=,-0.167481, actvprof=,5.792410, id=,S27, PRDE,actvstrat=,-0.304919, actvprof=,4.929882, id=,S28, PRDE,actvstrat=,-0.465858, actvprof=,4.803211, id=,S29, PRDE,actvstrat=,-0.800293, actvprof=,3.360942, best_B_id=,B13, best_B_prof=,3.365109, best_B_strat=,-0.887530, best_S_id=,S18, best_S_prof=,11.031746, best_S_strat=,0.791807, 
t=,36000, id=,B00, PRDE,actvstrat=,0.461467, actvprof=,2.185318, id=,B01, PRDE,actvstrat=,0.365798, actvprof=,2.072955, id=,B02, PRDE,actvstrat=,-0.673332, actvprof=,1.780589, id=,B03, PRDE,actvstrat=,0.467766, actvprof=,2.203930, id=,B04, PRDE,actvstrat=,-0.573012, actvprof=,1.772116, id=,B05, PRDE,actvstrat=,-0.584827, actvprof=,1.644753, id=,B06, PRDE,actvstrat=,0.519619, actvprof=,2.351849, id=,B07, PRDE,actvstrat=,0.786326, actvprof=,2.277264, id=,B08, PRDE,actvstrat=,-0.419410, actvprof=,1.560862, id=,B09, PRDE,actvstrat=,-0.409189, actvprof=,1.501972, id=,B10, PRDE,actvstrat=,0.633481, actvprof=,2.297126, id=,B11, PRDE,actvstrat=,0.570752, actvprof=,2.228097, id=,B12, PRDE,actvstrat=,0.849415, actvprof=,2.159346, id=,B13, PRDE,actvstrat=,-0.887530, actvprof=,3.365618, id=,B14, PRDE,actvstrat=,-1.000000, actvprof=,3.287978, id=,B15, PRDE,actvstrat=,-0.634078, actvprof=,1.835451, id=,B16, PRDE,actvstrat=,-0.764270, actvprof=,2.411156, id=,B17, PRDE,actvstrat=,-0.504679, actvprof=,1.565168, id=,B18, PRDE,actvstrat=,-0.033342, actvprof=,1.672392, id=,B19, PRDE,actvstrat=,0.453381, actvprof=,2.089205, id=,B20, PRDE,actvstrat=,0.631231, actvprof=,2.298931, id=,B21, PRDE,actvstrat=,-0.453486, actvprof=,1.515861, id=,B22, PRDE,actvstrat=,-0.002846, actvprof=,1.715726, id=,B23, PRDE,actvstrat=,-0.112595, actvprof=,1.551140, id=,B24, PRDE,actvstrat=,-0.286226, actvprof=,1.432249, id=,B25, PRDE,actvstrat=,-0.525146, actvprof=,1.726560, id=,B26, PRDE,actvstrat=,0.283846, actvprof=,2.008787, id=,B27, PRDE,actvstrat=,-0.367481, actvprof=,1.592668, id=,B28, PRDE,actvstrat=,0.904647, actvprof=,1.842673, id=,B29, PRDE,actvstrat=,0.005508, actvprof=,1.706698, id=,S00, PRDE,actvstrat=,0.637768, actvprof=,10.232134, id=,S01, PRDE,actvstrat=,-0.885269, actvprof=,1.738088, id=,S02, PRDE,actvstrat=,-0.248471, actvprof=,5.389405, id=,S03, PRDE,actvstrat=,0.037171, actvprof=,7.431665, id=,S04, PRDE,actvstrat=,-0.818078, actvprof=,2.970749, id=,S05, PRDE,actvstrat=,-0.731061, actvprof=,4.038269, id=,S06, PRDE,actvstrat=,0.424458, actvprof=,9.304895, id=,S07, PRDE,actvstrat=,0.093965, actvprof=,7.530973, id=,S08, PRDE,actvstrat=,0.651381, actvprof=,10.475750, id=,S09, PRDE,actvstrat=,-0.625417, actvprof=,4.782866, id=,S10, PRDE,actvstrat=,-0.186905, actvprof=,6.086640, id=,S11, PRDE,actvstrat=,0.491408, actvprof=,9.368646, id=,S12, PRDE,actvstrat=,0.136253, actvprof=,8.020287, id=,S13, PRDE,actvstrat=,0.387220, actvprof=,8.904470, id=,S14, PRDE,actvstrat=,-0.178327, actvprof=,5.732745, id=,S15, PRDE,actvstrat=,-0.685961, actvprof=,4.425499, id=,S16, PRDE,actvstrat=,-0.504210, actvprof=,4.841479, id=,S17, PRDE,actvstrat=,-0.670028, actvprof=,4.359109, id=,S18, PRDE,actvstrat=,0.791807, actvprof=,11.049510, id=,S19, PRDE,actvstrat=,-1.000000, actvprof=,9.322534, id=,S20, PRDE,actvstrat=,0.746169, actvprof=,10.771449, id=,S21, PRDE,actvstrat=,-0.741117, actvprof=,4.060909, id=,S22, PRDE,actvstrat=,0.347851, actvprof=,8.722523, id=,S23, PRDE,actvstrat=,0.736939, actvprof=,10.746449, id=,S24, PRDE,actvstrat=,0.065083, actvprof=,7.615280, id=,S25, PRDE,actvstrat=,0.295417, actvprof=,8.601132, id=,S26, PRDE,actvstrat=,-0.167481, actvprof=,5.651910, id=,S27, PRDE,actvstrat=,-0.304919, actvprof=,5.196207, id=,S28, PRDE,actvstrat=,-0.465858, actvprof=,5.019121, id=,S29, PRDE,actvstrat=,-0.800293, actvprof=,3.137558, best_B_id=,B13, best_B_prof=,3.365618, best_B_strat=,-0.887530, best_S_id=,S18, best_S_prof=,11.049510, best_S_strat=,0.791807, 
t=,39600, id=,B00, PRDE,actvstrat=,-0.605047, actvprof=,2.458379, id=,B01, PRDE,actvstrat=,0.105229, actvprof=,2.099483, id=,B02, PRDE,actvstrat=,1.000000, actvprof=,1.046130, id=,B03, PRDE,actvstrat=,0.111373, actvprof=,2.101983, id=,B04, PRDE,actvstrat=,1.000000, actvprof=,1.087520, id=,B05, PRDE,actvstrat=,1.000000, actvprof=,1.159744, id=,B06, PRDE,actvstrat=,-1.000000, actvprof=,2.728106, id=,B07, PRDE,actvstrat=,0.051166, actvprof=,2.048093, id=,B08, PRDE,actvstrat=,0.527180, actvprof=,2.551436, id=,B09, PRDE,actvstrat=,1.000000, actvprof=,1.075853, id=,B10, PRDE,actvstrat=,0.391204, actvprof=,2.623937, id=,B11, PRDE,actvstrat=,-0.262078, actvprof=,1.968925, id=,B12, PRDE,actvstrat=,0.202423, actvprof=,2.110317, id=,B13, PRDE,actvstrat=,1.000000, actvprof=,1.185300, id=,B14, PRDE,actvstrat=,-1.000000, actvprof=,2.890054, id=,B15, PRDE,actvstrat=,0.265428, actvprof=,2.354210, id=,B16, PRDE,actvstrat=,0.396514, actvprof=,2.575325, id=,B17, PRDE,actvstrat=,-0.203290, actvprof=,1.958370, id=,B18, PRDE,actvstrat=,-0.328487, actvprof=,2.021982, id=,B19, PRDE,actvstrat=,-0.110212, actvprof=,1.965314, id=,B20, PRDE,actvstrat=,0.533352, actvprof=,2.513102, id=,B21, PRDE,actvstrat=,0.664436, actvprof=,2.575603, id=,B22, PRDE,actvstrat=,-1.000000, actvprof=,2.731717, id=,B23, PRDE,actvstrat=,-0.036043, actvprof=,1.998093, id=,B24, PRDE,actvstrat=,0.070920, actvprof=,1.898924, id=,B25, PRDE,actvstrat=,0.961943, actvprof=,1.398915, id=,B26, PRDE,actvstrat=,0.260854, actvprof=,2.321154, id=,B27, PRDE,actvstrat=,-1.000000, actvprof=,2.757551, id=,B28, PRDE,actvstrat=,-1.000000, actvprof=,3.069501, id=,B29, PRDE,actvstrat=,-0.142549, actvprof=,2.283653, id=,S00, PRDE,actvstrat=,0.402437, actvprof=,9.256005, id=,S01, PRDE,actvstrat=,0.413955, actvprof=,9.731014, id=,S02, PRDE,actvstrat=,0.926213, actvprof=,11.660771, id=,S03, PRDE,actvstrat=,-1.000000, actvprof=,10.927147, id=,S04, PRDE,actvstrat=,-0.508294, actvprof=,5.246764, id=,S05, PRDE,actvstrat=,-1.000000, actvprof=,10.502417, id=,S06, PRDE,actvstrat=,1.000000, actvprof=,11.653827, id=,S07, PRDE,actvstrat=,-1.000000, actvprof=,10.597696, id=,S08, PRDE,actvstrat=,-0.806579, actvprof=,3.746180, id=,S09, PRDE,actvstrat=,0.963783, actvprof=,11.626326, id=,S10, PRDE,actvstrat=,0.793940, actvprof=,11.246319, id=,S11, PRDE,actvstrat=,-0.041205, actvprof=,7.084298, id=,S12, PRDE,actvstrat=,-0.941646, actvprof=,2.839219, id=,S13, PRDE,actvstrat=,0.279344, actvprof=,8.886831, id=,S14, PRDE,actvstrat=,-0.362907, actvprof=,5.798996, id=,S15, PRDE,actvstrat=,-0.444489, actvprof=,5.475935, id=,S16, PRDE,actvstrat=,1.000000, actvprof=,11.331321, id=,S17, PRDE,actvstrat=,0.706437, actvprof=,11.056316, id=,S18, PRDE,actvstrat=,-1.000000, actvprof=,10.311024, id=,S19, PRDE,actvstrat=,0.969555, actvprof=,11.496046, id=,S20, PRDE,actvstrat=,-1.000000, actvprof=,10.730476, id=,S21, PRDE,actvstrat=,0.984029, actvprof=,11.538269, id=,S22, PRDE,actvstrat=,0.323461, actvprof=,8.692661, id=,S23, PRDE,actvstrat=,0.673940, actvprof=,10.659642, id=,S24, PRDE,actvstrat=,-0.527262, actvprof=,5.458434, id=,S25, PRDE,actvstrat=,0.082391, actvprof=,7.649308, id=,S26, PRDE,actvstrat=,-0.106571, actvprof=,6.550121, id=,S27, PRDE,actvstrat=,-0.237930, actvprof=,5.640660, id=,S28, PRDE,actvstrat=,-0.092576, actvprof=,6.821237, id=,S29, PRDE,actvstrat=,-0.707024, actvprof=,4.720921, best_B_id=,B28, best_B_prof=,3.069501, best_B_strat=,-1.000000, best_S_id=,S02, best_S_prof=,11.660771, best_S_strat=,0.926213, 
t=,43200, id=,B00, PRDE,actvstrat=,-0.605047, actvprof=,2.529352, id=,B01, PRDE,actvstrat=,0.105229, actvprof=,2.150179, id=,B02, PRDE,actvstrat=,1.000000, actvprof=,1.037519, id=,B03, PRDE,actvstrat=,0.111373, actvprof=,2.075594, id=,B04, PRDE,actvstrat=,1.000000, actvprof=,1.154466, id=,B05, PRDE,actvstrat=,1.000000, actvprof=,1.133771, id=,B06, PRDE,actvstrat=,-1.000000, actvprof=,2.785607, id=,B07, PRDE,actvstrat=,0.051166, actvprof=,1.982398, id=,B08, PRDE,actvstrat=,0.527180, actvprof=,2.555742, id=,B09, PRDE,actvstrat=,1.000000, actvprof=,1.142243, id=,B10, PRDE,actvstrat=,0.391204, actvprof=,2.542408, id=,B11, PRDE,actvstrat=,-0.262078, actvprof=,1.991148, id=,B12, PRDE,actvstrat=,0.202423, actvprof=,2.212541, id=,B13, PRDE,actvstrat=,1.000000, actvprof=,1.144743, id=,B14, PRDE,actvstrat=,-1.000000, actvprof=,2.840053, id=,B15, PRDE,actvstrat=,0.265428, actvprof=,2.358794, id=,B16, PRDE,actvstrat=,0.396514, actvprof=,2.645466, id=,B17, PRDE,actvstrat=,-0.203290, actvprof=,2.000037, id=,B18, PRDE,actvstrat=,-0.328487, actvprof=,1.984342, id=,B19, PRDE,actvstrat=,-0.110212, actvprof=,1.989065, id=,B20, PRDE,actvstrat=,0.533352, actvprof=,2.588520, id=,B21, PRDE,actvstrat=,0.664436, actvprof=,2.549353, id=,B22, PRDE,actvstrat=,-1.000000, actvprof=,2.808941, id=,B23, PRDE,actvstrat=,-0.036043, actvprof=,2.139623, id=,B24, PRDE,actvstrat=,0.070920, actvprof=,2.052121, id=,B25, PRDE,actvstrat=,0.961943, actvprof=,1.391831, id=,B26, PRDE,actvstrat=,0.260854, actvprof=,2.405878, id=,B27, PRDE,actvstrat=,-1.000000, actvprof=,2.753107, id=,B28, PRDE,actvstrat=,-1.000000, actvprof=,3.089085, id=,B29, PRDE,actvstrat=,-0.142549, actvprof=,2.176013, id=,S00, PRDE,actvstrat=,0.402437, actvprof=,9.214615, id=,S01, PRDE,actvstrat=,0.413955, actvprof=,9.498787, id=,S02, PRDE,actvstrat=,0.926213, actvprof=,11.644105, id=,S03, PRDE,actvstrat=,-1.000000, actvprof=,10.872285, id=,S04, PRDE,actvstrat=,-0.508294, actvprof=,5.210513, id=,S05, PRDE,actvstrat=,-1.000000, actvprof=,10.461305, id=,S06, PRDE,actvstrat=,1.000000, actvprof=,11.586326, id=,S07, PRDE,actvstrat=,-1.000000, actvprof=,10.494361, id=,S08, PRDE,actvstrat=,-0.806579, actvprof=,3.922712, id=,S09, PRDE,actvstrat=,0.963783, actvprof=,11.520769, id=,S10, PRDE,actvstrat=,0.793940, actvprof=,11.281320, id=,S11, PRDE,actvstrat=,-0.041205, actvprof=,7.180966, id=,S12, PRDE,actvstrat=,-0.941646, actvprof=,2.931443, id=,S13, PRDE,actvstrat=,0.279344, actvprof=,8.950305, id=,S14, PRDE,actvstrat=,-0.362907, actvprof=,5.614410, id=,S15, PRDE,actvstrat=,-0.444489, actvprof=,5.512324, id=,S16, PRDE,actvstrat=,1.000000, actvprof=,11.310904, id=,S17, PRDE,actvstrat=,0.706437, actvprof=,10.911313, id=,S18, PRDE,actvstrat=,-1.000000, actvprof=,10.533806, id=,S19, PRDE,actvstrat=,0.969555, actvprof=,11.611187, id=,S20, PRDE,actvstrat=,-1.000000, actvprof=,10.690476, id=,S21, PRDE,actvstrat=,0.984029, actvprof=,11.429795, id=,S22, PRDE,actvstrat=,0.323461, actvprof=,8.952249, id=,S23, PRDE,actvstrat=,0.673940, actvprof=,10.662003, id=,S24, PRDE,actvstrat=,-0.527262, actvprof=,5.495518, id=,S25, PRDE,actvstrat=,0.082391, actvprof=,7.823895, id=,S26, PRDE,actvstrat=,-0.106571, actvprof=,6.611234, id=,S27, PRDE,actvstrat=,-0.237930, actvprof=,5.599409, id=,S28, PRDE,actvstrat=,-0.092576, actvprof=,6.879016, id=,S29, PRDE,actvstrat=,-0.707024, actvprof=,4.710921, best_B_id=,B28, best_B_prof=,3.089085, best_B_strat=,-1.000000, best_S_id=,S02, best_S_prof=,11.644105, best_S_strat=,0.926213, 
t=,46800, id=,B00, PRDE,actvstrat=,0.656615, actvprof=,2.342854, id=,B01, PRDE,actvstrat=,-0.937045, actvprof=,3.350386, id=,B02, PRDE,actvstrat=,-0.743837, actvprof=,2.557305, id=,B03, PRDE,actvstrat=,0.634077, actvprof=,2.406189, id=,B04, PRDE,actvstrat=,1.000000, actvprof=,1.014200, id=,B05, PRDE,actvstrat=,0.123815, actvprof=,1.835337, id=,B06, PRDE,actvstrat=,0.865555, actvprof=,2.057844, id=,B07, PRDE,actvstrat=,-0.468090, actvprof=,1.818392, id=,B08, PRDE,actvstrat=,0.233847, actvprof=,2.149236, id=,B09, PRDE,actvstrat=,-0.261772, actvprof=,1.735890, id=,B10, PRDE,actvstrat=,-0.228395, actvprof=,1.850616, id=,B11, PRDE,actvstrat=,-0.669124, actvprof=,2.410911, id=,B12, PRDE,actvstrat=,-0.576021, actvprof=,1.940618, id=,B13, PRDE,actvstrat=,0.650877, actvprof=,2.395078, id=,B14, PRDE,actvstrat=,-1.000000, actvprof=,2.917872, id=,B15, PRDE,actvstrat=,-0.595320, actvprof=,1.992009, id=,B16, PRDE,actvstrat=,0.752385, actvprof=,2.273129, id=,B17, PRDE,actvstrat=,0.224401, actvprof=,2.178126, id=,B18, PRDE,actvstrat=,-0.603348, actvprof=,2.105346, id=,B19, PRDE,actvstrat=,0.690889, actvprof=,2.416745, id=,B20, PRDE,actvstrat=,0.305793, actvprof=,2.014232, id=,B21, PRDE,actvstrat=,0.664436, actvprof=,2.497303, id=,B22, PRDE,actvstrat=,-0.957532, actvprof=,3.062599, id=,B23, PRDE,actvstrat=,0.846674, actvprof=,2.031733, id=,B24, PRDE,actvstrat=,0.906377, actvprof=,1.817837, id=,B25, PRDE,actvstrat=,0.870201, actvprof=,2.040899, id=,B26, PRDE,actvstrat=,0.708111, actvprof=,2.623418, id=,B27, PRDE,actvstrat=,0.241670, actvprof=,2.128958, id=,B28, PRDE,actvstrat=,-0.151935, actvprof=,1.650887, id=,B29, PRDE,actvstrat=,-0.142549, actvprof=,1.794780, id=,S00, PRDE,actvstrat=,0.128521, actvprof=,8.415551, id=,S01, PRDE,actvstrat=,0.398011, actvprof=,9.427806, id=,S02, PRDE,actvstrat=,0.926213, actvprof=,11.536485, id=,S03, PRDE,actvstrat=,0.710640, actvprof=,11.081748, id=,S04, PRDE,actvstrat=,-0.508294, actvprof=,5.242114, id=,S05, PRDE,actvstrat=,-0.213474, actvprof=,5.611849, id=,S06, PRDE,actvstrat=,-0.041440, actvprof=,6.908279, id=,S07, PRDE,actvstrat=,-0.304602, actvprof=,5.526846, id=,S08, PRDE,actvstrat=,-0.929257, actvprof=,2.111457, id=,S09, PRDE,actvstrat=,0.490770, actvprof=,9.947822, id=,S10, PRDE,actvstrat=,0.824068, actvprof=,11.695101, id=,S11, PRDE,actvstrat=,-0.041205, actvprof=,7.149398, id=,S12, PRDE,actvstrat=,-1.000000, actvprof=,9.385026, id=,S13, PRDE,actvstrat=,-0.358361, actvprof=,5.092109, id=,S14, PRDE,actvstrat=,-0.204608, actvprof=,5.530735, id=,S15, PRDE,actvstrat=,0.689029, actvprof=,10.593954, id=,S16, PRDE,actvstrat=,0.583697, actvprof=,10.430060, id=,S17, PRDE,actvstrat=,-0.214940, actvprof=,5.829356, id=,S18, PRDE,actvstrat=,0.980133, actvprof=,11.684268, id=,S19, PRDE,actvstrat=,-0.692810, actvprof=,4.756543, id=,S20, PRDE,actvstrat=,-1.000000, actvprof=,9.714759, id=,S21, PRDE,actvstrat=,0.984029, actvprof=,11.661767, id=,S22, PRDE,actvstrat=,-0.075808, actvprof=,6.389096, id=,S23, PRDE,actvstrat=,0.199361, actvprof=,8.580556, id=,S24, PRDE,actvstrat=,0.545651, actvprof=,10.179219, id=,S25, PRDE,actvstrat=,-0.053283, actvprof=,6.701328, id=,S26, PRDE,actvstrat=,-0.106571, actvprof=,6.321872, id=,S27, PRDE,actvstrat=,0.724699, actvprof=,11.013412, id=,S28, PRDE,actvstrat=,0.539766, actvprof=,10.363669, id=,S29, PRDE,actvstrat=,0.065136, actvprof=,8.383883, best_B_id=,B01, best_B_prof=,3.350386, best_B_strat=,-0.937045, best_S_id=,S10, best_S_prof=,11.695101, best_S_strat=,0.824068, 
t=,50400, id=,B00, PRDE,actvstrat=,0.656615, actvprof=,2.361155, id=,B01, PRDE,actvstrat=,-0.937045, actvprof=,3.408952, id=,B02, PRDE,actvstrat=,-0.743837, actvprof=,2.759218, id=,B03, PRDE,actvstrat=,0.634077, actvprof=,2.373100, id=,B04, PRDE,actvstrat=,1.000000, actvprof=,1.001546, id=,B05, PRDE,actvstrat=,0.123815, actvprof=,1.969203, id=,B06, PRDE,actvstrat=,0.865555, actvprof=,2.041982, id=,B07, PRDE,actvstrat=,-0.468090, actvprof=,1.840034, id=,B08, PRDE,actvstrat=,0.233847, actvprof=,2.166429, id=,B09, PRDE,actvstrat=,-0.261772, actvprof=,1.826423, id=,B10, PRDE,actvstrat=,-0.228395, actvprof=,1.820867, id=,B11, PRDE,actvstrat=,-0.669124, actvprof=,2.280181, id=,B12, PRDE,actvstrat=,-0.576021, actvprof=,1.977398, id=,B13, PRDE,actvstrat=,0.650877, actvprof=,2.456990, id=,B14, PRDE,actvstrat=,-1.000000, actvprof=,2.971583, id=,B15, PRDE,actvstrat=,-0.595320, actvprof=,2.033510, id=,B16, PRDE,actvstrat=,0.752385, actvprof=,2.248097, id=,B17, PRDE,actvstrat=,0.224401, actvprof=,2.108511, id=,B18, PRDE,actvstrat=,-0.603348, actvprof=,2.112400, id=,B19, PRDE,actvstrat=,0.690889, actvprof=,2.396017, id=,B20, PRDE,actvstrat=,0.305793, actvprof=,2.079205, id=,B21, PRDE,actvstrat=,0.664436, actvprof=,2.496157, id=,B22, PRDE,actvstrat=,-0.957532, actvprof=,3.181864, id=,B23, PRDE,actvstrat=,0.846674, actvprof=,2.041288, id=,B24, PRDE,actvstrat=,0.906377, actvprof=,1.823923, id=,B25, PRDE,actvstrat=,0.870201, actvprof=,2.051844, id=,B26, PRDE,actvstrat=,0.708111, actvprof=,2.527825, id=,B27, PRDE,actvstrat=,0.241670, actvprof=,2.095178, id=,B28, PRDE,actvstrat=,-0.151935, actvprof=,1.559612, id=,B29, PRDE,actvstrat=,-0.142549, actvprof=,1.851423, id=,S00, PRDE,actvstrat=,0.128521, actvprof=,8.362794, id=,S01, PRDE,actvstrat=,0.398011, actvprof=,9.376285, id=,S02, PRDE,actvstrat=,0.926213, actvprof=,11.533269, id=,S03, PRDE,actvstrat=,0.710640, actvprof=,11.099928, id=,S04, PRDE,actvstrat=,-0.508294, actvprof=,5.345793, id=,S05, PRDE,actvstrat=,-0.213474, actvprof=,5.658299, id=,S06, PRDE,actvstrat=,-0.041440, actvprof=,7.099437, id=,S07, PRDE,actvstrat=,-0.304602, actvprof=,5.222041, id=,S08, PRDE,actvstrat=,-0.929257, actvprof=,2.178374, id=,S09, PRDE,actvstrat=,0.490770, actvprof=,10.033658, id=,S10, PRDE,actvstrat=,0.824068, actvprof=,11.633965, id=,S11, PRDE,actvstrat=,-0.041205, actvprof=,7.235551, id=,S12, PRDE,actvstrat=,-1.000000, actvprof=,9.574205, id=,S13, PRDE,actvstrat=,-0.358361, actvprof=,5.091900, id=,S14, PRDE,actvstrat=,-0.204608, actvprof=,5.779551, id=,S15, PRDE,actvstrat=,0.689029, actvprof=,10.511028, id=,S16, PRDE,actvstrat=,0.583697, actvprof=,10.477555, id=,S17, PRDE,actvstrat=,-0.214940, actvprof=,5.698022, id=,S18, PRDE,actvstrat=,0.980133, actvprof=,11.566742, id=,S19, PRDE,actvstrat=,-0.692810, actvprof=,4.790644, id=,S20, PRDE,actvstrat=,-1.000000, actvprof=,9.569899, id=,S21, PRDE,actvstrat=,0.984029, actvprof=,11.572159, id=,S22, PRDE,actvstrat=,-0.075808, actvprof=,6.605956, id=,S23, PRDE,actvstrat=,0.199361, actvprof=,8.392239, id=,S24, PRDE,actvstrat=,0.545651, actvprof=,10.280329, id=,S25, PRDE,actvstrat=,-0.053283, actvprof=,6.745542, id=,S26, PRDE,actvstrat=,-0.106571, actvprof=,6.467203, id=,S27, PRDE,actvstrat=,0.724699, actvprof=,10.882702, id=,S28, PRDE,actvstrat=,0.539766, actvprof=,10.110604, id=,S29, PRDE,actvstrat=,0.065136, actvprof=,8.070427, best_B_id=,B01, best_B_prof=,3.408952, best_B_strat=,-0.937045, best_S_id=,S10, best_S_prof=,11.633965, best_S_strat=,0.824068, 
t=,54000, id=,B00, PRDE,actvstrat=,0.335836, actvprof=,1.389489, id=,B01, PRDE,actvstrat=,-0.843541, actvprof=,2.428412, id=,B02, PRDE,actvstrat=,1.000000, actvprof=,0.682522, id=,B03, PRDE,actvstrat=,1.000000, actvprof=,0.673077, id=,B04, PRDE,actvstrat=,-1.000000, actvprof=,1.863116, id=,B05, PRDE,actvstrat=,0.071719, actvprof=,1.160315, id=,B06, PRDE,actvstrat=,-1.000000, actvprof=,1.907284, id=,B07, PRDE,actvstrat=,0.156359, actvprof=,1.155315, id=,B08, PRDE,actvstrat=,1.000000, actvprof=,0.763358, id=,B09, PRDE,actvstrat=,0.506744, actvprof=,1.716445, id=,B10, PRDE,actvstrat=,1.000000, actvprof=,0.711968, id=,B11, PRDE,actvstrat=,0.401566, actvprof=,1.597274, id=,B12, PRDE,actvstrat=,1.000000, actvprof=,0.686967, id=,B13, PRDE,actvstrat=,-1.000000, actvprof=,1.980898, id=,B14, PRDE,actvstrat=,-0.034293, actvprof=,1.215873, id=,B15, PRDE,actvstrat=,-0.141957, actvprof=,1.137259, id=,B16, PRDE,actvstrat=,0.205114, actvprof=,1.342821, id=,B17, PRDE,actvstrat=,1.000000, actvprof=,0.682522, id=,B18, PRDE,actvstrat=,-1.000000, actvprof=,2.008954, id=,B19, PRDE,actvstrat=,-1.000000, actvprof=,1.779780, id=,B20, PRDE,actvstrat=,0.679539, actvprof=,1.723389, id=,B21, PRDE,actvstrat=,0.670905, actvprof=,1.903951, id=,B22, PRDE,actvstrat=,-0.303638, actvprof=,1.020866, id=,B23, PRDE,actvstrat=,-0.742216, actvprof=,1.937841, id=,B24, PRDE,actvstrat=,0.273193, actvprof=,1.488104, id=,B25, PRDE,actvstrat=,0.844270, actvprof=,1.643942, id=,B26, PRDE,actvstrat=,0.409153, actvprof=,1.485604, id=,B27, PRDE,actvstrat=,0.612925, actvprof=,1.712000, id=,B28, PRDE,actvstrat=,-1.000000, actvprof=,1.875061, id=,B29, PRDE,actvstrat=,-1.000000, actvprof=,1.850893, id=,S00, PRDE,actvstrat=,0.076519, actvprof=,9.140296, id=,S01, PRDE,actvstrat=,0.160906, actvprof=,9.354748, id=,S02, PRDE,actvstrat=,0.070942, actvprof=,8.796952, id=,S03, PRDE,actvstrat=,1.000000, actvprof=,12.688189, id=,S04, PRDE,actvstrat=,-0.903344, actvprof=,2.437857, id=,S05, PRDE,actvstrat=,0.442708, actvprof=,10.974522, id=,S06, PRDE,actvstrat=,-0.705422, actvprof=,5.248781, id=,S07, PRDE,actvstrat=,0.625871, actvprof=,11.827050, id=,S08, PRDE,actvstrat=,1.000000, actvprof=,12.766525, id=,S09, PRDE,actvstrat=,0.269088, actvprof=,9.716148, id=,S10, PRDE,actvstrat=,1.000000, actvprof=,12.868195, id=,S11, PRDE,actvstrat=,1.000000, actvprof=,12.804582, id=,S12, PRDE,actvstrat=,0.151224, actvprof=,8.875288, id=,S13, PRDE,actvstrat=,0.686965, actvprof=,11.988444, id=,S14, PRDE,actvstrat=,-1.000000, actvprof=,10.860908, id=,S15, PRDE,actvstrat=,-0.361229, actvprof=,6.709106, id=,S16, PRDE,actvstrat=,-1.000000, actvprof=,10.464228, id=,S17, PRDE,actvstrat=,0.526901, actvprof=,11.250920, id=,S18, PRDE,actvstrat=,-0.792987, actvprof=,4.243749, id=,S19, PRDE,actvstrat=,-0.679740, actvprof=,5.511568, id=,S20, PRDE,actvstrat=,-1.000000, actvprof=,10.882297, id=,S21, PRDE,actvstrat=,-0.583332, actvprof=,5.941304, id=,S22, PRDE,actvstrat=,1.000000, actvprof=,12.832083, id=,S23, PRDE,actvstrat=,1.000000, actvprof=,12.841249, id=,S24, PRDE,actvstrat=,-0.834826, actvprof=,3.155658, id=,S25, PRDE,actvstrat=,0.190931, actvprof=,9.075850, id=,S26, PRDE,actvstrat=,-0.106571, actvprof=,7.602191, id=,S27, PRDE,actvstrat=,0.598115, actvprof=,11.094804, id=,S28, PRDE,actvstrat=,-1.000000, actvprof=,10.417838, id=,S29, PRDE,actvstrat=,-0.621670, actvprof=,6.136032, best_B_id=,B01, best_B_prof=,2.428412, best_B_strat=,-0.843541, best_S_id=,S10, best_S_prof=,12.868195, best_S_strat=,1.000000, 
t=,57600, id=,B00, PRDE,actvstrat=,0.335836, actvprof=,1.471972, id=,B01, PRDE,actvstrat=,-0.843541, actvprof=,2.429351, id=,B02, PRDE,actvstrat=,1.000000, actvprof=,0.638623, id=,B03, PRDE,actvstrat=,1.000000, actvprof=,0.694596, id=,B04, PRDE,actvstrat=,-1.000000, actvprof=,1.930591, id=,B05, PRDE,actvstrat=,0.071719, actvprof=,1.177105, id=,B06, PRDE,actvstrat=,-1.000000, actvprof=,1.923647, id=,B07, PRDE,actvstrat=,0.156359, actvprof=,1.346136, id=,B08, PRDE,actvstrat=,1.000000, actvprof=,0.700846, id=,B09, PRDE,actvstrat=,0.506744, actvprof=,1.601557, id=,B10, PRDE,actvstrat=,1.000000, actvprof=,0.727930, id=,B11, PRDE,actvstrat=,0.401566, actvprof=,1.589057, id=,B12, PRDE,actvstrat=,1.000000, actvprof=,0.658207, id=,B13, PRDE,actvstrat=,-1.000000, actvprof=,1.936703, id=,B14, PRDE,actvstrat=,-0.034293, actvprof=,1.181827, id=,B15, PRDE,actvstrat=,-0.141957, actvprof=,1.169605, id=,B16, PRDE,actvstrat=,0.205114, actvprof=,1.325580, id=,B17, PRDE,actvstrat=,1.000000, actvprof=,0.696541, id=,B18, PRDE,actvstrat=,-1.000000, actvprof=,1.970314, id=,B19, PRDE,actvstrat=,-1.000000, actvprof=,1.778505, id=,B20, PRDE,actvstrat=,0.679539, actvprof=,1.722393, id=,B21, PRDE,actvstrat=,0.670905, actvprof=,1.783922, id=,B22, PRDE,actvstrat=,-0.303638, actvprof=,1.008213, id=,B23, PRDE,actvstrat=,-0.742216, actvprof=,1.928369, id=,B24, PRDE,actvstrat=,0.273193, actvprof=,1.445999, id=,B25, PRDE,actvstrat=,0.844270, actvprof=,1.678781, id=,B26, PRDE,actvstrat=,0.409153, actvprof=,1.552529, id=,B27, PRDE,actvstrat=,0.612925, actvprof=,1.630864, id=,B28, PRDE,actvstrat=,-1.000000, actvprof=,1.911147, id=,B29, PRDE,actvstrat=,-1.000000, actvprof=,1.813784, id=,S00, PRDE,actvstrat=,0.076519, actvprof=,9.058501, id=,S01, PRDE,actvstrat=,0.160906, actvprof=,9.214198, id=,S02, PRDE,actvstrat=,0.070942, actvprof=,8.708495, id=,S03, PRDE,actvstrat=,1.000000, actvprof=,12.792042, id=,S04, PRDE,actvstrat=,-0.903344, actvprof=,2.451990, id=,S05, PRDE,actvstrat=,0.442708, actvprof=,10.857562, id=,S06, PRDE,actvstrat=,-0.705422, actvprof=,5.326349, id=,S07, PRDE,actvstrat=,0.625871, actvprof=,11.733273, id=,S08, PRDE,actvstrat=,1.000000, actvprof=,12.639401, id=,S09, PRDE,actvstrat=,0.269088, actvprof=,9.676846, id=,S10, PRDE,actvstrat=,1.000000, actvprof=,12.801070, id=,S11, PRDE,actvstrat=,1.000000, actvprof=,12.759403, id=,S12, PRDE,actvstrat=,0.151224, actvprof=,9.048779, id=,S13, PRDE,actvstrat=,0.686965, actvprof=,11.971194, id=,S14, PRDE,actvstrat=,-1.000000, actvprof=,10.758116, id=,S15, PRDE,actvstrat=,-0.361229, actvprof=,6.630678, id=,S16, PRDE,actvstrat=,-1.000000, actvprof=,10.668114, id=,S17, PRDE,actvstrat=,0.526901, actvprof=,11.250764, id=,S18, PRDE,actvstrat=,-0.792987, actvprof=,4.146049, id=,S19, PRDE,actvstrat=,-0.679740, actvprof=,5.402044, id=,S20, PRDE,actvstrat=,-1.000000, actvprof=,10.726310, id=,S21, PRDE,actvstrat=,-0.583332, actvprof=,5.852886, id=,S22, PRDE,actvstrat=,1.000000, actvprof=,12.878155, id=,S23, PRDE,actvstrat=,1.000000, actvprof=,12.833015, id=,S24, PRDE,actvstrat=,-0.834826, actvprof=,3.313395, id=,S25, PRDE,actvstrat=,0.190931, actvprof=,9.196420, id=,S26, PRDE,actvstrat=,-0.106571, actvprof=,7.637364, id=,S27, PRDE,actvstrat=,0.598115, actvprof=,11.341738, id=,S28, PRDE,actvstrat=,-1.000000, actvprof=,10.475611, id=,S29, PRDE,actvstrat=,-0.621670, actvprof=,5.875942, best_B_id=,B01, best_B_prof=,2.429351, best_B_strat=,-0.843541, best_S_id=,S22, best_S_prof=,12.878155, best_S_strat=,1.000000, 
t=,61200, id=,B00, PRDE,actvstrat=,-0.293077, actvprof=,1.980907, id=,B01, PRDE,actvstrat=,-0.677313, actvprof=,2.509815, id=,B02, PRDE,actvstrat=,0.858854, actvprof=,2.115078, id=,B03, PRDE,actvstrat=,0.260842, actvprof=,2.298696, id=,B04, PRDE,actvstrat=,-1.000000, actvprof=,3.308734, id=,B05, PRDE,actvstrat=,0.450257, actvprof=,2.346754, id=,B06, PRDE,actvstrat=,-1.000000, actvprof=,3.021223, id=,B07, PRDE,actvstrat=,-0.366021, actvprof=,1.878125, id=,B08, PRDE,actvstrat=,0.798895, actvprof=,2.309808, id=,B09, PRDE,actvstrat=,1.000000, actvprof=,1.058373, id=,B10, PRDE,actvstrat=,0.391204, actvprof=,2.108134, id=,B11, PRDE,actvstrat=,0.401566, actvprof=,2.229527, id=,B12, PRDE,actvstrat=,0.819893, actvprof=,2.222305, id=,B13, PRDE,actvstrat=,-0.046461, actvprof=,1.883125, id=,B14, PRDE,actvstrat=,-1.000000, actvprof=,3.208452, id=,B15, PRDE,actvstrat=,0.265428, actvprof=,2.137579, id=,B16, PRDE,actvstrat=,0.537314, actvprof=,2.390644, id=,B17, PRDE,actvstrat=,-0.203290, actvprof=,1.617838, id=,B18, PRDE,actvstrat=,-0.778433, actvprof=,3.009834, id=,B19, PRDE,actvstrat=,-0.110212, actvprof=,1.880903, id=,B20, PRDE,actvstrat=,0.679539, actvprof=,2.410923, id=,B21, PRDE,actvstrat=,0.670905, actvprof=,2.437868, id=,B22, PRDE,actvstrat=,-1.000000, actvprof=,3.022334, id=,B23, PRDE,actvstrat=,-0.000575, actvprof=,1.868125, id=,B24, PRDE,actvstrat=,0.070920, actvprof=,2.054798, id=,B25, PRDE,actvstrat=,0.844270, actvprof=,2.185081, id=,B26, PRDE,actvstrat=,-0.073296, actvprof=,1.908404, id=,B27, PRDE,actvstrat=,-0.460107, actvprof=,1.809789, id=,B28, PRDE,actvstrat=,-0.252137, actvprof=,1.791177, id=,B29, PRDE,actvstrat=,-0.734773, actvprof=,2.802048, id=,S00, PRDE,actvstrat=,0.076519, actvprof=,7.613060, id=,S01, PRDE,actvstrat=,0.293808, actvprof=,8.933386, id=,S02, PRDE,actvstrat=,-0.285965, actvprof=,5.421034, id=,S03, PRDE,actvstrat=,-1.000000, actvprof=,9.671469, id=,S04, PRDE,actvstrat=,-0.508294, actvprof=,5.065743, id=,S05, PRDE,actvstrat=,0.442708, actvprof=,9.402293, id=,S06, PRDE,actvstrat=,0.876788, actvprof=,11.450702, id=,S07, PRDE,actvstrat=,0.119938, actvprof=,8.326142, id=,S08, PRDE,actvstrat=,-0.052711, actvprof=,6.994426, id=,S09, PRDE,actvstrat=,0.963783, actvprof=,11.565428, id=,S10, PRDE,actvstrat=,0.081758, actvprof=,7.913071, id=,S11, PRDE,actvstrat=,0.710222, actvprof=,10.882347, id=,S12, PRDE,actvstrat=,0.151224, actvprof=,7.989740, id=,S13, PRDE,actvstrat=,0.659635, actvprof=,10.268158, id=,S14, PRDE,actvstrat=,0.205568, actvprof=,8.065021, id=,S15, PRDE,actvstrat=,-0.690104, actvprof=,4.800178, id=,S16, PRDE,actvstrat=,1.000000, actvprof=,11.387366, id=,S17, PRDE,actvstrat=,0.944348, actvprof=,11.265139, id=,S18, PRDE,actvstrat=,-0.944422, actvprof=,2.838716, id=,S19, PRDE,actvstrat=,-0.679740, actvprof=,4.875181, id=,S20, PRDE,actvstrat=,-0.973958, actvprof=,4.000426, id=,S21, PRDE,actvstrat=,0.476063, actvprof=,9.554798, id=,S22, PRDE,actvstrat=,-0.161024, actvprof=,5.914664, id=,S23, PRDE,actvstrat=,0.673940, actvprof=,10.431497, id=,S24, PRDE,actvstrat=,-0.527262, actvprof=,5.299641, id=,S25, PRDE,actvstrat=,-0.526674, actvprof=,5.209360, id=,S26, PRDE,actvstrat=,0.797714, actvprof=,11.129579, id=,S27, PRDE,actvstrat=,0.598115, actvprof=,9.909256, id=,S28, PRDE,actvstrat=,-0.370215, actvprof=,5.202693, id=,S29, PRDE,actvstrat=,0.075744, actvprof=,7.891126, best_B_id=,B04, best_B_prof=,3.308734, best_B_strat=,-1.000000, best_S_id=,S09, best_S_prof=,11.565428, best_S_strat=,0.963783, 
t=,64800, id=,B00, PRDE,actvstrat=,-0.293077, actvprof=,1.900170, id=,B01, PRDE,actvstrat=,-0.677313, actvprof=,2.561986, id=,B02, PRDE,actvstrat=,0.858854, actvprof=,2.194063, id=,B03, PRDE,actvstrat=,0.260842, actvprof=,2.300732, id=,B04, PRDE,actvstrat=,-1.000000, actvprof=,3.370471, id=,B05, PRDE,actvstrat=,0.450257, actvprof=,2.378233, id=,B06, PRDE,actvstrat=,-1.000000, actvprof=,3.136717, id=,B07, PRDE,actvstrat=,-0.366021, actvprof=,1.799474, id=,B08, PRDE,actvstrat=,0.798895, actvprof=,2.427539, id=,B09, PRDE,actvstrat=,1.000000, actvprof=,1.084740, id=,B10, PRDE,actvstrat=,0.391204, actvprof=,2.210869, id=,B11, PRDE,actvstrat=,0.401566, actvprof=,2.265176, id=,B12, PRDE,actvstrat=,0.819893, actvprof=,2.335593, id=,B13, PRDE,actvstrat=,-0.046461, actvprof=,1.954754, id=,B14, PRDE,actvstrat=,-1.000000, actvprof=,3.215469, id=,B15, PRDE,actvstrat=,0.265428, actvprof=,2.111562, id=,B16, PRDE,actvstrat=,0.537314, actvprof=,2.426289, id=,B17, PRDE,actvstrat=,-0.203290, actvprof=,1.650305, id=,B18, PRDE,actvstrat=,-0.778433, actvprof=,3.132967, id=,B19, PRDE,actvstrat=,-0.110212, actvprof=,1.873225, id=,B20, PRDE,actvstrat=,0.679539, actvprof=,2.475735, id=,B21, PRDE,actvstrat=,0.670905, actvprof=,2.548097, id=,B22, PRDE,actvstrat=,-1.000000, actvprof=,3.108384, id=,B23, PRDE,actvstrat=,-0.000575, actvprof=,1.933087, id=,B24, PRDE,actvstrat=,0.070920, actvprof=,1.920864, id=,B25, PRDE,actvstrat=,0.844270, actvprof=,2.220869, id=,B26, PRDE,actvstrat=,-0.073296, actvprof=,1.874475, id=,B27, PRDE,actvstrat=,-0.460107, actvprof=,1.833085, id=,B28, PRDE,actvstrat=,-0.252137, actvprof=,1.701555, id=,B29, PRDE,actvstrat=,-0.734773, actvprof=,2.805323, id=,S00, PRDE,actvstrat=,0.076519, actvprof=,7.670263, id=,S01, PRDE,actvstrat=,0.293808, actvprof=,8.800281, id=,S02, PRDE,actvstrat=,-0.285965, actvprof=,5.415366, id=,S03, PRDE,actvstrat=,-1.000000, actvprof=,9.482237, id=,S04, PRDE,actvstrat=,-0.508294, actvprof=,5.048554, id=,S05, PRDE,actvstrat=,0.442708, actvprof=,9.406819, id=,S06, PRDE,actvstrat=,0.876788, actvprof=,11.327961, id=,S07, PRDE,actvstrat=,0.119938, actvprof=,8.228467, id=,S08, PRDE,actvstrat=,-0.052711, actvprof=,6.914140, id=,S09, PRDE,actvstrat=,0.963783, actvprof=,11.473797, id=,S10, PRDE,actvstrat=,0.081758, actvprof=,7.666235, id=,S11, PRDE,actvstrat=,0.710222, actvprof=,10.676423, id=,S12, PRDE,actvstrat=,0.151224, actvprof=,7.722764, id=,S13, PRDE,actvstrat=,0.659635, actvprof=,10.504337, id=,S14, PRDE,actvstrat=,0.205568, actvprof=,8.142493, id=,S15, PRDE,actvstrat=,-0.690104, actvprof=,4.505490, id=,S16, PRDE,actvstrat=,1.000000, actvprof=,11.351295, id=,S17, PRDE,actvstrat=,0.944348, actvprof=,11.387407, id=,S18, PRDE,actvstrat=,-0.944422, actvprof=,2.870463, id=,S19, PRDE,actvstrat=,-0.679740, actvprof=,4.631047, id=,S20, PRDE,actvstrat=,-0.973958, actvprof=,4.344237, id=,S21, PRDE,actvstrat=,0.476063, actvprof=,9.699324, id=,S22, PRDE,actvstrat=,-0.161024, actvprof=,5.792594, id=,S23, PRDE,actvstrat=,0.673940, actvprof=,10.423363, id=,S24, PRDE,actvstrat=,-0.527262, actvprof=,5.286475, id=,S25, PRDE,actvstrat=,-0.526674, actvprof=,5.313419, id=,S26, PRDE,actvstrat=,0.797714, actvprof=,11.067402, id=,S27, PRDE,actvstrat=,0.598115, actvprof=,10.055718, id=,S28, PRDE,actvstrat=,-0.370215, actvprof=,5.355781, id=,S29, PRDE,actvstrat=,0.075744, actvprof=,7.755681, best_B_id=,B04, best_B_prof=,3.370471, best_B_strat=,-1.000000, best_S_id=,S09, best_S_prof=,11.473797, best_S_strat=,0.963783, 
t=,68400, id=,B00, PRDE,actvstrat=,-1.000000, actvprof=,2.349232, id=,B01, PRDE,actvstrat=,-1.000000, actvprof=,2.416456, id=,B02, PRDE,actvstrat=,0.921140, actvprof=,1.494764, id=,B03, PRDE,actvstrat=,0.655821, actvprof=,2.100336, id=,B04, PRDE,actvstrat=,-1.000000, actvprof=,2.512014, id=,B05, PRDE,actvstrat=,1.000000, actvprof=,0.966138, id=,B06, PRDE,actvstrat=,-0.133679, actvprof=,1.777549, id=,B07, PRDE,actvstrat=,0.913533, actvprof=,1.540598, id=,B08, PRDE,actvstrat=,-0.340463, actvprof=,1.435040, id=,B09, PRDE,actvstrat=,0.112140, actvprof=,1.553932, id=,B10, PRDE,actvstrat=,0.560287, actvprof=,2.147837, id=,B11, PRDE,actvstrat=,-0.446536, actvprof=,1.691714, id=,B12, PRDE,actvstrat=,-0.520938, actvprof=,1.949221, id=,B13, PRDE,actvstrat=,-1.000000, actvprof=,2.443957, id=,B14, PRDE,actvstrat=,-0.738743, actvprof=,2.418401, id=,B15, PRDE,actvstrat=,-1.000000, actvprof=,2.605350, id=,B16, PRDE,actvstrat=,-0.060645, actvprof=,1.648935, id=,B17, PRDE,actvstrat=,-1.000000, actvprof=,2.578405, id=,B18, PRDE,actvstrat=,0.318967, actvprof=,2.016445, id=,B19, PRDE,actvstrat=,0.992233, actvprof=,0.878636, id=,B20, PRDE,actvstrat=,0.715935, actvprof=,2.138948, id=,B21, PRDE,actvstrat=,0.450152, actvprof=,2.148115, id=,B22, PRDE,actvstrat=,0.141662, actvprof=,1.632268, id=,B23, PRDE,actvstrat=,-1.000000, actvprof=,2.440346, id=,B24, PRDE,actvstrat=,-0.870831, actvprof=,3.218701, id=,B25, PRDE,actvstrat=,0.844270, actvprof=,1.970610, id=,B26, PRDE,actvstrat=,0.873366, actvprof=,1.846718, id=,B27, PRDE,actvstrat=,1.000000, actvprof=,0.800022, id=,B28, PRDE,actvstrat=,-1.000000, actvprof=,2.559516, id=,B29, PRDE,actvstrat=,0.043062, actvprof=,1.641990, id=,S00, PRDE,actvstrat=,0.264784, actvprof=,9.818884, id=,S01, PRDE,actvstrat=,0.293808, actvprof=,9.507209, id=,S02, PRDE,actvstrat=,0.575717, actvprof=,10.742243, id=,S03, PRDE,actvstrat=,1.000000, actvprof=,12.089502, id=,S04, PRDE,actvstrat=,-0.903344, actvprof=,1.900608, id=,S05, PRDE,actvstrat=,0.154166, actvprof=,8.400511, id=,S06, PRDE,actvstrat=,0.757486, actvprof=,11.566710, id=,S07, PRDE,actvstrat=,0.970268, actvprof=,12.011445, id=,S08, PRDE,actvstrat=,0.570195, actvprof=,11.016695, id=,S09, PRDE,actvstrat=,-0.203926, actvprof=,6.572683, id=,S10, PRDE,actvstrat=,1.000000, actvprof=,12.023667, id=,S11, PRDE,actvstrat=,0.956538, actvprof=,12.059779, id=,S12, PRDE,actvstrat=,-1.000000, actvprof=,9.665268, id=,S13, PRDE,actvstrat=,-0.538838, actvprof=,5.605989, id=,S14, PRDE,actvstrat=,-1.000000, actvprof=,9.853329, id=,S15, PRDE,actvstrat=,-0.316248, actvprof=,5.960443, id=,S16, PRDE,actvstrat=,1.000000, actvprof=,12.212561, id=,S17, PRDE,actvstrat=,0.919255, actvprof=,12.202561, id=,S18, PRDE,actvstrat=,1.000000, actvprof=,12.048390, id=,S19, PRDE,actvstrat=,-0.679740, actvprof=,5.237090, id=,S20, PRDE,actvstrat=,0.822608, actvprof=,12.045890, id=,S21, PRDE,actvstrat=,0.568710, actvprof=,10.880580, id=,S22, PRDE,actvstrat=,-0.417764, actvprof=,5.820717, id=,S23, PRDE,actvstrat=,-1.000000, actvprof=,9.613045, id=,S24, PRDE,actvstrat=,0.238087, actvprof=,9.437762, id=,S25, PRDE,actvstrat=,-0.112039, actvprof=,6.905192, id=,S26, PRDE,actvstrat=,0.610766, actvprof=,10.968916, id=,S27, PRDE,actvstrat=,-0.884536, actvprof=,2.268952, id=,S28, PRDE,actvstrat=,1.000000, actvprof=,12.240896, id=,S29, PRDE,actvstrat=,-0.280254, actvprof=,5.320703, best_B_id=,B24, best_B_prof=,3.218701, best_B_strat=,-0.870831, best_S_id=,S28, best_S_prof=,12.240896, best_S_strat=,1.000000, 
t=,72000, id=,B00, PRDE,actvstrat=,-1.000000, actvprof=,2.469490, id=,B01, PRDE,actvstrat=,-1.000000, actvprof=,2.483102, id=,B02, PRDE,actvstrat=,0.921140, actvprof=,1.514195, id=,B03, PRDE,actvstrat=,0.655821, actvprof=,2.136845, id=,B04, PRDE,actvstrat=,-1.000000, actvprof=,2.506019, id=,B05, PRDE,actvstrat=,1.000000, actvprof=,1.015713, id=,B06, PRDE,actvstrat=,-0.133679, actvprof=,1.793505, id=,B07, PRDE,actvstrat=,0.913533, actvprof=,1.543917, id=,B08, PRDE,actvstrat=,-0.340463, actvprof=,1.532112, id=,B09, PRDE,actvstrat=,0.112140, actvprof=,1.662114, id=,B10, PRDE,actvstrat=,0.560287, actvprof=,2.174485, id=,B11, PRDE,actvstrat=,-0.446536, actvprof=,1.706698, id=,B12, PRDE,actvstrat=,-0.520938, actvprof=,1.908646, id=,B13, PRDE,actvstrat=,-1.000000, actvprof=,2.437823, id=,B14, PRDE,actvstrat=,-0.738743, actvprof=,2.517547, id=,B15, PRDE,actvstrat=,-1.000000, actvprof=,2.572687, id=,B16, PRDE,actvstrat=,-0.060645, actvprof=,1.635169, id=,B17, PRDE,actvstrat=,-1.000000, actvprof=,2.585048, id=,B18, PRDE,actvstrat=,0.318967, actvprof=,1.959620, id=,B19, PRDE,actvstrat=,0.992233, actvprof=,0.891128, id=,B20, PRDE,actvstrat=,0.715935, actvprof=,2.244208, id=,B21, PRDE,actvstrat=,0.450152, actvprof=,2.154484, id=,B22, PRDE,actvstrat=,0.141662, actvprof=,1.759338, id=,B23, PRDE,actvstrat=,-1.000000, actvprof=,2.494352, id=,B24, PRDE,actvstrat=,-0.870831, actvprof=,3.186587, id=,B25, PRDE,actvstrat=,0.844270, actvprof=,1.945036, id=,B26, PRDE,actvstrat=,0.873366, actvprof=,1.879479, id=,B27, PRDE,actvstrat=,1.000000, actvprof=,0.854599, id=,B28, PRDE,actvstrat=,-1.000000, actvprof=,2.549631, id=,B29, PRDE,actvstrat=,0.043062, actvprof=,1.639336, id=,S00, PRDE,actvstrat=,0.264784, actvprof=,9.515732, id=,S01, PRDE,actvstrat=,0.293808, actvprof=,9.444897, id=,S02, PRDE,actvstrat=,0.575717, actvprof=,10.754366, id=,S03, PRDE,actvstrat=,1.000000, actvprof=,12.181892, id=,S04, PRDE,actvstrat=,-0.903344, actvprof=,1.977953, id=,S05, PRDE,actvstrat=,0.154166, actvprof=,8.656549, id=,S06, PRDE,actvstrat=,0.757486, actvprof=,11.617437, id=,S07, PRDE,actvstrat=,0.970268, actvprof=,12.013834, id=,S08, PRDE,actvstrat=,0.570195, actvprof=,10.791450, id=,S09, PRDE,actvstrat=,-0.203926, actvprof=,6.347479, id=,S10, PRDE,actvstrat=,1.000000, actvprof=,12.070085, id=,S11, PRDE,actvstrat=,0.956538, actvprof=,12.074251, id=,S12, PRDE,actvstrat=,-1.000000, actvprof=,9.798237, id=,S13, PRDE,actvstrat=,-0.538838, actvprof=,5.751912, id=,S14, PRDE,actvstrat=,-1.000000, actvprof=,9.976574, id=,S15, PRDE,actvstrat=,-0.316248, actvprof=,5.978305, id=,S16, PRDE,actvstrat=,1.000000, actvprof=,12.085918, id=,S17, PRDE,actvstrat=,0.919255, actvprof=,12.179253, id=,S18, PRDE,actvstrat=,1.000000, actvprof=,11.990917, id=,S19, PRDE,actvstrat=,-0.679740, actvprof=,5.364266, id=,S20, PRDE,actvstrat=,0.822608, actvprof=,12.041195, id=,S21, PRDE,actvstrat=,0.568710, actvprof=,10.832006, id=,S22, PRDE,actvstrat=,-0.417764, actvprof=,5.908165, id=,S23, PRDE,actvstrat=,-1.000000, actvprof=,9.815182, id=,S24, PRDE,actvstrat=,0.238087, actvprof=,9.375451, id=,S25, PRDE,actvstrat=,-0.112039, actvprof=,6.734986, id=,S26, PRDE,actvstrat=,0.610766, actvprof=,11.014510, id=,S27, PRDE,actvstrat=,-0.884536, actvprof=,2.242264, id=,S28, PRDE,actvstrat=,1.000000, actvprof=,12.191754, id=,S29, PRDE,actvstrat=,-0.280254, actvprof=,5.615382, best_B_id=,B24, best_B_prof=,3.186587, best_B_strat=,-0.870831, best_S_id=,S28, best_S_prof=,12.191754, best_S_strat=,1.000000, 
t=,75600, id=,B00, PRDE,actvstrat=,0.181094, actvprof=,2.186480, id=,B01, PRDE,actvstrat=,-0.843541, actvprof=,3.346528, id=,B02, PRDE,actvstrat=,1.000000, actvprof=,1.222829, id=,B03, PRDE,actvstrat=,-0.595224, actvprof=,2.093698, id=,B04, PRDE,actvstrat=,0.818120, actvprof=,2.440102, id=,B05, PRDE,actvstrat=,1.000000, actvprof=,1.193105, id=,B06, PRDE,actvstrat=,-1.000000, actvprof=,3.065128, id=,B07, PRDE,actvstrat=,0.490109, actvprof=,2.482603, id=,B08, PRDE,actvstrat=,-0.340463, actvprof=,1.765351, id=,B09, PRDE,actvstrat=,0.404165, actvprof=,2.300096, id=,B10, PRDE,actvstrat=,0.617020, actvprof=,2.438157, id=,B11, PRDE,actvstrat=,-0.262078, actvprof=,1.627012, id=,B12, PRDE,actvstrat=,-0.126961, actvprof=,2.078698, id=,B13, PRDE,actvstrat=,0.447973, actvprof=,2.415101, id=,B14, PRDE,actvstrat=,-0.543026, actvprof=,1.988138, id=,B15, PRDE,actvstrat=,-1.000000, actvprof=,2.962346, id=,B16, PRDE,actvstrat=,0.396514, actvprof=,2.262316, id=,B17, PRDE,actvstrat=,-0.149482, actvprof=,1.769518, id=,B18, PRDE,actvstrat=,-0.711339, actvprof=,2.672334, id=,B19, PRDE,actvstrat=,0.801980, actvprof=,2.301485, id=,B20, PRDE,actvstrat=,0.715667, actvprof=,2.594275, id=,B21, PRDE,actvstrat=,0.543324, actvprof=,2.325930, id=,B22, PRDE,actvstrat=,0.891627, actvprof=,2.093976, id=,B23, PRDE,actvstrat=,0.891008, actvprof=,2.017306, id=,B24, PRDE,actvstrat=,0.565081, actvprof=,2.377321, id=,B25, PRDE,actvstrat=,0.593452, actvprof=,2.518716, id=,B26, PRDE,actvstrat=,-0.219068, actvprof=,1.832854, id=,B27, PRDE,actvstrat=,-0.281345, actvprof=,1.747017, id=,B28, PRDE,actvstrat=,-0.522169, actvprof=,2.028696, id=,B29, PRDE,actvstrat=,-0.985239, actvprof=,2.802617, id=,S00, PRDE,actvstrat=,0.264784, actvprof=,8.361737, id=,S01, PRDE,actvstrat=,0.247827, actvprof=,8.115338, id=,S02, PRDE,actvstrat=,-0.462162, actvprof=,5.448560, id=,S03, PRDE,actvstrat=,1.000000, actvprof=,11.311860, id=,S04, PRDE,actvstrat=,-0.032584, actvprof=,6.920566, id=,S05, PRDE,actvstrat=,0.154166, actvprof=,7.880328, id=,S06, PRDE,actvstrat=,-0.705422, actvprof=,4.544634, id=,S07, PRDE,actvstrat=,-1.000000, actvprof=,10.219592, id=,S08, PRDE,actvstrat=,0.927710, actvprof=,11.380474, id=,S09, PRDE,actvstrat=,-0.203926, actvprof=,5.826354, id=,S10, PRDE,actvstrat=,0.793940, actvprof=,11.094351, id=,S11, PRDE,actvstrat=,0.213171, actvprof=,8.270345, id=,S12, PRDE,actvstrat=,-0.783083, actvprof=,3.851272, id=,S13, PRDE,actvstrat=,0.686965, actvprof=,10.985736, id=,S14, PRDE,actvstrat=,-1.000000, actvprof=,10.255705, id=,S15, PRDE,actvstrat=,0.726794, actvprof=,10.795172, id=,S16, PRDE,actvstrat=,-0.990610, actvprof=,6.894454, id=,S17, PRDE,actvstrat=,0.305401, actvprof=,8.467853, id=,S18, PRDE,actvstrat=,1.000000, actvprof=,11.401864, id=,S19, PRDE,actvstrat=,-0.679740, actvprof=,4.868536, id=,S20, PRDE,actvstrat=,-1.000000, actvprof=,10.722669, id=,S21, PRDE,actvstrat=,-0.028211, actvprof=,6.950012, id=,S22, PRDE,actvstrat=,0.536934, actvprof=,10.039029, id=,S23, PRDE,actvstrat=,-0.276292, actvprof=,5.136881, id=,S24, PRDE,actvstrat=,0.238087, actvprof=,8.616192, id=,S25, PRDE,actvstrat=,0.082391, actvprof=,8.047002, id=,S26, PRDE,actvstrat=,0.759646, actvprof=,11.035460, id=,S27, PRDE,actvstrat=,0.598115, actvprof=,10.324319, id=,S28, PRDE,actvstrat=,-0.092576, actvprof=,6.041641, id=,S29, PRDE,actvstrat=,-0.707024, actvprof=,4.611025, best_B_id=,B01, best_B_prof=,3.346528, best_B_strat=,-0.843541, best_S_id=,S18, best_S_prof=,11.401864, best_S_strat=,1.000000, 
t=,79200, id=,B00, PRDE,actvstrat=,0.181094, actvprof=,2.063932, id=,B01, PRDE,actvstrat=,-0.843541, actvprof=,3.419793, id=,B02, PRDE,actvstrat=,1.000000, actvprof=,1.195719, id=,B03, PRDE,actvstrat=,-0.595224, actvprof=,2.129072, id=,B04, PRDE,actvstrat=,0.818120, actvprof=,2.351299, id=,B05, PRDE,actvstrat=,1.000000, actvprof=,1.196414, id=,B06, PRDE,actvstrat=,-1.000000, actvprof=,3.107148, id=,B07, PRDE,actvstrat=,0.490109, actvprof=,2.516025, id=,B08, PRDE,actvstrat=,-0.340463, actvprof=,1.688507, id=,B09, PRDE,actvstrat=,0.404165, actvprof=,2.307131, id=,B10, PRDE,actvstrat=,0.617020, actvprof=,2.449495, id=,B11, PRDE,actvstrat=,-0.262078, actvprof=,1.719341, id=,B12, PRDE,actvstrat=,-0.126961, actvprof=,1.970597, id=,B13, PRDE,actvstrat=,0.447973, actvprof=,2.427828, id=,B14, PRDE,actvstrat=,-0.543026, actvprof=,1.980458, id=,B15, PRDE,actvstrat=,-1.000000, actvprof=,2.978951, id=,B16, PRDE,actvstrat=,0.396514, actvprof=,2.212546, id=,B17, PRDE,actvstrat=,-0.149482, actvprof=,1.784482, id=,B18, PRDE,actvstrat=,-0.711339, actvprof=,2.645055, id=,B19, PRDE,actvstrat=,0.801980, actvprof=,2.321437, id=,B20, PRDE,actvstrat=,0.715667, actvprof=,2.579776, id=,B21, PRDE,actvstrat=,0.543324, actvprof=,2.323798, id=,B22, PRDE,actvstrat=,0.891627, actvprof=,2.045459, id=,B23, PRDE,actvstrat=,0.891008, actvprof=,2.021709, id=,B24, PRDE,actvstrat=,0.565081, actvprof=,2.404078, id=,B25, PRDE,actvstrat=,0.593452, actvprof=,2.392689, id=,B26, PRDE,actvstrat=,-0.219068, actvprof=,1.826149, id=,B27, PRDE,actvstrat=,-0.281345, actvprof=,1.714341, id=,B28, PRDE,actvstrat=,-0.522169, actvprof=,2.034904, id=,B29, PRDE,actvstrat=,-0.985239, actvprof=,2.845198, id=,S00, PRDE,actvstrat=,0.264784, actvprof=,8.276700, id=,S01, PRDE,actvstrat=,0.247827, actvprof=,8.130447, id=,S02, PRDE,actvstrat=,-0.462162, actvprof=,5.299555, id=,S03, PRDE,actvstrat=,1.000000, actvprof=,11.345375, id=,S04, PRDE,actvstrat=,-0.032584, actvprof=,7.103481, id=,S05, PRDE,actvstrat=,0.154166, actvprof=,8.010445, id=,S06, PRDE,actvstrat=,-0.705422, actvprof=,4.553289, id=,S07, PRDE,actvstrat=,-1.000000, actvprof=,10.308131, id=,S08, PRDE,actvstrat=,0.927710, actvprof=,11.342181, id=,S09, PRDE,actvstrat=,-0.203926, actvprof=,5.730953, id=,S10, PRDE,actvstrat=,0.793940, actvprof=,11.188289, id=,S11, PRDE,actvstrat=,0.213171, actvprof=,8.361008, id=,S12, PRDE,actvstrat=,-0.783083, actvprof=,3.707161, id=,S13, PRDE,actvstrat=,0.686965, actvprof=,11.026480, id=,S14, PRDE,actvstrat=,-1.000000, actvprof=,10.178268, id=,S15, PRDE,actvstrat=,0.726794, actvprof=,10.865504, id=,S16, PRDE,actvstrat=,-0.990610, actvprof=,6.469440, id=,S17, PRDE,actvstrat=,0.305401, actvprof=,8.724071, id=,S18, PRDE,actvstrat=,1.000000, actvprof=,11.393154, id=,S19, PRDE,actvstrat=,-0.679740, actvprof=,4.644402, id=,S20, PRDE,actvstrat=,-1.000000, actvprof=,10.252436, id=,S21, PRDE,actvstrat=,-0.028211, actvprof=,7.346264, id=,S22, PRDE,actvstrat=,0.536934, actvprof=,9.866733, id=,S23, PRDE,actvstrat=,-0.276292, actvprof=,5.445530, id=,S24, PRDE,actvstrat=,0.238087, actvprof=,8.432398, id=,S25, PRDE,actvstrat=,0.082391, actvprof=,7.747939, id=,S26, PRDE,actvstrat=,0.759646, actvprof=,11.088842, id=,S27, PRDE,actvstrat=,0.598115, actvprof=,10.371744, id=,S28, PRDE,actvstrat=,-0.092576, actvprof=,6.318326, id=,S29, PRDE,actvstrat=,-0.707024, actvprof=,4.535789, best_B_id=,B01, best_B_prof=,3.419793, best_B_strat=,-0.843541, best_S_id=,S18, best_S_prof=,11.393154, best_S_strat=,1.000000, 
t=,82800, id=,B00, PRDE,actvstrat=,1.000000, actvprof=,1.533960, id=,B01, PRDE,actvstrat=,0.823185, actvprof=,2.642622, id=,B02, PRDE,actvstrat=,0.138235, actvprof=,2.523172, id=,B03, PRDE,actvstrat=,-1.000000, actvprof=,3.724339, id=,B04, PRDE,actvstrat=,-1.000000, actvprof=,3.588222, id=,B05, PRDE,actvstrat=,-0.463450, actvprof=,2.251771, id=,B06, PRDE,actvstrat=,0.952437, actvprof=,1.940368, id=,B07, PRDE,actvstrat=,-0.209443, actvprof=,2.253160, id=,B08, PRDE,actvstrat=,-0.272534, actvprof=,2.265383, id=,B09, PRDE,actvstrat=,1.000000, actvprof=,1.505625, id=,B10, PRDE,actvstrat=,-0.788425, actvprof=,3.591555, id=,B11, PRDE,actvstrat=,-0.673244, actvprof=,2.859021, id=,B12, PRDE,actvstrat=,-0.209723, actvprof=,2.177323, id=,B13, PRDE,actvstrat=,-0.887530, actvprof=,3.923793, id=,B14, PRDE,actvstrat=,-0.454986, actvprof=,2.300662, id=,B15, PRDE,actvstrat=,-0.543146, actvprof=,2.398722, id=,B16, PRDE,actvstrat=,0.029466, actvprof=,2.252604, id=,B17, PRDE,actvstrat=,-0.839138, actvprof=,3.835455, id=,B18, PRDE,actvstrat=,-0.461715, actvprof=,2.105375, id=,B19, PRDE,actvstrat=,0.330307, actvprof=,2.461503, id=,B20, PRDE,actvstrat=,0.679754, actvprof=,2.854854, id=,B21, PRDE,actvstrat=,0.524689, actvprof=,2.749850, id=,B22, PRDE,actvstrat=,0.268867, actvprof=,2.577342, id=,B23, PRDE,actvstrat=,0.028950, actvprof=,2.412612, id=,B24, PRDE,actvstrat=,0.603917, actvprof=,2.933747, id=,B25, PRDE,actvstrat=,0.646405, actvprof=,2.931247, id=,B26, PRDE,actvstrat=,0.959759, actvprof=,1.938423, id=,B27, PRDE,actvstrat=,1.000000, actvprof=,1.635909, id=,B28, PRDE,actvstrat=,-1.000000, actvprof=,3.589333, id=,B29, PRDE,actvstrat=,-1.000000, actvprof=,3.681282, id=,S00, PRDE,actvstrat=,0.728355, actvprof=,10.110468, id=,S01, PRDE,actvstrat=,0.064789, actvprof=,7.150331, id=,S02, PRDE,actvstrat=,0.662504, actvprof=,10.422983, id=,S03, PRDE,actvstrat=,-0.077737, actvprof=,6.501690, id=,S04, PRDE,actvstrat=,-0.522776, actvprof=,5.063290, id=,S05, PRDE,actvstrat=,-1.000000, actvprof=,10.260197, id=,S06, PRDE,actvstrat=,-0.091470, actvprof=,6.328071, id=,S07, PRDE,actvstrat=,-1.000000, actvprof=,9.922959, id=,S08, PRDE,actvstrat=,1.000000, actvprof=,10.670494, id=,S09, PRDE,actvstrat=,-0.207872, actvprof=,5.203574, id=,S10, PRDE,actvstrat=,-0.077993, actvprof=,6.256956, id=,S11, PRDE,actvstrat=,1.000000, actvprof=,10.994953, id=,S12, PRDE,actvstrat=,0.107206, actvprof=,7.272003, id=,S13, PRDE,actvstrat=,-0.127611, actvprof=,5.753877, id=,S14, PRDE,actvstrat=,-0.737487, actvprof=,3.980462, id=,S15, PRDE,actvstrat=,0.000489, actvprof=,7.197833, id=,S16, PRDE,actvstrat=,-1.000000, actvprof=,9.847400, id=,S17, PRDE,actvstrat=,0.391886, actvprof=,8.485948, id=,S18, PRDE,actvstrat=,-1.000000, actvprof=,10.043521, id=,S19, PRDE,actvstrat=,-0.302251, actvprof=,4.468540, id=,S20, PRDE,actvstrat=,1.000000, actvprof=,10.937729, id=,S21, PRDE,actvstrat=,0.703297, actvprof=,10.164359, id=,S22, PRDE,actvstrat=,0.424627, actvprof=,8.889023, id=,S23, PRDE,actvstrat=,-0.211128, actvprof=,5.147738, id=,S24, PRDE,actvstrat=,0.776720, actvprof=,10.457151, id=,S25, PRDE,actvstrat=,0.277763, actvprof=,8.422334, id=,S26, PRDE,actvstrat=,0.436844, actvprof=,9.167924, id=,S27, PRDE,actvstrat=,0.598115, actvprof=,9.724061, id=,S28, PRDE,actvstrat=,1.000000, actvprof=,10.809112, id=,S29, PRDE,actvstrat=,-1.000000, actvprof=,10.032131, best_B_id=,B13, best_B_prof=,3.923793, best_B_strat=,-0.887530, best_S_id=,S11, best_S_prof=,10.994953, best_S_strat=,1.000000, 
