t=,0, id=,B00, PRDE,actvstrat=,0.604111, actvprof=,0.000000, id=,B01, PRDE,actvstrat=,0.695111, actvprof=,0.000000, id=,B02, PRDE,actvstrat=,0.933251, actvprof=,0.000000, id=,B03, PRDE,actvstrat=,-0.179088, actvprof=,0.000000, id=,B04, PRDE,actvstrat=,0.752331, actvprof=,0.000000, id=,B05, PRDE,actvstrat=,0.673130, actvprof=,0.000000, id=,B06, PRDE,actvstrat=,-0.047031, actvprof=,0.000000, id=,B07, PRDE,actvstrat=,-0.895871, actvprof=,0.000000, id=,B08, PRDE,actvstrat=,0.442926, actvprof=,0.000000, id=,B09, PRDE,actvstrat=,0.290899, actvprof=,0.000000, id=,B10, PRDE,actvstrat=,0.088024, actvprof=,0.000000, id=,B11, PRDE,actvstrat=,0.553108, actvprof=,0.000000, id=,B12, PRDE,actvstrat=,-0.817957, actvprof=,0.000000, id=,B13, PRDE,actvstrat=,-0.075915, actvprof=,0.000000, id=,B14, PRDE,actvstrat=,0.542434, actvprof=,0.000000, id=,B15, PRDE,actvstrat=,-0.376126, actvprof=,0.000000, id=,B16, PRDE,actvstrat=,-0.922560, actvprof=,0.000000, id=,B17, PRDE,actvstrat=,-0.010739, actvprof=,0.000000, id=,B18, PRDE,actvstrat=,0.664149, actvprof=,0.000000, id=,B19, PRDE,actvstrat=,0.011354, actvprof=,0.000000, id=,B20, PRDE,actvstrat=,0.668103, actvprof=,0.000000, id=,B21, PRDE,actvstrat=,-0.623717, actvprof=,0.000000, id=,B22, PRDE,actvstrat=,0.419987, actvprof=,0.000000, id=,B23, PRDE,actvstrat=,-0.945185, actvprof=,0.000000, id=,B24, PRDE,actvstrat=,-0.223729, actvprof=,0.000000, id=,B25, PRDE,actvstrat=,-0.365998, actvprof=,0.000000, id=,B26, PRDE,actvstrat=,0.804165, actvprof=,0.000000, id=,B27, PRDE,actvstrat=,0.063054, actvprof=,0.000000, id=,B28, PRDE,actvstrat=,0.387365, actvprof=,0.000000, id=,B29, PRDE,actvstrat=,0.807251, actvprof=,0.000000, id=,S00, PRDE,actvstrat=,0.310931, actvprof=,0.000000, id=,S01, PRDE,actvstrat=,-0.386239, actvprof=,0.000000, id=,S02, PRDE,actvstrat=,0.929015, actvprof=,0.000000, id=,S03, PRDE,actvstrat=,-0.129601, actvprof=,0.000000, id=,S04, PRDE,actvstrat=,-0.915859, actvprof=,0.000000, id=,S05, PRDE,actvstrat=,-0.132328, actvprof=,0.000000, id=,S06, PRDE,actvstrat=,0.916589, actvprof=,0.000000, id=,S07, PRDE,actvstrat=,0.739672, actvprof=,0.000000, id=,S08, PRDE,actvstrat=,0.188549, actvprof=,0.000000, id=,S09, PRDE,actvstrat=,-0.804199, actvprof=,0.000000, id=,S10, PRDE,actvstrat=,0.725002, actvprof=,0.000000, id=,S11, PRDE,actvstrat=,-0.884674, actvprof=,0.000000, id=,S12, PRDE,actvstrat=,-0.197107, actvprof=,0.000000, id=,S13, PRDE,actvstrat=,0.281590, actvprof=,0.000000, id=,S14, PRDE,actvstrat=,0.458147, actvprof=,0.000000, id=,S15, PRDE,actvstrat=,-0.738543, actvprof=,0.000000, id=,S16, PRDE,actvstrat=,-0.431087, actvprof=,0.000000, id=,S17, PRDE,actvstrat=,-0.397165, actvprof=,0.000000, id=,S18, PRDE,actvstrat=,0.638708, actvprof=,0.000000, id=,S19, PRDE,actvstrat=,-0.069172, actvprof=,0.000000, id=,S20, PRDE,actvstrat=,0.209910, actvprof=,0.000000, id=,S21, PRDE,actvstrat=,0.217075, actvprof=,0.000000, id=,S22, PRDE,actvstrat=,-0.927642, actvprof=,0.000000, id=,S23, PRDE,actvstrat=,0.280770, actvprof=,0.000000, id=,S24, PRDE,actvstrat=,-0.716097, actvprof=,0.000000, id=,S25, PRDE,actvstrat=,0.074801, actvprof=,0.000000, id=,S26, PRDE,actvstrat=,-0.259980, actvprof=,0.000000, id=,S27, PRDE,actvstrat=,-0.348122, actvprof=,0.000000, id=,S28, PRDE,actvstrat=,0.051522, actvprof=,0.000000, id=,S29, PRDE,actvstrat=,-0.432851, actvprof=,0.000000, best_B_id=,B00, best_B_prof=,0.000000, best_B_strat=,0.604111, best_S_id=,S00, best_S_prof=,0.000000, best_S_strat=,0.310931, 
t=,3600, id=,B00, PRDE,actvstrat=,0.604111, actvprof=,3.600556, id=,B01, PRDE,actvstrat=,0.695111, actvprof=,3.617778, id=,B02, PRDE,actvstrat=,0.933251, actvprof=,2.799722, id=,B03, PRDE,actvstrat=,-0.179088, actvprof=,3.383056, id=,B04, PRDE,actvstrat=,0.752331, actvprof=,3.582778, id=,B05, PRDE,actvstrat=,0.673130, actvprof=,3.469444, id=,B06, PRDE,actvstrat=,-0.047031, actvprof=,3.135000, id=,B07, PRDE,actvstrat=,-0.895871, actvprof=,4.936111, id=,B08, PRDE,actvstrat=,0.442926, actvprof=,3.630000, id=,B09, PRDE,actvstrat=,0.290899, actvprof=,3.497500, id=,B10, PRDE,actvstrat=,0.088024, actvprof=,3.116944, id=,B11, PRDE,actvstrat=,0.553108, actvprof=,3.516111, id=,B12, PRDE,actvstrat=,-0.817957, actvprof=,4.838611, id=,B13, PRDE,actvstrat=,-0.075915, actvprof=,3.035833, id=,B14, PRDE,actvstrat=,0.542434, actvprof=,3.602500, id=,B15, PRDE,actvstrat=,-0.376126, actvprof=,2.904444, id=,B16, PRDE,actvstrat=,-0.922560, actvprof=,4.909722, id=,B17, PRDE,actvstrat=,-0.010739, actvprof=,3.115000, id=,B18, PRDE,actvstrat=,0.664149, actvprof=,3.577778, id=,B19, PRDE,actvstrat=,0.011354, actvprof=,3.255000, id=,B20, PRDE,actvstrat=,0.668103, actvprof=,3.510556, id=,B21, PRDE,actvstrat=,-0.623717, actvprof=,3.796667, id=,B22, PRDE,actvstrat=,0.419987, actvprof=,3.514444, id=,B23, PRDE,actvstrat=,-0.945185, actvprof=,4.594444, id=,B24, PRDE,actvstrat=,-0.223729, actvprof=,3.057222, id=,B25, PRDE,actvstrat=,-0.365998, actvprof=,3.233333, id=,B26, PRDE,actvstrat=,0.804165, actvprof=,3.507500, id=,B27, PRDE,actvstrat=,0.063054, actvprof=,3.098333, id=,B28, PRDE,actvstrat=,0.387365, actvprof=,3.437222, id=,B29, PRDE,actvstrat=,0.807251, actvprof=,3.454722, id=,S00, PRDE,actvstrat=,0.310931, actvprof=,9.013056, id=,S01, PRDE,actvstrat=,-0.386239, actvprof=,7.314167, id=,S02, PRDE,actvstrat=,0.929015, actvprof=,9.643056, id=,S03, PRDE,actvstrat=,-0.129601, actvprof=,7.554167, id=,S04, PRDE,actvstrat=,-0.915859, actvprof=,7.471111, id=,S05, PRDE,actvstrat=,-0.132328, actvprof=,7.786944, id=,S06, PRDE,actvstrat=,0.916589, actvprof=,9.753611, id=,S07, PRDE,actvstrat=,0.739672, actvprof=,9.772222, id=,S08, PRDE,actvstrat=,0.188549, actvprof=,8.691944, id=,S09, PRDE,actvstrat=,-0.804199, actvprof=,7.241111, id=,S10, PRDE,actvstrat=,0.725002, actvprof=,9.574444, id=,S11, PRDE,actvstrat=,-0.884674, actvprof=,6.958889, id=,S12, PRDE,actvstrat=,-0.197107, actvprof=,7.853611, id=,S13, PRDE,actvstrat=,0.281590, actvprof=,8.783056, id=,S14, PRDE,actvstrat=,0.458147, actvprof=,9.425556, id=,S15, PRDE,actvstrat=,-0.738543, actvprof=,7.368056, id=,S16, PRDE,actvstrat=,-0.431087, actvprof=,7.380556, id=,S17, PRDE,actvstrat=,-0.397165, actvprof=,7.677222, id=,S18, PRDE,actvstrat=,0.638708, actvprof=,9.653889, id=,S19, PRDE,actvstrat=,-0.069172, actvprof=,7.841111, id=,S20, PRDE,actvstrat=,0.209910, actvprof=,8.645000, id=,S21, PRDE,actvstrat=,0.217075, actvprof=,8.520000, id=,S22, PRDE,actvstrat=,-0.927642, actvprof=,7.559722, id=,S23, PRDE,actvstrat=,0.280770, actvprof=,9.086667, id=,S24, PRDE,actvstrat=,-0.716097, actvprof=,6.765278, id=,S25, PRDE,actvstrat=,0.074801, actvprof=,8.389444, id=,S26, PRDE,actvstrat=,-0.259980, actvprof=,7.645000, id=,S27, PRDE,actvstrat=,-0.348122, actvprof=,7.601111, id=,S28, PRDE,actvstrat=,0.051522, actvprof=,8.297778, id=,S29, PRDE,actvstrat=,-0.432851, actvprof=,7.048333, best_B_id=,B07, best_B_prof=,4.936111, best_B_strat=,-0.895871, best_S_id=,S07, best_S_prof=,9.772222, best_S_strat=,0.739672, 
t=,7200, id=,B00, PRDE,actvstrat=,-0.150714, actvprof=,0.000000, id=,B01, PRDE,actvstrat=,-0.882104, actvprof=,0.000000, id=,B02, PRDE,actvstrat=,0.039976, actvprof=,0.000000, id=,B03, PRDE,actvstrat=,-0.114785, actvprof=,0.000000, id=,B04, PRDE,actvstrat=,0.151801, actvprof=,0.000000, id=,B05, PRDE,actvstrat=,0.738208, actvprof=,0.000000, id=,B06, PRDE,actvstrat=,-0.633416, actvprof=,0.000000, id=,B07, PRDE,actvstrat=,-0.217298, actvprof=,0.000000, id=,B08, PRDE,actvstrat=,0.721732, actvprof=,0.000000, id=,B09, PRDE,actvstrat=,-0.507140, actvprof=,0.000000, id=,B10, PRDE,actvstrat=,-0.292366, actvprof=,0.000000, id=,B11, PRDE,actvstrat=,-0.139335, actvprof=,0.000000, id=,B12, PRDE,actvstrat=,0.747074, actvprof=,0.000000, id=,B13, PRDE,actvstrat=,-0.913219, actvprof=,0.000000, id=,B14, PRDE,actvstrat=,-0.052563, actvprof=,0.000000, id=,B15, PRDE,actvstrat=,-0.791998, actvprof=,0.000000, id=,B16, PRDE,actvstrat=,0.004470, actvprof=,0.000000, id=,B17, PRDE,actvstrat=,0.069971, actvprof=,0.000000, id=,B18, PRDE,actvstrat=,0.342162, actvprof=,0.000000, id=,B19, PRDE,actvstrat=,-0.721263, actvprof=,0.000000, id=,B20, PRDE,actvstrat=,0.738835, actvprof=,0.000000, id=,B21, PRDE,actvstrat=,-0.559973, actvprof=,0.000000, id=,B22, PRDE,actvstrat=,-0.653160, actvprof=,0.000000, id=,B23, PRDE,actvstrat=,0.925384, actvprof=,0.000000, id=,B24, PRDE,actvstrat=,-0.331859, actvprof=,0.000000, id=,B25, PRDE,actvstrat=,-0.527099, actvprof=,0.000000, id=,B26, PRDE,actvstrat=,-0.250157, actvprof=,0.000000, id=,B27, PRDE,actvstrat=,-0.520951, actvprof=,0.000000, id=,B28, PRDE,actvstrat=,-0.850410, actvprof=,0.000000, id=,B29, PRDE,actvstrat=,-0.137775, actvprof=,0.000000, id=,S00, PRDE,actvstrat=,0.107521, actvprof=,0.000000, id=,S01, PRDE,actvstrat=,-0.203800, actvprof=,0.000000, id=,S02, PRDE,actvstrat=,-0.267041, actvprof=,0.000000, id=,S03, PRDE,actvstrat=,0.889502, actvprof=,0.000000, id=,S04, PRDE,actvstrat=,0.736960, actvprof=,0.000000, id=,S05, PRDE,actvstrat=,0.061038, actvprof=,0.000000, id=,S06, PRDE,actvstrat=,0.192371, actvprof=,0.000000, id=,S07, PRDE,actvstrat=,0.305438, actvprof=,0.000000, id=,S08, PRDE,actvstrat=,0.350353, actvprof=,0.000000, id=,S09, PRDE,actvstrat=,0.988118, actvprof=,0.000000, id=,S10, PRDE,actvstrat=,0.412183, actvprof=,0.000000, id=,S11, PRDE,actvstrat=,0.665426, actvprof=,0.000000, id=,S12, PRDE,actvstrat=,-0.744913, actvprof=,0.000000, id=,S13, PRDE,actvstrat=,0.919105, actvprof=,0.000000, id=,S14, PRDE,actvstrat=,-0.910541, actvprof=,0.000000, id=,S15, PRDE,actvstrat=,0.444724, actvprof=,0.000000, id=,S16, PRDE,actvstrat=,-0.051149, actvprof=,0.000000, id=,S17, PRDE,actvstrat=,-0.703943, actvprof=,0.000000, id=,S18, PRDE,actvstrat=,0.753227, actvprof=,0.000000, id=,S19, PRDE,actvstrat=,0.889069, actvprof=,0.000000, id=,S20, PRDE,actvstrat=,-0.154610, actvprof=,0.000000, id=,S21, PRDE,actvstrat=,0.062362, actvprof=,0.000000, id=,S22, PRDE,actvstrat=,-0.160926, actvprof=,0.000000, id=,S23, PRDE,actvstrat=,0.292242, actvprof=,0.000000, id=,S24, PRDE,actvstrat=,0.783503, actvprof=,0.000000, id=,S25, PRDE,actvstrat=,-0.635906, actvprof=,0.000000, id=,S26, PRDE,actvstrat=,-0.919721, actvprof=,0.000000, id=,S27, PRDE,actvstrat=,-0.229663, actvprof=,0.000000, id=,S28, PRDE,actvstrat=,0.008148, actvprof=,0.000000, id=,S29, PRDE,actvstrat=,-0.132614, actvprof=,0.000000, best_B_id=,B00, best_B_prof=,0.000000, best_B_strat=,-0.150714, best_S_id=,S00, best_S_prof=,0.000000, best_S_strat=,0.107521, 
t=,10800, id=,B00, PRDE,actvstrat=,-0.150714, actvprof=,2.126389, id=,B01, PRDE,actvstrat=,-0.882104, actvprof=,4.205278, id=,B02, PRDE,actvstrat=,0.039976, actvprof=,2.287778, id=,B03, PRDE,actvstrat=,-0.114785, actvprof=,2.380000, id=,B04, PRDE,actvstrat=,0.151801, actvprof=,2.261667, id=,B05, PRDE,actvstrat=,0.738208, actvprof=,2.669722, id=,B06, PRDE,actvstrat=,-0.633416, actvprof=,2.529444, id=,B07, PRDE,actvstrat=,-0.217298, actvprof=,2.097778, id=,B08, PRDE,actvstrat=,0.721732, actvprof=,2.782222, id=,B09, PRDE,actvstrat=,-0.507140, actvprof=,2.438889, id=,B10, PRDE,actvstrat=,-0.292366, actvprof=,1.958333, id=,B11, PRDE,actvstrat=,-0.139335, actvprof=,2.221111, id=,B12, PRDE,actvstrat=,0.747074, actvprof=,2.715000, id=,B13, PRDE,actvstrat=,-0.913219, actvprof=,4.230278, id=,B14, PRDE,actvstrat=,-0.052563, actvprof=,2.239167, id=,B15, PRDE,actvstrat=,-0.791998, actvprof=,3.464444, id=,B16, PRDE,actvstrat=,0.004470, actvprof=,2.131944, id=,B17, PRDE,actvstrat=,0.069971, actvprof=,2.221111, id=,B18, PRDE,actvstrat=,0.342162, actvprof=,2.540000, id=,B19, PRDE,actvstrat=,-0.721263, actvprof=,3.025000, id=,B20, PRDE,actvstrat=,0.738835, actvprof=,2.846111, id=,B21, PRDE,actvstrat=,-0.559973, actvprof=,2.304722, id=,B22, PRDE,actvstrat=,-0.653160, actvprof=,2.505278, id=,B23, PRDE,actvstrat=,0.925384, actvprof=,1.900833, id=,B24, PRDE,actvstrat=,-0.331859, actvprof=,2.160000, id=,B25, PRDE,actvstrat=,-0.527099, actvprof=,2.204722, id=,B26, PRDE,actvstrat=,-0.250157, actvprof=,1.990278, id=,B27, PRDE,actvstrat=,-0.520951, actvprof=,2.118333, id=,B28, PRDE,actvstrat=,-0.850410, actvprof=,3.869167, id=,B29, PRDE,actvstrat=,-0.137775, actvprof=,2.138611, id=,S00, PRDE,actvstrat=,0.107521, actvprof=,6.705556, id=,S01, PRDE,actvstrat=,-0.203800, actvprof=,4.458611, id=,S02, PRDE,actvstrat=,-0.267041, actvprof=,4.480000, id=,S03, PRDE,actvstrat=,0.889502, actvprof=,10.382778, id=,S04, PRDE,actvstrat=,0.736960, actvprof=,9.978333, id=,S05, PRDE,actvstrat=,0.061038, actvprof=,6.768889, id=,S06, PRDE,actvstrat=,0.192371, actvprof=,6.901389, id=,S07, PRDE,actvstrat=,0.305438, actvprof=,7.512500, id=,S08, PRDE,actvstrat=,0.350353, actvprof=,8.005833, id=,S09, PRDE,actvstrat=,0.988118, actvprof=,10.820833, id=,S10, PRDE,actvstrat=,0.412183, actvprof=,7.715556, id=,S11, PRDE,actvstrat=,0.665426, actvprof=,9.575000, id=,S12, PRDE,actvstrat=,-0.744913, actvprof=,3.094167, id=,S13, PRDE,actvstrat=,0.919105, actvprof=,10.737500, id=,S14, PRDE,actvstrat=,-0.910541, actvprof=,1.418889, id=,S15, PRDE,actvstrat=,0.444724, actvprof=,8.137500, id=,S16, PRDE,actvstrat=,-0.051149, actvprof=,5.400833, id=,S17, PRDE,actvstrat=,-0.703943, actvprof=,3.678056, id=,S18, PRDE,actvstrat=,0.753227, actvprof=,9.955833, id=,S19, PRDE,actvstrat=,0.889069, actvprof=,10.528611, id=,S20, PRDE,actvstrat=,-0.154610, actvprof=,4.783333, id=,S21, PRDE,actvstrat=,0.062362, actvprof=,6.489722, id=,S22, PRDE,actvstrat=,-0.160926, actvprof=,4.541389, id=,S23, PRDE,actvstrat=,0.292242, actvprof=,7.500556, id=,S24, PRDE,actvstrat=,0.783503, actvprof=,10.270000, id=,S25, PRDE,actvstrat=,-0.635906, actvprof=,3.516111, id=,S26, PRDE,actvstrat=,-0.919721, actvprof=,1.748333, id=,S27, PRDE,actvstrat=,-0.229663, actvprof=,4.251111, id=,S28, PRDE,actvstrat=,0.008148, actvprof=,6.165833, id=,S29, PRDE,actvstrat=,-0.132614, actvprof=,4.868889, best_B_id=,B13, best_B_prof=,4.230278, best_B_strat=,-0.913219, best_S_id=,S09, best_S_prof=,10.820833, best_S_strat=,0.988118, 
t=,14400, id=,B00, PRDE,actvstrat=,-0.150714, actvprof=,2.207227, id=,B01, PRDE,actvstrat=,-0.882104, actvprof=,4.182926, id=,B02, PRDE,actvstrat=,0.039976, actvprof=,2.236950, id=,B03, PRDE,actvstrat=,-0.114785, actvprof=,2.312089, id=,B04, PRDE,actvstrat=,0.151801, actvprof=,2.330283, id=,B05, PRDE,actvstrat=,0.738208, actvprof=,2.720979, id=,B06, PRDE,actvstrat=,-0.633416, actvprof=,2.501117, id=,B07, PRDE,actvstrat=,-0.217298, actvprof=,2.165699, id=,B08, PRDE,actvstrat=,0.721732, actvprof=,2.729034, id=,B09, PRDE,actvstrat=,-0.507140, actvprof=,2.364867, id=,B10, PRDE,actvstrat=,-0.292366, actvprof=,1.994171, id=,B11, PRDE,actvstrat=,-0.139335, actvprof=,2.207922, id=,B12, PRDE,actvstrat=,0.747074, actvprof=,2.774173, id=,B13, PRDE,actvstrat=,-0.913219, actvprof=,4.204454, id=,B14, PRDE,actvstrat=,-0.052563, actvprof=,2.215005, id=,B15, PRDE,actvstrat=,-0.791998, actvprof=,3.437925, id=,B16, PRDE,actvstrat=,0.004470, actvprof=,2.129310, id=,B17, PRDE,actvstrat=,0.069971, actvprof=,2.240005, id=,B18, PRDE,actvstrat=,0.342162, actvprof=,2.495284, id=,B19, PRDE,actvstrat=,-0.721263, actvprof=,2.984174, id=,B20, PRDE,actvstrat=,0.738835, actvprof=,2.805562, id=,B21, PRDE,actvstrat=,-0.559973, actvprof=,2.337089, id=,B22, PRDE,actvstrat=,-0.653160, actvprof=,2.610839, id=,B23, PRDE,actvstrat=,0.925384, actvprof=,1.969449, id=,B24, PRDE,actvstrat=,-0.331859, actvprof=,2.194311, id=,B25, PRDE,actvstrat=,-0.527099, actvprof=,2.329033, id=,B26, PRDE,actvstrat=,-0.250157, actvprof=,2.017366, id=,B27, PRDE,actvstrat=,-0.520951, actvprof=,2.115699, id=,B28, PRDE,actvstrat=,-0.850410, actvprof=,3.915842, id=,B29, PRDE,actvstrat=,-0.137775, actvprof=,2.185283, id=,S00, PRDE,actvstrat=,0.107521, actvprof=,6.784460, id=,S01, PRDE,actvstrat=,-0.203800, actvprof=,4.486816, id=,S02, PRDE,actvstrat=,-0.267041, actvprof=,4.250704, id=,S03, PRDE,actvstrat=,0.889502, actvprof=,10.498774, id=,S04, PRDE,actvstrat=,0.736960, actvprof=,9.851551, id=,S05, PRDE,actvstrat=,0.061038, actvprof=,6.691960, id=,S06, PRDE,actvstrat=,0.192371, actvprof=,7.043905, id=,S07, PRDE,actvstrat=,0.305438, actvprof=,7.704462, id=,S08, PRDE,actvstrat=,0.350353, actvprof=,8.012657, id=,S09, PRDE,actvstrat=,0.988118, actvprof=,10.650302, id=,S10, PRDE,actvstrat=,0.412183, actvprof=,7.725851, id=,S11, PRDE,actvstrat=,0.665426, actvprof=,9.492522, id=,S12, PRDE,actvstrat=,-0.744913, actvprof=,2.921118, id=,S13, PRDE,actvstrat=,0.919105, actvprof=,10.637664, id=,S14, PRDE,actvstrat=,-0.910541, actvprof=,1.293892, id=,S15, PRDE,actvstrat=,0.444724, actvprof=,8.252658, id=,S16, PRDE,actvstrat=,-0.051149, actvprof=,5.718208, id=,S17, PRDE,actvstrat=,-0.703943, actvprof=,3.413202, id=,S18, PRDE,actvstrat=,0.753227, actvprof=,9.966690, id=,S19, PRDE,actvstrat=,0.889069, actvprof=,10.573497, id=,S20, PRDE,actvstrat=,-0.154610, actvprof=,4.871539, id=,S21, PRDE,actvstrat=,0.062362, actvprof=,6.720016, id=,S22, PRDE,actvstrat=,-0.160926, actvprof=,4.651122, id=,S23, PRDE,actvstrat=,0.292242, actvprof=,7.424878, id=,S24, PRDE,actvstrat=,0.783503, actvprof=,10.163218, id=,S25, PRDE,actvstrat=,-0.635906, actvprof=,3.463341, id=,S26, PRDE,actvstrat=,-0.919721, actvprof=,1.538892, id=,S27, PRDE,actvstrat=,-0.229663, actvprof=,4.273204, id=,S28, PRDE,actvstrat=,0.008148, actvprof=,6.195570, id=,S29, PRDE,actvstrat=,-0.132614, actvprof=,5.058345, best_B_id=,B13, best_B_prof=,4.204454, best_B_strat=,-0.913219, best_S_id=,S09, best_S_prof=,10.650302, best_S_strat=,0.988118, 
t=,18000, id=,B00, PRDE,actvstrat=,0.365584, actvprof=,2.373366, id=,B01, PRDE,actvstrat=,-0.942507, actvprof=,3.637551, id=,B02, PRDE,actvstrat=,-0.838530, actvprof=,3.826720, id=,B03, PRDE,actvstrat=,0.287250, actvprof=,2.228920, id=,B04, PRDE,actvstrat=,0.151801, actvprof=,2.147252, id=,B05, PRDE,actvstrat=,0.738208, actvprof=,2.491146, id=,B06, PRDE,actvstrat=,-0.416073, actvprof=,1.851137, id=,B07, PRDE,actvstrat=,-0.217298, actvprof=,1.977250, id=,B08, PRDE,actvstrat=,-0.371343, actvprof=,1.961694, id=,B09, PRDE,actvstrat=,-0.507140, actvprof=,2.032528, id=,B10, PRDE,actvstrat=,0.755432, actvprof=,2.411978, id=,B11, PRDE,actvstrat=,0.575559, actvprof=,2.457812, id=,B12, PRDE,actvstrat=,0.416403, actvprof=,2.426700, id=,B13, PRDE,actvstrat=,0.689231, actvprof=,2.550869, id=,B14, PRDE,actvstrat=,-0.304198, actvprof=,1.992528, id=,B15, PRDE,actvstrat=,-0.199357, actvprof=,1.855026, id=,B16, PRDE,actvstrat=,0.935849, actvprof=,1.721691, id=,B17, PRDE,actvstrat=,0.879397, actvprof=,2.160586, id=,B18, PRDE,actvstrat=,0.342162, actvprof=,2.354755, id=,B19, PRDE,actvstrat=,-0.896272, actvprof=,3.849498, id=,B20, PRDE,actvstrat=,0.738835, actvprof=,2.508090, id=,B21, PRDE,actvstrat=,-0.559973, actvprof=,2.293365, id=,B22, PRDE,actvstrat=,-0.518735, actvprof=,2.091140, id=,B23, PRDE,actvstrat=,-0.342949, actvprof=,1.807525, id=,B24, PRDE,actvstrat=,-0.060823, actvprof=,1.937527, id=,B25, PRDE,actvstrat=,-0.389808, actvprof=,2.058084, id=,B26, PRDE,actvstrat=,0.122104, actvprof=,2.148085, id=,B27, PRDE,actvstrat=,0.511653, actvprof=,2.464756, id=,B28, PRDE,actvstrat=,-0.499147, actvprof=,2.049473, id=,B29, PRDE,actvstrat=,-0.184809, actvprof=,1.925582, id=,S00, PRDE,actvstrat=,0.734169, actvprof=,10.460701, id=,S01, PRDE,actvstrat=,-0.203800, actvprof=,4.449784, id=,S02, PRDE,actvstrat=,0.408368, actvprof=,8.471507, id=,S03, PRDE,actvstrat=,-0.805964, actvprof=,2.365866, id=,S04, PRDE,actvstrat=,0.817726, actvprof=,10.890429, id=,S05, PRDE,actvstrat=,-0.030281, actvprof=,6.107863, id=,S06, PRDE,actvstrat=,0.192371, actvprof=,7.562883, id=,S07, PRDE,actvstrat=,-0.284556, actvprof=,4.310893, id=,S08, PRDE,actvstrat=,0.245318, actvprof=,8.031500, id=,S09, PRDE,actvstrat=,0.988118, actvprof=,11.061543, id=,S10, PRDE,actvstrat=,0.984590, actvprof=,11.195433, id=,S11, PRDE,actvstrat=,-0.063869, actvprof=,6.074807, id=,S12, PRDE,actvstrat=,0.123469, actvprof=,6.974264, id=,S13, PRDE,actvstrat=,0.919105, actvprof=,11.363769, id=,S14, PRDE,actvstrat=,0.458147, actvprof=,8.833456, id=,S15, PRDE,actvstrat=,0.118248, actvprof=,7.477326, id=,S16, PRDE,actvstrat=,0.029328, actvprof=,6.655926, id=,S17, PRDE,actvstrat=,-0.415744, actvprof=,4.370061, id=,S18, PRDE,actvstrat=,0.830185, actvprof=,10.965986, id=,S19, PRDE,actvstrat=,-0.786507, actvprof=,2.858929, id=,S20, PRDE,actvstrat=,-0.291567, actvprof=,4.969236, id=,S21, PRDE,actvstrat=,0.062362, actvprof=,6.863429, id=,S22, PRDE,actvstrat=,0.008511, actvprof=,7.267601, id=,S23, PRDE,actvstrat=,0.367267, actvprof=,8.599564, id=,S24, PRDE,actvstrat=,0.783503, actvprof=,10.863484, id=,S25, PRDE,actvstrat=,0.074801, actvprof=,7.132044, id=,S26, PRDE,actvstrat=,-0.259980, actvprof=,4.803122, id=,S27, PRDE,actvstrat=,-0.302482, actvprof=,4.469229, id=,S28, PRDE,actvstrat=,0.103380, actvprof=,7.549827, id=,S29, PRDE,actvstrat=,-0.058304, actvprof=,6.277587, best_B_id=,B19, best_B_prof=,3.849498, best_B_strat=,-0.896272, best_S_id=,S13, best_S_prof=,11.363769, best_S_strat=,0.919105, 
t=,21600, id=,B00, PRDE,actvstrat=,0.365584, actvprof=,2.383067, id=,B01, PRDE,actvstrat=,-0.942507, actvprof=,3.668211, id=,B02, PRDE,actvstrat=,-0.838530, actvprof=,3.685295, id=,B03, PRDE,actvstrat=,0.287250, actvprof=,2.325844, id=,B04, PRDE,actvstrat=,0.151801, actvprof=,2.140565, id=,B05, PRDE,actvstrat=,0.738208, actvprof=,2.477928, id=,B06, PRDE,actvstrat=,-0.416073, actvprof=,1.900425, id=,B07, PRDE,actvstrat=,-0.217298, actvprof=,1.959592, id=,B08, PRDE,actvstrat=,-0.371343, actvprof=,1.947231, id=,B09, PRDE,actvstrat=,-0.507140, actvprof=,2.139871, id=,B10, PRDE,actvstrat=,0.755432, actvprof=,2.486817, id=,B11, PRDE,actvstrat=,0.575559, actvprof=,2.505984, id=,B12, PRDE,actvstrat=,0.416403, actvprof=,2.407789, id=,B13, PRDE,actvstrat=,0.689231, actvprof=,2.492373, id=,B14, PRDE,actvstrat=,-0.304198, actvprof=,1.983065, id=,B15, PRDE,actvstrat=,-0.199357, actvprof=,1.968342, id=,B16, PRDE,actvstrat=,0.935849, actvprof=,1.687508, id=,B17, PRDE,actvstrat=,0.879397, actvprof=,2.111815, id=,B18, PRDE,actvstrat=,0.342162, actvprof=,2.357233, id=,B19, PRDE,actvstrat=,-0.896272, actvprof=,3.890018, id=,B20, PRDE,actvstrat=,0.738835, actvprof=,2.556956, id=,B21, PRDE,actvstrat=,-0.559973, actvprof=,2.325983, id=,B22, PRDE,actvstrat=,-0.518735, actvprof=,2.075148, id=,B23, PRDE,actvstrat=,-0.342949, actvprof=,1.874314, id=,B24, PRDE,actvstrat=,-0.060823, actvprof=,2.006120, id=,B25, PRDE,actvstrat=,-0.389808, actvprof=,1.992648, id=,B26, PRDE,actvstrat=,0.122104, actvprof=,2.023898, id=,B27, PRDE,actvstrat=,0.511653, actvprof=,2.480567, id=,B28, PRDE,actvstrat=,-0.499147, actvprof=,2.188205, id=,B29, PRDE,actvstrat=,-0.184809, actvprof=,1.935565, id=,S00, PRDE,actvstrat=,0.734169, actvprof=,10.500326, id=,S01, PRDE,actvstrat=,-0.203800, actvprof=,4.784467, id=,S02, PRDE,actvstrat=,0.408368, actvprof=,8.507678, id=,S03, PRDE,actvstrat=,-0.805964, actvprof=,2.465428, id=,S04, PRDE,actvstrat=,0.817726, actvprof=,11.015607, id=,S05, PRDE,actvstrat=,-0.030281, actvprof=,6.324335, id=,S06, PRDE,actvstrat=,0.192371, actvprof=,7.563507, id=,S07, PRDE,actvstrat=,-0.284556, actvprof=,4.380298, id=,S08, PRDE,actvstrat=,0.245318, actvprof=,7.941703, id=,S09, PRDE,actvstrat=,0.988118, actvprof=,11.039357, id=,S10, PRDE,actvstrat=,0.984590, actvprof=,11.172691, id=,S11, PRDE,actvstrat=,-0.063869, actvprof=,6.153223, id=,S12, PRDE,actvstrat=,0.123469, actvprof=,7.018505, id=,S13, PRDE,actvstrat=,0.919105, actvprof=,11.312275, id=,S14, PRDE,actvstrat=,0.458147, actvprof=,8.940597, id=,S15, PRDE,actvstrat=,0.118248, actvprof=,7.219478, id=,S16, PRDE,actvstrat=,0.029328, actvprof=,6.832254, id=,S17, PRDE,actvstrat=,-0.415744, actvprof=,4.381131, id=,S18, PRDE,actvstrat=,0.830185, actvprof=,10.945190, id=,S19, PRDE,actvstrat=,-0.786507, actvprof=,2.781541, id=,S20, PRDE,actvstrat=,-0.291567, actvprof=,4.808356, id=,S21, PRDE,actvstrat=,0.062362, actvprof=,7.019060, id=,S22, PRDE,actvstrat=,0.008511, actvprof=,7.144200, id=,S23, PRDE,actvstrat=,0.367267, actvprof=,8.496012, id=,S24, PRDE,actvstrat=,0.783503, actvprof=,10.760328, id=,S25, PRDE,actvstrat=,0.074801, actvprof=,7.002671, id=,S26, PRDE,actvstrat=,-0.259980, actvprof=,4.713355, id=,S27, PRDE,actvstrat=,-0.302482, actvprof=,4.628077, id=,S28, PRDE,actvstrat=,0.103380, actvprof=,7.117533, id=,S29, PRDE,actvstrat=,-0.058304, actvprof=,6.342668, best_B_id=,B19, best_B_prof=,3.890018, best_B_strat=,-0.896272, best_S_id=,S13, best_S_prof=,11.312275, best_S_strat=,0.919105, 
t=,25200, id=,B00, PRDE,actvstrat=,0.958161, actvprof=,1.311981, id=,B01, PRDE,actvstrat=,-0.714055, actvprof=,2.046724, id=,B02, PRDE,actvstrat=,0.389402, actvprof=,1.667824, id=,B03, PRDE,actvstrat=,1.000000, actvprof=,0.869746, id=,B04, PRDE,actvstrat=,0.097247, actvprof=,1.478652, id=,B05, PRDE,actvstrat=,-0.118845, actvprof=,1.388094, id=,B06, PRDE,actvstrat=,1.000000, actvprof=,0.901969, id=,B07, PRDE,actvstrat=,-1.000000, actvprof=,2.196728, id=,B08, PRDE,actvstrat=,0.253831, actvprof=,1.678936, id=,B09, PRDE,actvstrat=,-1.000000, actvprof=,2.233118, id=,B10, PRDE,actvstrat=,-0.595029, actvprof=,1.641434, id=,B11, PRDE,actvstrat=,-1.000000, actvprof=,2.202006, id=,B12, PRDE,actvstrat=,-0.459507, actvprof=,1.441429, id=,B13, PRDE,actvstrat=,-1.000000, actvprof=,2.215895, id=,B14, PRDE,actvstrat=,-0.551963, actvprof=,1.478374, id=,B15, PRDE,actvstrat=,-1.000000, actvprof=,2.174227, id=,B16, PRDE,actvstrat=,-1.000000, actvprof=,2.225062, id=,B17, PRDE,actvstrat=,0.171901, actvprof=,1.514487, id=,B18, PRDE,actvstrat=,0.749044, actvprof=,2.076724, id=,B19, PRDE,actvstrat=,-0.018913, actvprof=,1.453374, id=,B20, PRDE,actvstrat=,-0.235524, actvprof=,1.268924, id=,B21, PRDE,actvstrat=,1.000000, actvprof=,0.860579, id=,B22, PRDE,actvstrat=,-0.389094, actvprof=,1.458929, id=,B23, PRDE,actvstrat=,0.812904, actvprof=,1.985611, id=,B24, PRDE,actvstrat=,-0.250171, actvprof=,1.242535, id=,B25, PRDE,actvstrat=,1.000000, actvprof=,0.856690, id=,B26, PRDE,actvstrat=,-1.000000, actvprof=,2.297008, id=,B27, PRDE,actvstrat=,-0.918798, actvprof=,2.506736, id=,B28, PRDE,actvstrat=,1.000000, actvprof=,0.893636, id=,B29, PRDE,actvstrat=,0.379692, actvprof=,1.631156, id=,S00, PRDE,actvstrat=,0.701724, actvprof=,10.943637, id=,S01, PRDE,actvstrat=,-1.000000, actvprof=,10.582238, id=,S02, PRDE,actvstrat=,-1.000000, actvprof=,10.523348, id=,S03, PRDE,actvstrat=,0.914684, actvprof=,12.369232, id=,S04, PRDE,actvstrat=,1.000000, actvprof=,12.383122, id=,S05, PRDE,actvstrat=,-1.000000, actvprof=,10.746410, id=,S06, PRDE,actvstrat=,0.417872, actvprof=,9.569988, id=,S07, PRDE,actvstrat=,-1.000000, actvprof=,10.843912, id=,S08, PRDE,actvstrat=,0.375423, actvprof=,9.747215, id=,S09, PRDE,actvstrat=,0.044832, actvprof=,7.802995, id=,S10, PRDE,actvstrat=,1.000000, actvprof=,12.525070, id=,S11, PRDE,actvstrat=,-0.539585, actvprof=,4.989305, id=,S12, PRDE,actvstrat=,1.000000, actvprof=,12.318120, id=,S13, PRDE,actvstrat=,-0.340208, actvprof=,5.652935, id=,S14, PRDE,actvstrat=,-0.758329, actvprof=,4.108725, id=,S15, PRDE,actvstrat=,-0.330376, actvprof=,4.871802, id=,S16, PRDE,actvstrat=,0.000875, actvprof=,7.850218, id=,S17, PRDE,actvstrat=,-0.344674, actvprof=,4.560682, id=,S18, PRDE,actvstrat=,1.000000, actvprof=,12.222562, id=,S19, PRDE,actvstrat=,1.000000, actvprof=,12.408956, id=,S20, PRDE,actvstrat=,0.226399, actvprof=,8.696353, id=,S21, PRDE,actvstrat=,-0.744277, actvprof=,4.035112, id=,S22, PRDE,actvstrat=,-0.984610, actvprof=,4.373177, id=,S23, PRDE,actvstrat=,-0.269819, actvprof=,5.439873, id=,S24, PRDE,actvstrat=,-0.621028, actvprof=,4.698464, id=,S25, PRDE,actvstrat=,0.684686, actvprof=,11.435595, id=,S26, PRDE,actvstrat=,-0.387799, actvprof=,5.065141, id=,S27, PRDE,actvstrat=,-0.674508, actvprof=,4.711520, id=,S28, PRDE,actvstrat=,0.915916, actvprof=,12.105892, id=,S29, PRDE,actvstrat=,0.580287, actvprof=,10.495014, best_B_id=,B27, best_B_prof=,2.506736, best_B_strat=,-0.918798, best_S_id=,S10, best_S_prof=,12.525070, best_S_strat=,1.000000, 
t=,28800, id=,B00, PRDE,actvstrat=,0.958161, actvprof=,1.271823, id=,B01, PRDE,actvstrat=,-0.714055, actvprof=,2.101001, id=,B02, PRDE,actvstrat=,0.389402, actvprof=,1.696274, id=,B03, PRDE,actvstrat=,1.000000, actvprof=,0.909040, id=,B04, PRDE,actvstrat=,0.097247, actvprof=,1.487937, id=,B05, PRDE,actvstrat=,-0.118845, actvprof=,1.439326, id=,B06, PRDE,actvstrat=,1.000000, actvprof=,0.923068, id=,B07, PRDE,actvstrat=,-1.000000, actvprof=,2.215170, id=,B08, PRDE,actvstrat=,0.253831, actvprof=,1.629050, id=,B09, PRDE,actvstrat=,-1.000000, actvprof=,2.274198, id=,B10, PRDE,actvstrat=,-0.595029, actvprof=,1.615439, id=,B11, PRDE,actvstrat=,-1.000000, actvprof=,2.237253, id=,B12, PRDE,actvstrat=,-0.459507, actvprof=,1.331685, id=,B13, PRDE,actvstrat=,-1.000000, actvprof=,2.200308, id=,B14, PRDE,actvstrat=,-0.551963, actvprof=,1.426686, id=,B15, PRDE,actvstrat=,-1.000000, actvprof=,2.164475, id=,B16, PRDE,actvstrat=,-1.000000, actvprof=,2.133363, id=,B17, PRDE,actvstrat=,0.171901, actvprof=,1.502243, id=,B18, PRDE,actvstrat=,0.749044, actvprof=,2.009611, id=,B19, PRDE,actvstrat=,-0.018913, actvprof=,1.411547, id=,B20, PRDE,actvstrat=,-0.235524, actvprof=,1.167655, id=,B21, PRDE,actvstrat=,1.000000, actvprof=,0.878346, id=,B22, PRDE,actvstrat=,-0.389094, actvprof=,1.323491, id=,B23, PRDE,actvstrat=,0.812904, actvprof=,1.944194, id=,B24, PRDE,actvstrat=,-0.250171, actvprof=,1.169877, id=,B25, PRDE,actvstrat=,1.000000, actvprof=,0.888346, id=,B26, PRDE,actvstrat=,-1.000000, actvprof=,2.222670, id=,B27, PRDE,actvstrat=,-0.918798, actvprof=,2.576425, id=,B28, PRDE,actvstrat=,1.000000, actvprof=,0.840428, id=,B29, PRDE,actvstrat=,0.379692, actvprof=,1.666968, id=,S00, PRDE,actvstrat=,0.701724, actvprof=,11.025014, id=,S01, PRDE,actvstrat=,-1.000000, actvprof=,10.766538, id=,S02, PRDE,actvstrat=,-1.000000, actvprof=,10.636259, id=,S03, PRDE,actvstrat=,0.914684, actvprof=,12.400033, id=,S04, PRDE,actvstrat=,1.000000, actvprof=,12.427811, id=,S05, PRDE,actvstrat=,-1.000000, actvprof=,10.482229, id=,S06, PRDE,actvstrat=,0.417872, actvprof=,9.891526, id=,S07, PRDE,actvstrat=,-1.000000, actvprof=,10.749316, id=,S08, PRDE,actvstrat=,0.375423, actvprof=,9.666245, id=,S09, PRDE,actvstrat=,0.044832, actvprof=,7.837887, id=,S10, PRDE,actvstrat=,1.000000, actvprof=,12.449617, id=,S11, PRDE,actvstrat=,-0.539585, actvprof=,4.927013, id=,S12, PRDE,actvstrat=,1.000000, actvprof=,12.379200, id=,S13, PRDE,actvstrat=,-0.340208, actvprof=,5.440909, id=,S14, PRDE,actvstrat=,-0.758329, actvprof=,3.958111, id=,S15, PRDE,actvstrat=,-0.330376, actvprof=,4.818956, id=,S16, PRDE,actvstrat=,0.000875, actvprof=,7.648440, id=,S17, PRDE,actvstrat=,-0.344674, actvprof=,4.759094, id=,S18, PRDE,actvstrat=,1.000000, actvprof=,12.376422, id=,S19, PRDE,actvstrat=,1.000000, actvprof=,12.384200, id=,S20, PRDE,actvstrat=,0.226399, actvprof=,8.697343, id=,S21, PRDE,actvstrat=,-0.744277, actvprof=,3.998667, id=,S22, PRDE,actvstrat=,-0.984610, actvprof=,4.340060, id=,S23, PRDE,actvstrat=,-0.269819, actvprof=,5.498549, id=,S24, PRDE,actvstrat=,-0.621028, actvprof=,4.749788, id=,S25, PRDE,actvstrat=,0.684686, actvprof=,11.289462, id=,S26, PRDE,actvstrat=,-0.387799, actvprof=,4.965069, id=,S27, PRDE,actvstrat=,-0.674508, actvprof=,4.653537, id=,S28, PRDE,actvstrat=,0.915916, actvprof=,12.302810, id=,S29, PRDE,actvstrat=,0.580287, actvprof=,10.681815, best_B_id=,B27, best_B_prof=,2.576425, best_B_strat=,-0.918798, best_S_id=,S10, best_S_prof=,12.449617, best_S_strat=,1.000000, 
t=,32400, id=,B00, PRDE,actvstrat=,0.811480, actvprof=,1.652569, id=,B01, PRDE,actvstrat=,-0.714055, actvprof=,1.152548, id=,B02, PRDE,actvstrat=,-0.838530, actvprof=,1.730628, id=,B03, PRDE,actvstrat=,-0.114785, actvprof=,0.850035, id=,B04, PRDE,actvstrat=,0.097247, actvprof=,1.074489, id=,B05, PRDE,actvstrat=,0.490111, actvprof=,1.320888, id=,B06, PRDE,actvstrat=,0.366338, actvprof=,1.241163, id=,B07, PRDE,actvstrat=,-1.000000, actvprof=,2.161757, id=,B08, PRDE,actvstrat=,0.218975, actvprof=,1.144492, id=,B09, PRDE,actvstrat=,0.667369, actvprof=,1.467283, id=,B10, PRDE,actvstrat=,-0.595029, actvprof=,0.915871, id=,B11, PRDE,actvstrat=,-0.985392, actvprof=,1.913969, id=,B12, PRDE,actvstrat=,-0.477460, actvprof=,0.874759, id=,B13, PRDE,actvstrat=,-1.000000, actvprof=,2.109810, id=,B14, PRDE,actvstrat=,-0.551963, actvprof=,0.942817, id=,B15, PRDE,actvstrat=,-1.000000, actvprof=,2.179257, id=,B16, PRDE,actvstrat=,-1.000000, actvprof=,2.018695, id=,B17, PRDE,actvstrat=,-0.881505, actvprof=,2.252594, id=,B18, PRDE,actvstrat=,0.749044, actvprof=,1.483951, id=,B19, PRDE,actvstrat=,0.093651, actvprof=,1.003653, id=,B20, PRDE,actvstrat=,0.794544, actvprof=,1.473117, id=,B21, PRDE,actvstrat=,0.552107, actvprof=,1.463672, id=,B22, PRDE,actvstrat=,-0.389094, actvprof=,0.756143, id=,B23, PRDE,actvstrat=,0.812904, actvprof=,1.544231, id=,B24, PRDE,actvstrat=,-0.286031, actvprof=,0.881148, id=,B25, PRDE,actvstrat=,0.451550, actvprof=,1.313110, id=,B26, PRDE,actvstrat=,0.836703, actvprof=,1.552565, id=,B27, PRDE,actvstrat=,0.299750, actvprof=,1.109491, id=,B28, PRDE,actvstrat=,0.904783, actvprof=,1.345056, id=,B29, PRDE,actvstrat=,-0.700103, actvprof=,1.117547, id=,S00, PRDE,actvstrat=,0.107521, actvprof=,8.289234, id=,S01, PRDE,actvstrat=,-0.148288, actvprof=,6.166368, id=,S02, PRDE,actvstrat=,-0.114176, actvprof=,6.045530, id=,S03, PRDE,actvstrat=,-0.787515, actvprof=,3.463755, id=,S04, PRDE,actvstrat=,1.000000, actvprof=,12.583024, id=,S05, PRDE,actvstrat=,0.061038, actvprof=,7.963665, id=,S06, PRDE,actvstrat=,0.162065, actvprof=,8.227843, id=,S07, PRDE,actvstrat=,-1.000000, actvprof=,7.980610, id=,S08, PRDE,actvstrat=,0.771082, actvprof=,11.803825, id=,S09, PRDE,actvstrat=,0.180063, actvprof=,8.262844, id=,S10, PRDE,actvstrat=,1.000000, actvprof=,12.588302, id=,S11, PRDE,actvstrat=,-0.539585, actvprof=,4.887148, id=,S12, PRDE,actvstrat=,1.000000, actvprof=,12.464408, id=,S13, PRDE,actvstrat=,-0.054833, actvprof=,6.871397, id=,S14, PRDE,actvstrat=,0.458147, actvprof=,9.910691, id=,S15, PRDE,actvstrat=,-0.340665, actvprof=,5.164382, id=,S16, PRDE,actvstrat=,-0.551559, actvprof=,4.897704, id=,S17, PRDE,actvstrat=,-0.703943, actvprof=,4.048780, id=,S18, PRDE,actvstrat=,0.026232, actvprof=,7.994222, id=,S19, PRDE,actvstrat=,-0.109668, actvprof=,6.701946, id=,S20, PRDE,actvstrat=,0.013876, actvprof=,7.471422, id=,S21, PRDE,actvstrat=,-0.753061, actvprof=,3.664319, id=,S22, PRDE,actvstrat=,0.477526, actvprof=,10.157090, id=,S23, PRDE,actvstrat=,0.156157, actvprof=,8.141173, id=,S24, PRDE,actvstrat=,-0.860423, actvprof=,1.672292, id=,S25, PRDE,actvstrat=,0.455228, actvprof=,9.970693, id=,S26, PRDE,actvstrat=,-0.387799, actvprof=,5.145770, id=,S27, PRDE,actvstrat=,-0.814346, actvprof=,2.878453, id=,S28, PRDE,actvstrat=,0.915916, actvprof=,12.753031, id=,S29, PRDE,actvstrat=,-0.132614, actvprof=,6.416101, best_B_id=,B17, best_B_prof=,2.252594, best_B_strat=,-0.881505, best_S_id=,S28, best_S_prof=,12.753031, best_S_strat=,0.915916, 
t=,36000, id=,B00, PRDE,actvstrat=,0.811480, actvprof=,1.599617, id=,B01, PRDE,actvstrat=,-0.714055, actvprof=,1.113079, id=,B02, PRDE,actvstrat=,-0.838530, actvprof=,1.783787, id=,B03, PRDE,actvstrat=,-0.114785, actvprof=,0.840434, id=,B04, PRDE,actvstrat=,0.097247, actvprof=,1.092106, id=,B05, PRDE,actvstrat=,0.490111, actvprof=,1.264610, id=,B06, PRDE,actvstrat=,0.366338, actvprof=,1.279054, id=,B07, PRDE,actvstrat=,-1.000000, actvprof=,2.099905, id=,B08, PRDE,actvstrat=,0.218975, actvprof=,1.126829, id=,B09, PRDE,actvstrat=,0.667369, actvprof=,1.464197, id=,B10, PRDE,actvstrat=,-0.595029, actvprof=,0.935714, id=,B11, PRDE,actvstrat=,-0.985392, actvprof=,1.907401, id=,B12, PRDE,actvstrat=,-0.477460, actvprof=,0.840156, id=,B13, PRDE,actvstrat=,-1.000000, actvprof=,2.061987, id=,B14, PRDE,actvstrat=,-0.551963, actvprof=,0.947520, id=,B15, PRDE,actvstrat=,-1.000000, actvprof=,2.105183, id=,B16, PRDE,actvstrat=,-1.000000, actvprof=,2.038376, id=,B17, PRDE,actvstrat=,-0.881505, actvprof=,2.229908, id=,B18, PRDE,actvstrat=,0.749044, actvprof=,1.562533, id=,B19, PRDE,actvstrat=,0.093651, actvprof=,0.947659, id=,B20, PRDE,actvstrat=,0.794544, actvprof=,1.545449, id=,B21, PRDE,actvstrat=,0.552107, actvprof=,1.486420, id=,B22, PRDE,actvstrat=,-0.389094, actvprof=,0.779877, id=,B23, PRDE,actvstrat=,0.812904, actvprof=,1.537810, id=,B24, PRDE,actvstrat=,-0.286031, actvprof=,0.820156, id=,B25, PRDE,actvstrat=,0.451550, actvprof=,1.331417, id=,B26, PRDE,actvstrat=,0.836703, actvprof=,1.528782, id=,B27, PRDE,actvstrat=,0.299750, actvprof=,1.166413, id=,B28, PRDE,actvstrat=,0.904783, actvprof=,1.352528, id=,B29, PRDE,actvstrat=,-0.700103, actvprof=,1.076411, id=,S00, PRDE,actvstrat=,0.107521, actvprof=,8.472538, id=,S01, PRDE,actvstrat=,-0.148288, actvprof=,6.042348, id=,S02, PRDE,actvstrat=,-0.114176, actvprof=,5.950263, id=,S03, PRDE,actvstrat=,-0.787515, actvprof=,3.185483, id=,S04, PRDE,actvstrat=,1.000000, actvprof=,12.645263, id=,S05, PRDE,actvstrat=,0.061038, actvprof=,8.038223, id=,S06, PRDE,actvstrat=,0.162065, actvprof=,8.218505, id=,S07, PRDE,actvstrat=,-1.000000, actvprof=,7.993500, id=,S08, PRDE,actvstrat=,0.771082, actvprof=,11.889831, id=,S09, PRDE,actvstrat=,0.180063, actvprof=,8.507816, id=,S10, PRDE,actvstrat=,1.000000, actvprof=,12.663736, id=,S11, PRDE,actvstrat=,-0.539585, actvprof=,4.901074, id=,S12, PRDE,actvstrat=,1.000000, actvprof=,12.633458, id=,S13, PRDE,actvstrat=,-0.054833, actvprof=,6.981395, id=,S14, PRDE,actvstrat=,0.458147, actvprof=,10.075904, id=,S15, PRDE,actvstrat=,-0.340665, actvprof=,5.126912, id=,S16, PRDE,actvstrat=,-0.551559, actvprof=,4.973854, id=,S17, PRDE,actvstrat=,-0.703943, actvprof=,4.316201, id=,S18, PRDE,actvstrat=,0.026232, actvprof=,7.838497, id=,S19, PRDE,actvstrat=,-0.109668, actvprof=,6.488052, id=,S20, PRDE,actvstrat=,0.013876, actvprof=,7.685299, id=,S21, PRDE,actvstrat=,-0.753061, actvprof=,3.763828, id=,S22, PRDE,actvstrat=,0.477526, actvprof=,10.214657, id=,S23, PRDE,actvstrat=,0.156157, actvprof=,8.356146, id=,S24, PRDE,actvstrat=,-0.860423, actvprof=,1.765315, id=,S25, PRDE,actvstrat=,0.455228, actvprof=,9.916595, id=,S26, PRDE,actvstrat=,-0.387799, actvprof=,5.115801, id=,S27, PRDE,actvstrat=,-0.814346, actvprof=,2.802975, id=,S28, PRDE,actvstrat=,0.915916, actvprof=,12.708320, id=,S29, PRDE,actvstrat=,-0.132614, actvprof=,6.412911, best_B_id=,B17, best_B_prof=,2.229908, best_B_strat=,-0.881505, best_S_id=,S28, best_S_prof=,12.708320, best_S_strat=,0.915916, 
t=,39600, id=,B00, PRDE,actvstrat=,-1.000000, actvprof=,2.563198, id=,B01, PRDE,actvstrat=,1.000000, actvprof=,1.212012, id=,B02, PRDE,actvstrat=,0.389402, actvprof=,1.779266, id=,B03, PRDE,actvstrat=,0.799277, actvprof=,1.957609, id=,B04, PRDE,actvstrat=,0.841830, actvprof=,2.138730, id=,B05, PRDE,actvstrat=,0.225570, actvprof=,1.508695, id=,B06, PRDE,actvstrat=,0.162394, actvprof=,1.346741, id=,B07, PRDE,actvstrat=,-1.000000, actvprof=,2.486249, id=,B08, PRDE,actvstrat=,0.306387, actvprof=,1.567587, id=,B09, PRDE,actvstrat=,-0.342730, actvprof=,1.114229, id=,B10, PRDE,actvstrat=,1.000000, actvprof=,1.332852, id=,B11, PRDE,actvstrat=,-1.000000, actvprof=,2.505139, id=,B12, PRDE,actvstrat=,-0.195750, actvprof=,1.108117, id=,B13, PRDE,actvstrat=,1.000000, actvprof=,1.233402, id=,B14, PRDE,actvstrat=,-0.405847, actvprof=,1.189788, id=,B15, PRDE,actvstrat=,-0.364007, actvprof=,1.309795, id=,B16, PRDE,actvstrat=,-1.000000, actvprof=,2.440691, id=,B17, PRDE,actvstrat=,-0.507737, actvprof=,1.328963, id=,B18, PRDE,actvstrat=,-0.138412, actvprof=,1.173676, id=,B19, PRDE,actvstrat=,-0.783708, actvprof=,1.838991, id=,B20, PRDE,actvstrat=,-0.561685, actvprof=,1.146730, id=,B21, PRDE,actvstrat=,0.633019, actvprof=,1.894272, id=,B22, PRDE,actvstrat=,-0.670626, actvprof=,1.257570, id=,B23, PRDE,actvstrat=,0.641498, actvprof=,2.024557, id=,B24, PRDE,actvstrat=,-0.286192, actvprof=,0.924774, id=,B25, PRDE,actvstrat=,0.388297, actvprof=,1.765654, id=,B26, PRDE,actvstrat=,-1.000000, actvprof=,2.591811, id=,B27, PRDE,actvstrat=,-0.711826, actvprof=,1.503972, id=,B28, PRDE,actvstrat=,-1.000000, actvprof=,2.482638, id=,B29, PRDE,actvstrat=,1.000000, actvprof=,1.163676, id=,S00, PRDE,actvstrat=,0.750555, actvprof=,11.379243, id=,S01, PRDE,actvstrat=,-1.000000, actvprof=,11.138397, id=,S02, PRDE,actvstrat=,-1.000000, actvprof=,11.237569, id=,S03, PRDE,actvstrat=,-0.798847, actvprof=,3.361298, id=,S04, PRDE,actvstrat=,-0.340510, actvprof=,4.789711, id=,S05, PRDE,actvstrat=,0.027536, actvprof=,7.338741, id=,S06, PRDE,actvstrat=,0.403093, actvprof=,9.393300, id=,S07, PRDE,actvstrat=,-0.297699, actvprof=,4.896383, id=,S08, PRDE,actvstrat=,0.058895, actvprof=,7.877104, id=,S09, PRDE,actvstrat=,-1.000000, actvprof=,11.149231, id=,S10, PRDE,actvstrat=,1.000000, actvprof=,12.031780, id=,S11, PRDE,actvstrat=,-0.276864, actvprof=,5.198067, id=,S12, PRDE,actvstrat=,1.000000, actvprof=,12.024557, id=,S13, PRDE,actvstrat=,-0.924498, actvprof=,1.477304, id=,S14, PRDE,actvstrat=,-0.333783, actvprof=,4.581643, id=,S15, PRDE,actvstrat=,0.918015, actvprof=,11.818434, id=,S16, PRDE,actvstrat=,-0.783312, actvprof=,3.287683, id=,S17, PRDE,actvstrat=,-1.000000, actvprof=,11.262570, id=,S18, PRDE,actvstrat=,0.693120, actvprof=,10.856714, id=,S19, PRDE,actvstrat=,-0.909429, actvprof=,1.208123, id=,S20, PRDE,actvstrat=,0.438922, actvprof=,9.563865, id=,S21, PRDE,actvstrat=,-0.751304, actvprof=,3.408800, id=,S22, PRDE,actvstrat=,-1.000000, actvprof=,11.010889, id=,S23, PRDE,actvstrat=,0.205148, actvprof=,8.345741, id=,S24, PRDE,actvstrat=,0.851161, actvprof=,11.642036, id=,S25, PRDE,actvstrat=,-0.379295, actvprof=,4.945830, id=,S26, PRDE,actvstrat=,-1.000000, actvprof=,11.311740, id=,S27, PRDE,actvstrat=,-0.350617, actvprof=,4.847492, id=,S28, PRDE,actvstrat=,-0.978069, actvprof=,4.464137, id=,S29, PRDE,actvstrat=,0.009966, actvprof=,7.498194, best_B_id=,B26, best_B_prof=,2.591811, best_B_strat=,-1.000000, best_S_id=,S10, best_S_prof=,12.031780, best_S_strat=,1.000000, 
t=,43200, id=,B00, PRDE,actvstrat=,-1.000000, actvprof=,2.476591, id=,B01, PRDE,actvstrat=,1.000000, actvprof=,1.216698, id=,B02, PRDE,actvstrat=,0.389402, actvprof=,1.753378, id=,B03, PRDE,actvstrat=,0.799277, actvprof=,1.977967, id=,B04, PRDE,actvstrat=,0.841830, actvprof=,2.017829, id=,B05, PRDE,actvstrat=,0.225570, actvprof=,1.497677, id=,B06, PRDE,actvstrat=,0.162394, actvprof=,1.394758, id=,B07, PRDE,actvstrat=,-1.000000, actvprof=,2.468952, id=,B08, PRDE,actvstrat=,0.306387, actvprof=,1.550873, id=,B09, PRDE,actvstrat=,-0.342730, actvprof=,1.125029, id=,B10, PRDE,actvstrat=,1.000000, actvprof=,1.257949, id=,B11, PRDE,actvstrat=,-1.000000, actvprof=,2.421312, id=,B12, PRDE,actvstrat=,-0.195750, actvprof=,1.080305, id=,B13, PRDE,actvstrat=,1.000000, actvprof=,1.245448, id=,B14, PRDE,actvstrat=,-0.405847, actvprof=,1.040860, id=,B15, PRDE,actvstrat=,-0.364007, actvprof=,1.140307, id=,B16, PRDE,actvstrat=,-1.000000, actvprof=,2.420201, id=,B17, PRDE,actvstrat=,-0.507737, actvprof=,1.180863, id=,B18, PRDE,actvstrat=,-0.138412, actvprof=,1.152113, id=,B19, PRDE,actvstrat=,-0.783708, actvprof=,1.882965, id=,B20, PRDE,actvstrat=,-0.561685, actvprof=,1.133501, id=,B21, PRDE,actvstrat=,0.633019, actvprof=,1.872131, id=,B22, PRDE,actvstrat=,-0.670626, actvprof=,1.214059, id=,B23, PRDE,actvstrat=,0.641498, actvprof=,1.883242, id=,B24, PRDE,actvstrat=,-0.286192, actvprof=,1.041415, id=,B25, PRDE,actvstrat=,0.388297, actvprof=,1.669626, id=,B26, PRDE,actvstrat=,-1.000000, actvprof=,2.518536, id=,B27, PRDE,actvstrat=,-0.711826, actvprof=,1.539067, id=,B28, PRDE,actvstrat=,-1.000000, actvprof=,2.464229, id=,B29, PRDE,actvstrat=,1.000000, actvprof=,1.158085, id=,S00, PRDE,actvstrat=,0.750555, actvprof=,11.251120, id=,S01, PRDE,actvstrat=,-1.000000, actvprof=,11.149173, id=,S02, PRDE,actvstrat=,-1.000000, actvprof=,11.195424, id=,S03, PRDE,actvstrat=,-0.798847, actvprof=,3.261055, id=,S04, PRDE,actvstrat=,-0.340510, actvprof=,4.912903, id=,S05, PRDE,actvstrat=,0.027536, actvprof=,7.060735, id=,S06, PRDE,actvstrat=,0.403093, actvprof=,9.188845, id=,S07, PRDE,actvstrat=,-0.297699, actvprof=,4.932487, id=,S08, PRDE,actvstrat=,0.058895, actvprof=,7.828255, id=,S09, PRDE,actvstrat=,-1.000000, actvprof=,11.322511, id=,S10, PRDE,actvstrat=,1.000000, actvprof=,12.088502, id=,S11, PRDE,actvstrat=,-0.276864, actvprof=,5.054851, id=,S12, PRDE,actvstrat=,1.000000, actvprof=,12.051557, id=,S13, PRDE,actvstrat=,-0.924498, actvprof=,1.255726, id=,S14, PRDE,actvstrat=,-0.333783, actvprof=,4.821373, id=,S15, PRDE,actvstrat=,0.918015, actvprof=,11.919192, id=,S16, PRDE,actvstrat=,-0.783312, actvprof=,3.403559, id=,S17, PRDE,actvstrat=,-1.000000, actvprof=,11.180979, id=,S18, PRDE,actvstrat=,0.693120, actvprof=,10.949168, id=,S19, PRDE,actvstrat=,-0.909429, actvprof=,1.453926, id=,S20, PRDE,actvstrat=,0.438922, actvprof=,9.527326, id=,S21, PRDE,actvstrat=,-0.751304, actvprof=,3.607314, id=,S22, PRDE,actvstrat=,-1.000000, actvprof=,11.080699, id=,S23, PRDE,actvstrat=,0.205148, actvprof=,8.111179, id=,S24, PRDE,actvstrat=,0.851161, actvprof=,11.888080, id=,S25, PRDE,actvstrat=,-0.379295, actvprof=,4.877485, id=,S26, PRDE,actvstrat=,-1.000000, actvprof=,11.348761, id=,S27, PRDE,actvstrat=,-0.350617, actvprof=,4.998600, id=,S28, PRDE,actvstrat=,-0.978069, actvprof=,4.423863, id=,S29, PRDE,actvstrat=,0.009966, actvprof=,7.477690, best_B_id=,B26, best_B_prof=,2.518536, best_B_strat=,-1.000000, best_S_id=,S10, best_S_prof=,12.088502, best_S_strat=,1.000000, 
t=,46800, id=,B00, PRDE,actvstrat=,-0.150714, actvprof=,1.841474, id=,B01, PRDE,actvstrat=,1.000000, actvprof=,1.361452, id=,B02, PRDE,actvstrat=,0.389402, actvprof=,2.336497, id=,B03, PRDE,actvstrat=,0.287250, actvprof=,2.250104, id=,B04, PRDE,actvstrat=,0.845912, actvprof=,2.342331, id=,B05, PRDE,actvstrat=,0.469024, actvprof=,2.432613, id=,B06, PRDE,actvstrat=,-0.633416, actvprof=,2.050650, id=,B07, PRDE,actvstrat=,-0.552289, actvprof=,1.966202, id=,B08, PRDE,actvstrat=,0.306387, actvprof=,2.215658, id=,B09, PRDE,actvstrat=,-1.000000, actvprof=,3.334043, id=,B10, PRDE,actvstrat=,-0.292366, actvprof=,1.827585, id=,B11, PRDE,actvstrat=,0.591482, actvprof=,2.463447, id=,B12, PRDE,actvstrat=,-0.195750, actvprof=,1.613686, id=,B13, PRDE,actvstrat=,0.656659, actvprof=,2.499838, id=,B14, PRDE,actvstrat=,-0.405847, actvprof=,1.710913, id=,B15, PRDE,actvstrat=,0.438388, actvprof=,2.492893, id=,B16, PRDE,actvstrat=,-1.000000, actvprof=,3.247928, id=,B17, PRDE,actvstrat=,0.069971, actvprof=,1.825918, id=,B18, PRDE,actvstrat=,-0.138412, actvprof=,1.756470, id=,B19, PRDE,actvstrat=,-0.896272, actvprof=,3.496273, id=,B20, PRDE,actvstrat=,-0.516862, actvprof=,1.932867, id=,B21, PRDE,actvstrat=,0.633019, actvprof=,2.429001, id=,B22, PRDE,actvstrat=,-0.653160, actvprof=,2.098430, id=,B23, PRDE,actvstrat=,0.925384, actvprof=,1.837029, id=,B24, PRDE,actvstrat=,-0.286833, actvprof=,1.728969, id=,B25, PRDE,actvstrat=,0.754437, actvprof=,2.439002, id=,B26, PRDE,actvstrat=,-1.000000, actvprof=,3.157091, id=,B27, PRDE,actvstrat=,-0.711826, actvprof=,2.691236, id=,B28, PRDE,actvstrat=,-0.499147, actvprof=,1.913700, id=,B29, PRDE,actvstrat=,1.000000, actvprof=,1.268948, id=,S00, PRDE,actvstrat=,0.488458, actvprof=,9.040696, id=,S01, PRDE,actvstrat=,-1.000000, actvprof=,10.007963, id=,S02, PRDE,actvstrat=,-0.461939, actvprof=,4.720219, id=,S03, PRDE,actvstrat=,-0.818993, actvprof=,2.411778, id=,S04, PRDE,actvstrat=,-0.679979, actvprof=,4.214640, id=,S05, PRDE,actvstrat=,-1.000000, actvprof=,10.677994, id=,S06, PRDE,actvstrat=,0.403093, actvprof=,8.620121, id=,S07, PRDE,actvstrat=,0.305438, actvprof=,8.095375, id=,S08, PRDE,actvstrat=,0.058895, actvprof=,6.844761, id=,S09, PRDE,actvstrat=,0.044832, actvprof=,6.829761, id=,S10, PRDE,actvstrat=,0.412183, actvprof=,8.470948, id=,S11, PRDE,actvstrat=,-0.648175, actvprof=,4.060744, id=,S12, PRDE,actvstrat=,0.920662, actvprof=,11.111903, id=,S13, PRDE,actvstrat=,-0.263661, actvprof=,4.821334, id=,S14, PRDE,actvstrat=,-0.111598, actvprof=,5.503588, id=,S15, PRDE,actvstrat=,0.918015, actvprof=,11.218575, id=,S16, PRDE,actvstrat=,-0.783312, actvprof=,2.584842, id=,S17, PRDE,actvstrat=,-0.554288, actvprof=,4.340479, id=,S18, PRDE,actvstrat=,0.369626, actvprof=,8.706514, id=,S19, PRDE,actvstrat=,1.000000, actvprof=,11.138016, id=,S20, PRDE,actvstrat=,0.438922, actvprof=,8.883467, id=,S21, PRDE,actvstrat=,-0.751304, actvprof=,3.309320, id=,S22, PRDE,actvstrat=,-1.000000, actvprof=,10.576879, id=,S23, PRDE,actvstrat=,0.205148, actvprof=,7.831474, id=,S24, PRDE,actvstrat=,0.851161, actvprof=,11.230798, id=,S25, PRDE,actvstrat=,0.684686, actvprof=,10.284921, id=,S26, PRDE,actvstrat=,-0.989582, actvprof=,6.766424, id=,S27, PRDE,actvstrat=,0.767893, actvprof=,10.714385, id=,S28, PRDE,actvstrat=,0.750610, actvprof=,10.616047, id=,S29, PRDE,actvstrat=,0.150783, actvprof=,7.528682, best_B_id=,B19, best_B_prof=,3.496273, best_B_strat=,-0.896272, best_S_id=,S24, best_S_prof=,11.230798, best_S_strat=,0.851161, 
t=,50400, id=,B00, PRDE,actvstrat=,-0.150714, actvprof=,1.886567, id=,B01, PRDE,actvstrat=,1.000000, actvprof=,1.363778, id=,B02, PRDE,actvstrat=,0.389402, actvprof=,2.403245, id=,B03, PRDE,actvstrat=,0.287250, actvprof=,2.220463, id=,B04, PRDE,actvstrat=,0.845912, actvprof=,2.294214, id=,B05, PRDE,actvstrat=,0.469024, actvprof=,2.426301, id=,B06, PRDE,actvstrat=,-0.633416, actvprof=,2.183934, id=,B07, PRDE,actvstrat=,-0.552289, actvprof=,2.006570, id=,B08, PRDE,actvstrat=,0.306387, actvprof=,2.175601, id=,B09, PRDE,actvstrat=,-1.000000, actvprof=,3.342153, id=,B10, PRDE,actvstrat=,-0.292366, actvprof=,1.759759, id=,B11, PRDE,actvstrat=,0.591482, actvprof=,2.460329, id=,B12, PRDE,actvstrat=,-0.195750, actvprof=,1.731147, id=,B13, PRDE,actvstrat=,0.656659, actvprof=,2.455051, id=,B14, PRDE,actvstrat=,-0.405847, actvprof=,1.670035, id=,B15, PRDE,actvstrat=,0.438388, actvprof=,2.414078, id=,B16, PRDE,actvstrat=,-1.000000, actvprof=,3.308680, id=,B17, PRDE,actvstrat=,0.069971, actvprof=,1.911290, id=,B18, PRDE,actvstrat=,-0.138412, actvprof=,1.784621, id=,B19, PRDE,actvstrat=,-0.896272, actvprof=,3.506462, id=,B20, PRDE,actvstrat=,-0.516862, actvprof=,1.880317, id=,B21, PRDE,actvstrat=,0.633019, actvprof=,2.458662, id=,B22, PRDE,actvstrat=,-0.653160, actvprof=,2.211018, id=,B23, PRDE,actvstrat=,0.925384, actvprof=,1.863789, id=,B24, PRDE,actvstrat=,-0.286833, actvprof=,1.684063, id=,B25, PRDE,actvstrat=,0.754437, actvprof=,2.485052, id=,B26, PRDE,actvstrat=,-1.000000, actvprof=,3.201178, id=,B27, PRDE,actvstrat=,-0.711826, actvprof=,2.489913, id=,B28, PRDE,actvstrat=,-0.499147, actvprof=,1.847677, id=,B29, PRDE,actvstrat=,1.000000, actvprof=,1.281554, id=,S00, PRDE,actvstrat=,0.488458, actvprof=,9.329639, id=,S01, PRDE,actvstrat=,-1.000000, actvprof=,10.192157, id=,S02, PRDE,actvstrat=,-0.461939, actvprof=,4.563012, id=,S03, PRDE,actvstrat=,-0.818993, actvprof=,2.337826, id=,S04, PRDE,actvstrat=,-0.679979, actvprof=,3.810774, id=,S05, PRDE,actvstrat=,-1.000000, actvprof=,10.399522, id=,S06, PRDE,actvstrat=,0.403093, actvprof=,8.699765, id=,S07, PRDE,actvstrat=,0.305438, actvprof=,8.137253, id=,S08, PRDE,actvstrat=,0.058895, actvprof=,6.828198, id=,S09, PRDE,actvstrat=,0.044832, actvprof=,6.708751, id=,S10, PRDE,actvstrat=,0.412183, actvprof=,8.656291, id=,S11, PRDE,actvstrat=,-0.648175, actvprof=,4.072724, id=,S12, PRDE,actvstrat=,0.920662, actvprof=,11.220234, id=,S13, PRDE,actvstrat=,-0.263661, actvprof=,4.718709, id=,S14, PRDE,actvstrat=,-0.111598, actvprof=,5.421641, id=,S15, PRDE,actvstrat=,0.918015, actvprof=,11.273707, id=,S16, PRDE,actvstrat=,-0.783312, actvprof=,2.823531, id=,S17, PRDE,actvstrat=,-0.554288, actvprof=,4.402314, id=,S18, PRDE,actvstrat=,0.369626, actvprof=,8.589485, id=,S19, PRDE,actvstrat=,1.000000, actvprof=,11.161066, id=,S20, PRDE,actvstrat=,0.438922, actvprof=,8.818378, id=,S21, PRDE,actvstrat=,-0.751304, actvprof=,3.174511, id=,S22, PRDE,actvstrat=,-1.000000, actvprof=,10.417300, id=,S23, PRDE,actvstrat=,0.205148, actvprof=,7.879747, id=,S24, PRDE,actvstrat=,0.851161, actvprof=,11.199261, id=,S25, PRDE,actvstrat=,0.684686, actvprof=,10.200351, id=,S26, PRDE,actvstrat=,-0.989582, actvprof=,6.897644, id=,S27, PRDE,actvstrat=,0.767893, actvprof=,10.803836, id=,S28, PRDE,actvstrat=,0.750610, actvprof=,10.660222, id=,S29, PRDE,actvstrat=,0.150783, actvprof=,7.634187, best_B_id=,B19, best_B_prof=,3.506462, best_B_strat=,-0.896272, best_S_id=,S15, best_S_prof=,11.273707, best_S_strat=,0.918015, 
t=,54000, id=,B00, PRDE,actvstrat=,1.000000, actvprof=,1.158403, id=,B01, PRDE,actvstrat=,1.000000, actvprof=,1.249242, id=,B02, PRDE,actvstrat=,-1.000000, actvprof=,3.241584, id=,B03, PRDE,actvstrat=,1.000000, actvprof=,1.189238, id=,B04, PRDE,actvstrat=,0.845912, actvprof=,2.214300, id=,B05, PRDE,actvstrat=,0.030808, actvprof=,2.032622, id=,B06, PRDE,actvstrat=,-0.276973, actvprof=,2.167908, id=,B07, PRDE,actvstrat=,-1.000000, actvprof=,3.414928, id=,B08, PRDE,actvstrat=,0.281716, actvprof=,2.468204, id=,B09, PRDE,actvstrat=,0.183087, actvprof=,2.329585, id=,B10, PRDE,actvstrat=,0.448787, actvprof=,2.300416, id=,B11, PRDE,actvstrat=,-1.000000, actvprof=,3.281309, id=,B12, PRDE,actvstrat=,-0.477460, actvprof=,1.986508, id=,B13, PRDE,actvstrat=,-0.147341, actvprof=,1.964285, id=,B14, PRDE,actvstrat=,0.557589, actvprof=,2.679884, id=,B15, PRDE,actvstrat=,0.192311, actvprof=,2.118739, id=,B16, PRDE,actvstrat=,0.168556, actvprof=,2.261525, id=,B17, PRDE,actvstrat=,0.237135, actvprof=,2.401256, id=,B18, PRDE,actvstrat=,-0.736567, actvprof=,3.112965, id=,B19, PRDE,actvstrat=,-0.896272, actvprof=,3.922458, id=,B20, PRDE,actvstrat=,-0.798456, actvprof=,3.430206, id=,B21, PRDE,actvstrat=,1.000000, actvprof=,1.096177, id=,B22, PRDE,actvstrat=,-0.385396, actvprof=,2.115127, id=,B23, PRDE,actvstrat=,-0.277677, actvprof=,2.020677, id=,B24, PRDE,actvstrat=,-0.213637, actvprof=,2.072069, id=,B25, PRDE,actvstrat=,0.278464, actvprof=,2.333196, id=,B26, PRDE,actvstrat=,-0.818339, actvprof=,3.496877, id=,B27, PRDE,actvstrat=,-0.711826, actvprof=,2.911564, id=,B28, PRDE,actvstrat=,0.816281, actvprof=,2.542375, id=,B29, PRDE,actvstrat=,-0.497665, actvprof=,2.361531, id=,S00, PRDE,actvstrat=,0.413168, actvprof=,8.528847, id=,S01, PRDE,actvstrat=,-1.000000, actvprof=,9.949488, id=,S02, PRDE,actvstrat=,0.543212, actvprof=,9.347507, id=,S03, PRDE,actvstrat=,1.000000, actvprof=,11.087334, id=,S04, PRDE,actvstrat=,1.000000, actvprof=,11.160672, id=,S05, PRDE,actvstrat=,-0.794493, actvprof=,2.992680, id=,S06, PRDE,actvstrat=,1.000000, actvprof=,11.203730, id=,S07, PRDE,actvstrat=,-1.000000, actvprof=,9.620301, id=,S08, PRDE,actvstrat=,0.063909, actvprof=,6.908194, id=,S09, PRDE,actvstrat=,1.000000, actvprof=,11.160116, id=,S10, PRDE,actvstrat=,1.000000, actvprof=,11.021774, id=,S11, PRDE,actvstrat=,-0.385455, actvprof=,4.271090, id=,S12, PRDE,actvstrat=,1.000000, actvprof=,11.395964, id=,S13, PRDE,actvstrat=,-0.715670, actvprof=,3.994685, id=,S14, PRDE,actvstrat=,0.235961, actvprof=,7.938256, id=,S15, PRDE,actvstrat=,0.947372, actvprof=,11.317070, id=,S16, PRDE,actvstrat=,0.553310, actvprof=,9.729474, id=,S17, PRDE,actvstrat=,-1.000000, actvprof=,10.290342, id=,S18, PRDE,actvstrat=,0.951915, actvprof=,11.043165, id=,S19, PRDE,actvstrat=,1.000000, actvprof=,11.165950, id=,S20, PRDE,actvstrat=,-0.193764, actvprof=,5.129753, id=,S21, PRDE,actvstrat=,-0.966191, actvprof=,3.564103, id=,S22, PRDE,actvstrat=,-0.569535, actvprof=,4.332205, id=,S23, PRDE,actvstrat=,0.288699, actvprof=,7.955757, id=,S24, PRDE,actvstrat=,-0.714507, actvprof=,3.797729, id=,S25, PRDE,actvstrat=,-0.195728, actvprof=,5.534500, id=,S26, PRDE,actvstrat=,-0.398217, actvprof=,4.501938, id=,S27, PRDE,actvstrat=,-0.557335, actvprof=,4.095246, id=,S28, PRDE,actvstrat=,-1.000000, actvprof=,9.901151, id=,S29, PRDE,actvstrat=,0.264847, actvprof=,7.982425, best_B_id=,B19, best_B_prof=,3.922458, best_B_strat=,-0.896272, best_S_id=,S12, best_S_prof=,11.395964, best_S_strat=,1.000000, 
t=,57600, id=,B00, PRDE,actvstrat=,1.000000, actvprof=,1.184616, id=,B01, PRDE,actvstrat=,1.000000, actvprof=,1.194061, id=,B02, PRDE,actvstrat=,-1.000000, actvprof=,3.289952, id=,B03, PRDE,actvstrat=,1.000000, actvprof=,1.198367, id=,B04, PRDE,actvstrat=,0.845912, actvprof=,2.296592, id=,B05, PRDE,actvstrat=,0.030808, actvprof=,2.038251, id=,B06, PRDE,actvstrat=,-0.276973, actvprof=,2.164643, id=,B07, PRDE,actvstrat=,-1.000000, actvprof=,3.439123, id=,B08, PRDE,actvstrat=,0.281716, actvprof=,2.387705, id=,B09, PRDE,actvstrat=,0.183087, actvprof=,2.282147, id=,B10, PRDE,actvstrat=,0.448787, actvprof=,2.417289, id=,B11, PRDE,actvstrat=,-1.000000, actvprof=,3.387733, id=,B12, PRDE,actvstrat=,-0.477460, actvprof=,2.086030, id=,B13, PRDE,actvstrat=,-0.147341, actvprof=,2.010611, id=,B14, PRDE,actvstrat=,0.557589, actvprof=,2.599100, id=,B15, PRDE,actvstrat=,0.192311, actvprof=,2.150476, id=,B16, PRDE,actvstrat=,0.168556, actvprof=,2.230340, id=,B17, PRDE,actvstrat=,0.237135, actvprof=,2.332704, id=,B18, PRDE,actvstrat=,-0.736567, actvprof=,3.041473, id=,B19, PRDE,actvstrat=,-0.896272, actvprof=,4.007334, id=,B20, PRDE,actvstrat=,-0.798456, actvprof=,3.498569, id=,B21, PRDE,actvstrat=,1.000000, actvprof=,1.163227, id=,B22, PRDE,actvstrat=,-0.385396, actvprof=,2.103114, id=,B23, PRDE,actvstrat=,-0.277677, actvprof=,2.026167, id=,B24, PRDE,actvstrat=,-0.213637, actvprof=,2.068530, id=,B25, PRDE,actvstrat=,0.278464, actvprof=,2.389372, id=,B26, PRDE,actvstrat=,-0.818339, actvprof=,3.548710, id=,B27, PRDE,actvstrat=,-0.711826, actvprof=,2.904525, id=,B28, PRDE,actvstrat=,0.816281, actvprof=,2.561877, id=,B29, PRDE,actvstrat=,-0.497665, actvprof=,2.366316, id=,S00, PRDE,actvstrat=,0.413168, actvprof=,8.570377, id=,S01, PRDE,actvstrat=,-1.000000, actvprof=,9.979999, id=,S02, PRDE,actvstrat=,0.543212, actvprof=,9.300814, id=,S03, PRDE,actvstrat=,1.000000, actvprof=,10.970860, id=,S04, PRDE,actvstrat=,1.000000, actvprof=,11.228367, id=,S05, PRDE,actvstrat=,-0.794493, actvprof=,2.861329, id=,S06, PRDE,actvstrat=,1.000000, actvprof=,11.163782, id=,S07, PRDE,actvstrat=,-1.000000, actvprof=,9.827356, id=,S08, PRDE,actvstrat=,0.063909, actvprof=,7.117837, id=,S09, PRDE,actvstrat=,1.000000, actvprof=,11.022945, id=,S10, PRDE,actvstrat=,1.000000, actvprof=,11.114337, id=,S11, PRDE,actvstrat=,-0.385455, actvprof=,4.313453, id=,S12, PRDE,actvstrat=,1.000000, actvprof=,11.242673, id=,S13, PRDE,actvstrat=,-0.715670, actvprof=,3.951915, id=,S14, PRDE,actvstrat=,0.235961, actvprof=,8.021056, id=,S15, PRDE,actvstrat=,0.947372, actvprof=,11.151838, id=,S16, PRDE,actvstrat=,0.553310, actvprof=,9.666657, id=,S17, PRDE,actvstrat=,-1.000000, actvprof=,9.986389, id=,S18, PRDE,actvstrat=,0.951915, actvprof=,11.088641, id=,S19, PRDE,actvstrat=,1.000000, actvprof=,11.201700, id=,S20, PRDE,actvstrat=,-0.193764, actvprof=,5.090558, id=,S21, PRDE,actvstrat=,-0.966191, actvprof=,3.279536, id=,S22, PRDE,actvstrat=,-0.569535, actvprof=,4.219284, id=,S23, PRDE,actvstrat=,0.288699, actvprof=,8.020778, id=,S24, PRDE,actvstrat=,-0.714507, actvprof=,3.793022, id=,S25, PRDE,actvstrat=,-0.195728, actvprof=,5.115142, id=,S26, PRDE,actvstrat=,-0.398217, actvprof=,4.338593, id=,S27, PRDE,actvstrat=,-0.557335, actvprof=,4.265535, id=,S28, PRDE,actvstrat=,-1.000000, actvprof=,9.785133, id=,S29, PRDE,actvstrat=,0.264847, actvprof=,7.794244, best_B_id=,B19, best_B_prof=,4.007334, best_B_strat=,-0.896272, best_S_id=,S12, best_S_prof=,11.242673, best_S_strat=,1.000000, 
t=,61200, id=,B00, PRDE,actvstrat=,1.000000, actvprof=,1.487319, id=,B01, PRDE,actvstrat=,0.557543, actvprof=,2.701286, id=,B02, PRDE,actvstrat=,0.039976, actvprof=,1.989296, id=,B03, PRDE,actvstrat=,0.230641, actvprof=,2.275147, id=,B04, PRDE,actvstrat=,0.841830, actvprof=,2.447659, id=,B05, PRDE,actvstrat=,-0.118845, actvprof=,1.991796, id=,B06, PRDE,actvstrat=,0.162394, actvprof=,2.174585, id=,B07, PRDE,actvstrat=,-1.000000, actvprof=,3.587733, id=,B08, PRDE,actvstrat=,0.253831, actvprof=,2.359875, id=,B09, PRDE,actvstrat=,-0.315156, actvprof=,1.957071, id=,B10, PRDE,actvstrat=,0.937619, actvprof=,2.130138, id=,B11, PRDE,actvstrat=,-1.000000, actvprof=,3.615234, id=,B12, PRDE,actvstrat=,0.747074, actvprof=,2.701286, id=,B13, PRDE,actvstrat=,-0.913219, actvprof=,4.019149, id=,B14, PRDE,actvstrat=,0.557589, actvprof=,2.742122, id=,B15, PRDE,actvstrat=,-0.096600, actvprof=,2.102914, id=,B16, PRDE,actvstrat=,0.772364, actvprof=,2.791570, id=,B17, PRDE,actvstrat=,-0.589280, actvprof=,2.154584, id=,B18, PRDE,actvstrat=,-0.589960, actvprof=,2.341263, id=,B19, PRDE,actvstrat=,-0.861968, actvprof=,3.571343, id=,B20, PRDE,actvstrat=,0.442872, actvprof=,2.623226, id=,B21, PRDE,actvstrat=,-0.559973, actvprof=,2.247368, id=,B22, PRDE,actvstrat=,-0.670626, actvprof=,2.502940, id=,B23, PRDE,actvstrat=,0.641498, actvprof=,2.754623, id=,B24, PRDE,actvstrat=,-0.250171, actvprof=,1.988184, id=,B25, PRDE,actvstrat=,0.278464, actvprof=,2.211532, id=,B26, PRDE,actvstrat=,-0.477234, actvprof=,1.968183, id=,B27, PRDE,actvstrat=,-0.918798, actvprof=,3.866362, id=,B28, PRDE,actvstrat=,0.696609, actvprof=,2.618503, id=,B29, PRDE,actvstrat=,-0.137775, actvprof=,2.006797, id=,S00, PRDE,actvstrat=,0.701724, actvprof=,10.144824, id=,S01, PRDE,actvstrat=,-1.000000, actvprof=,9.542563, id=,S02, PRDE,actvstrat=,0.929015, actvprof=,11.068495, id=,S03, PRDE,actvstrat=,-0.798847, actvprof=,2.584612, id=,S04, PRDE,actvstrat=,1.000000, actvprof=,10.834313, id=,S05, PRDE,actvstrat=,-1.000000, actvprof=,9.573676, id=,S06, PRDE,actvstrat=,1.000000, actvprof=,10.950988, id=,S07, PRDE,actvstrat=,-0.297699, actvprof=,4.466956, id=,S08, PRDE,actvstrat=,0.350353, actvprof=,8.068856, id=,S09, PRDE,actvstrat=,-1.000000, actvprof=,9.967035, id=,S10, PRDE,actvstrat=,0.881515, actvprof=,10.996824, id=,S11, PRDE,actvstrat=,-0.276864, actvprof=,4.426676, id=,S12, PRDE,actvstrat=,-0.197107, actvprof=,4.555295, id=,S13, PRDE,actvstrat=,-0.054833, actvprof=,5.664256, id=,S14, PRDE,actvstrat=,0.458147, actvprof=,8.572778, id=,S15, PRDE,actvstrat=,0.947372, actvprof=,10.792922, id=,S16, PRDE,actvstrat=,-0.051149, actvprof=,5.275620, id=,S17, PRDE,actvstrat=,-1.000000, actvprof=,9.531729, id=,S18, PRDE,actvstrat=,0.753227, actvprof=,10.401230, id=,S19, PRDE,actvstrat=,1.000000, actvprof=,11.010158, id=,S20, PRDE,actvstrat=,-0.193764, actvprof=,4.670858, id=,S21, PRDE,actvstrat=,-0.640311, actvprof=,3.888585, id=,S22, PRDE,actvstrat=,-0.160926, actvprof=,4.758364, id=,S23, PRDE,actvstrat=,0.288699, actvprof=,7.597159, id=,S24, PRDE,actvstrat=,0.851161, actvprof=,10.770143, id=,S25, PRDE,actvstrat=,0.252932, actvprof=,7.419648, id=,S26, PRDE,actvstrat=,0.175703, actvprof=,7.002954, id=,S27, PRDE,actvstrat=,-0.674508, actvprof=,3.819970, id=,S28, PRDE,actvstrat=,-1.000000, actvprof=,9.895086, id=,S29, PRDE,actvstrat=,0.009966, actvprof=,6.905170, best_B_id=,B13, best_B_prof=,4.019149, best_B_strat=,-0.913219, best_S_id=,S02, best_S_prof=,11.068495, best_S_strat=,0.929015, 
t=,64800, id=,B00, PRDE,actvstrat=,1.000000, actvprof=,1.604624, id=,B01, PRDE,actvstrat=,0.557543, actvprof=,2.698263, id=,B02, PRDE,actvstrat=,0.039976, actvprof=,2.024079, id=,B03, PRDE,actvstrat=,0.230641, actvprof=,2.301725, id=,B04, PRDE,actvstrat=,0.841830, actvprof=,2.518259, id=,B05, PRDE,actvstrat=,-0.118845, actvprof=,2.117971, id=,B06, PRDE,actvstrat=,0.162394, actvprof=,2.252835, id=,B07, PRDE,actvstrat=,-1.000000, actvprof=,3.632454, id=,B08, PRDE,actvstrat=,0.253831, actvprof=,2.353254, id=,B09, PRDE,actvstrat=,-0.315156, actvprof=,1.941577, id=,B10, PRDE,actvstrat=,0.937619, actvprof=,2.067969, id=,B11, PRDE,actvstrat=,-1.000000, actvprof=,3.624259, id=,B12, PRDE,actvstrat=,0.747074, actvprof=,2.655623, id=,B13, PRDE,actvstrat=,-0.913219, actvprof=,3.929545, id=,B14, PRDE,actvstrat=,0.557589, actvprof=,2.718819, id=,B15, PRDE,actvstrat=,-0.096600, actvprof=,2.097831, id=,B16, PRDE,actvstrat=,0.772364, actvprof=,2.705902, id=,B17, PRDE,actvstrat=,-0.589280, actvprof=,2.301309, id=,B18, PRDE,actvstrat=,-0.589960, actvprof=,2.324226, id=,B19, PRDE,actvstrat=,-0.861968, actvprof=,3.614259, id=,B20, PRDE,actvstrat=,0.442872, actvprof=,2.511175, id=,B21, PRDE,actvstrat=,-0.559973, actvprof=,2.264502, id=,B22, PRDE,actvstrat=,-0.670626, actvprof=,2.513953, id=,B23, PRDE,actvstrat=,0.641498, actvprof=,2.704097, id=,B24, PRDE,actvstrat=,-0.250171, actvprof=,2.108387, id=,B25, PRDE,actvstrat=,0.278464, actvprof=,2.324087, id=,B26, PRDE,actvstrat=,-0.477234, actvprof=,2.059219, id=,B27, PRDE,actvstrat=,-0.918798, actvprof=,3.954128, id=,B28, PRDE,actvstrat=,0.696609, actvprof=,2.595899, id=,B29, PRDE,actvstrat=,-0.137775, actvprof=,2.016301, id=,S00, PRDE,actvstrat=,0.701724, actvprof=,10.159286, id=,S01, PRDE,actvstrat=,-1.000000, actvprof=,9.630245, id=,S02, PRDE,actvstrat=,0.929015, actvprof=,11.064587, id=,S03, PRDE,actvstrat=,-0.798847, actvprof=,2.561176, id=,S04, PRDE,actvstrat=,1.000000, actvprof=,10.804858, id=,S05, PRDE,actvstrat=,-1.000000, actvprof=,9.682469, id=,S06, PRDE,actvstrat=,1.000000, actvprof=,10.964863, id=,S07, PRDE,actvstrat=,-0.297699, actvprof=,4.476225, id=,S08, PRDE,actvstrat=,0.350353, actvprof=,8.076317, id=,S09, PRDE,actvstrat=,-1.000000, actvprof=,9.868724, id=,S10, PRDE,actvstrat=,0.881515, actvprof=,10.955973, id=,S11, PRDE,actvstrat=,-0.276864, actvprof=,4.443863, id=,S12, PRDE,actvstrat=,-0.197107, actvprof=,4.574561, id=,S13, PRDE,actvstrat=,-0.054833, actvprof=,5.665978, id=,S14, PRDE,actvstrat=,0.458147, actvprof=,8.702583, id=,S15, PRDE,actvstrat=,0.947372, actvprof=,10.890972, id=,S16, PRDE,actvstrat=,-0.051149, actvprof=,5.616671, id=,S17, PRDE,actvstrat=,-1.000000, actvprof=,9.600522, id=,S18, PRDE,actvstrat=,0.753227, actvprof=,10.403737, id=,S19, PRDE,actvstrat=,1.000000, actvprof=,10.909028, id=,S20, PRDE,actvstrat=,-0.193764, actvprof=,4.630257, id=,S21, PRDE,actvstrat=,-0.640311, actvprof=,3.710372, id=,S22, PRDE,actvstrat=,-0.160926, actvprof=,4.768316, id=,S23, PRDE,actvstrat=,0.288699, actvprof=,7.614916, id=,S24, PRDE,actvstrat=,0.851161, actvprof=,10.821803, id=,S25, PRDE,actvstrat=,0.252932, actvprof=,7.569359, id=,S26, PRDE,actvstrat=,0.175703, actvprof=,7.108375, id=,S27, PRDE,actvstrat=,-0.674508, actvprof=,3.760374, id=,S28, PRDE,actvstrat=,-1.000000, actvprof=,9.887613, id=,S29, PRDE,actvstrat=,0.009966, actvprof=,6.591835, best_B_id=,B27, best_B_prof=,3.954128, best_B_strat=,-0.918798, best_S_id=,S02, best_S_prof=,11.064587, best_S_strat=,0.929015, 
t=,68400, id=,B00, PRDE,actvstrat=,1.000000, actvprof=,0.737548, id=,B01, PRDE,actvstrat=,1.000000, actvprof=,0.860611, id=,B02, PRDE,actvstrat=,-0.362231, actvprof=,1.729279, id=,B03, PRDE,actvstrat=,0.942882, actvprof=,1.321197, id=,B04, PRDE,actvstrat=,0.849994, actvprof=,1.959016, id=,B05, PRDE,actvstrat=,-0.088914, actvprof=,2.004019, id=,B06, PRDE,actvstrat=,-0.906666, actvprof=,3.345217, id=,B07, PRDE,actvstrat=,-1.000000, actvprof=,2.830183, id=,B08, PRDE,actvstrat=,1.000000, actvprof=,0.951451, id=,B09, PRDE,actvstrat=,-1.000000, actvprof=,2.759901, id=,B10, PRDE,actvstrat=,0.829930, actvprof=,2.091802, id=,B11, PRDE,actvstrat=,-0.311468, actvprof=,1.799005, id=,B12, PRDE,actvstrat=,0.755153, actvprof=,2.291815, id=,B13, PRDE,actvstrat=,0.465361, actvprof=,2.232923, id=,B14, PRDE,actvstrat=,0.557589, actvprof=,2.295427, id=,B15, PRDE,actvstrat=,0.534703, actvprof=,2.402656, id=,B16, PRDE,actvstrat=,-0.435251, actvprof=,1.931236, id=,B17, PRDE,actvstrat=,-0.559924, actvprof=,2.267091, id=,B18, PRDE,actvstrat=,0.932791, actvprof=,1.547878, id=,B19, PRDE,actvstrat=,-0.643701, actvprof=,2.484050, id=,B20, PRDE,actvstrat=,0.668147, actvprof=,2.407934, id=,B21, PRDE,actvstrat=,-0.321375, actvprof=,1.912902, id=,B22, PRDE,actvstrat=,-0.603305, actvprof=,2.127916, id=,B23, PRDE,actvstrat=,0.457663, actvprof=,2.404045, id=,B24, PRDE,actvstrat=,-0.273815, actvprof=,1.817340, id=,B25, PRDE,actvstrat=,0.095384, actvprof=,1.713722, id=,B26, PRDE,actvstrat=,-0.104828, actvprof=,1.739835, id=,B27, PRDE,actvstrat=,-0.109536, actvprof=,1.778726, id=,B28, PRDE,actvstrat=,-1.000000, actvprof=,2.772958, id=,B29, PRDE,actvstrat=,1.000000, actvprof=,0.777550, id=,S00, PRDE,actvstrat=,0.104194, actvprof=,7.991351, id=,S01, PRDE,actvstrat=,-1.000000, actvprof=,9.790912, id=,S02, PRDE,actvstrat=,0.234570, actvprof=,8.603335, id=,S03, PRDE,actvstrat=,0.957754, actvprof=,12.027446, id=,S04, PRDE,actvstrat=,0.660530, actvprof=,10.765142, id=,S05, PRDE,actvstrat=,1.000000, actvprof=,11.933829, id=,S06, PRDE,actvstrat=,0.213227, actvprof=,8.520830, id=,S07, PRDE,actvstrat=,-0.656665, actvprof=,4.594742, id=,S08, PRDE,actvstrat=,-0.165246, actvprof=,5.827322, id=,S09, PRDE,actvstrat=,-0.574166, actvprof=,4.815034, id=,S10, PRDE,actvstrat=,1.000000, actvprof=,11.529636, id=,S11, PRDE,actvstrat=,-0.494046, actvprof=,4.633911, id=,S12, PRDE,actvstrat=,0.426936, actvprof=,9.553675, id=,S13, PRDE,actvstrat=,1.000000, actvprof=,11.886882, id=,S14, PRDE,actvstrat=,0.347635, actvprof=,9.329494, id=,S15, PRDE,actvstrat=,0.918015, actvprof=,11.934662, id=,S16, PRDE,actvstrat=,-1.000000, actvprof=,9.796468, id=,S17, PRDE,actvstrat=,-0.371905, actvprof=,5.205615, id=,S18, PRDE,actvstrat=,0.706410, actvprof=,11.087941, id=,S19, PRDE,actvstrat=,-0.199184, actvprof=,5.567861, id=,S20, PRDE,actvstrat=,0.438922, actvprof=,9.465891, id=,S21, PRDE,actvstrat=,-0.855197, actvprof=,1.677887, id=,S22, PRDE,actvstrat=,-0.486160, actvprof=,4.936153, id=,S23, PRDE,actvstrat=,0.288699, actvprof=,8.661117, id=,S24, PRDE,actvstrat=,0.851161, actvprof=,11.852990, id=,S25, PRDE,actvstrat=,0.195567, actvprof=,7.935792, id=,S26, PRDE,actvstrat=,-1.000000, actvprof=,9.444501, id=,S27, PRDE,actvstrat=,-0.617575, actvprof=,4.567518, id=,S28, PRDE,actvstrat=,1.000000, actvprof=,11.591307, id=,S29, PRDE,actvstrat=,0.691823, actvprof=,10.729307, best_B_id=,B06, best_B_prof=,3.345217, best_B_strat=,-0.906666, best_S_id=,S03, best_S_prof=,12.027446, best_S_strat=,0.957754, 
t=,72000, id=,B00, PRDE,actvstrat=,1.000000, actvprof=,0.796961, id=,B01, PRDE,actvstrat=,1.000000, actvprof=,0.874324, id=,B02, PRDE,actvstrat=,-0.362231, actvprof=,1.748786, id=,B03, PRDE,actvstrat=,0.942882, actvprof=,1.333222, id=,B04, PRDE,actvstrat=,0.849994, actvprof=,2.062265, id=,B05, PRDE,actvstrat=,-0.088914, actvprof=,2.000597, id=,B06, PRDE,actvstrat=,-0.906666, actvprof=,3.409238, id=,B07, PRDE,actvstrat=,-1.000000, actvprof=,2.750196, id=,B08, PRDE,actvstrat=,1.000000, actvprof=,0.924603, id=,B09, PRDE,actvstrat=,-1.000000, actvprof=,2.610193, id=,B10, PRDE,actvstrat=,0.829930, actvprof=,2.122961, id=,B11, PRDE,actvstrat=,-0.311468, actvprof=,1.677813, id=,B12, PRDE,actvstrat=,0.755153, actvprof=,2.350049, id=,B13, PRDE,actvstrat=,0.465361, actvprof=,2.284492, id=,B14, PRDE,actvstrat=,0.557589, actvprof=,2.363244, id=,B15, PRDE,actvstrat=,0.534703, actvprof=,2.335882, id=,B16, PRDE,actvstrat=,-0.435251, actvprof=,1.919068, id=,B17, PRDE,actvstrat=,-0.559924, actvprof=,2.188518, id=,B18, PRDE,actvstrat=,0.932791, actvprof=,1.533504, id=,B19, PRDE,actvstrat=,-0.643701, actvprof=,2.481302, id=,B20, PRDE,actvstrat=,0.668147, actvprof=,2.296298, id=,B21, PRDE,actvstrat=,-0.321375, actvprof=,1.925735, id=,B22, PRDE,actvstrat=,-0.603305, actvprof=,2.199768, id=,B23, PRDE,actvstrat=,0.457663, actvprof=,2.240324, id=,B24, PRDE,actvstrat=,-0.273815, actvprof=,1.703091, id=,B25, PRDE,actvstrat=,0.095384, actvprof=,1.764203, id=,B26, PRDE,actvstrat=,-0.104828, actvprof=,1.750731, id=,B27, PRDE,actvstrat=,-0.109536, actvprof=,1.869761, id=,B28, PRDE,actvstrat=,-1.000000, actvprof=,2.683945, id=,B29, PRDE,actvstrat=,1.000000, actvprof=,0.839462, id=,S00, PRDE,actvstrat=,0.104194, actvprof=,8.044195, id=,S01, PRDE,actvstrat=,-1.000000, actvprof=,9.804232, id=,S02, PRDE,actvstrat=,0.234570, actvprof=,8.599901, id=,S03, PRDE,actvstrat=,0.957754, actvprof=,11.945666, id=,S04, PRDE,actvstrat=,0.660530, actvprof=,10.849115, id=,S05, PRDE,actvstrat=,1.000000, actvprof=,11.935943, id=,S06, PRDE,actvstrat=,0.213227, actvprof=,8.266144, id=,S07, PRDE,actvstrat=,-0.656665, actvprof=,4.594401, id=,S08, PRDE,actvstrat=,-0.165246, actvprof=,5.856650, id=,S09, PRDE,actvstrat=,-0.574166, actvprof=,4.818295, id=,S10, PRDE,actvstrat=,1.000000, actvprof=,11.706772, id=,S11, PRDE,actvstrat=,-0.494046, actvprof=,4.673708, id=,S12, PRDE,actvstrat=,0.426936, actvprof=,9.617978, id=,S13, PRDE,actvstrat=,1.000000, actvprof=,11.968444, id=,S14, PRDE,actvstrat=,0.347635, actvprof=,9.097134, id=,S15, PRDE,actvstrat=,0.918015, actvprof=,11.982611, id=,S16, PRDE,actvstrat=,-1.000000, actvprof=,9.745064, id=,S17, PRDE,actvstrat=,-0.371905, actvprof=,5.287749, id=,S18, PRDE,actvstrat=,0.706410, actvprof=,10.981895, id=,S19, PRDE,actvstrat=,-0.199184, actvprof=,5.475947, id=,S20, PRDE,actvstrat=,0.438922, actvprof=,9.468531, id=,S21, PRDE,actvstrat=,-0.855197, actvprof=,1.764481, id=,S22, PRDE,actvstrat=,-0.486160, actvprof=,4.891907, id=,S23, PRDE,actvstrat=,0.288699, actvprof=,8.684764, id=,S24, PRDE,actvstrat=,0.851161, actvprof=,11.870942, id=,S25, PRDE,actvstrat=,0.195567, actvprof=,8.141003, id=,S26, PRDE,actvstrat=,-1.000000, actvprof=,9.667840, id=,S27, PRDE,actvstrat=,-0.617575, actvprof=,4.461065, id=,S28, PRDE,actvstrat=,1.000000, actvprof=,11.810385, id=,S29, PRDE,actvstrat=,0.691823, actvprof=,10.931061, best_B_id=,B06, best_B_prof=,3.409238, best_B_strat=,-0.906666, best_S_id=,S15, best_S_prof=,11.982611, best_S_strat=,0.918015, 
t=,75600, id=,B00, PRDE,actvstrat=,0.958161, actvprof=,1.527350, id=,B01, PRDE,actvstrat=,-0.882104, actvprof=,4.070061, id=,B02, PRDE,actvstrat=,-0.349002, actvprof=,2.101008, id=,B03, PRDE,actvstrat=,0.942882, actvprof=,1.757369, id=,B04, PRDE,actvstrat=,0.427719, actvprof=,2.676334, id=,B05, PRDE,actvstrat=,0.030808, actvprof=,2.051838, id=,B06, PRDE,actvstrat=,0.336268, actvprof=,2.372142, id=,B07, PRDE,actvstrat=,0.943804, actvprof=,1.552074, id=,B08, PRDE,actvstrat=,0.281716, actvprof=,2.698280, id=,B09, PRDE,actvstrat=,0.183087, actvprof=,2.595494, id=,B10, PRDE,actvstrat=,0.829930, actvprof=,2.584104, id=,B11, PRDE,actvstrat=,-0.139335, actvprof=,2.292413, id=,B12, PRDE,actvstrat=,0.755153, actvprof=,2.593272, id=,B13, PRDE,actvstrat=,0.520958, actvprof=,2.870239, id=,B14, PRDE,actvstrat=,-0.052563, actvprof=,2.471873, id=,B15, PRDE,actvstrat=,0.534703, actvprof=,2.856627, id=,B16, PRDE,actvstrat=,0.004470, actvprof=,2.238242, id=,B17, PRDE,actvstrat=,-0.559924, actvprof=,2.613273, id=,B18, PRDE,actvstrat=,-0.736567, actvprof=,3.431119, id=,B19, PRDE,actvstrat=,-0.783708, actvprof=,3.740589, id=,B20, PRDE,actvstrat=,0.668147, actvprof=,2.660777, id=,B21, PRDE,actvstrat=,0.932113, actvprof=,1.801261, id=,B22, PRDE,actvstrat=,-0.534997, actvprof=,2.471595, id=,B23, PRDE,actvstrat=,0.208956, actvprof=,2.292413, id=,B24, PRDE,actvstrat=,-0.286192, actvprof=,2.313526, id=,B25, PRDE,actvstrat=,-0.527099, actvprof=,2.316582, id=,B26, PRDE,actvstrat=,-0.818339, actvprof=,4.026724, id=,B27, PRDE,actvstrat=,-0.520951, actvprof=,2.430203, id=,B28, PRDE,actvstrat=,0.816281, actvprof=,2.539656, id=,B29, PRDE,actvstrat=,0.379692, actvprof=,2.868295, id=,S00, PRDE,actvstrat=,0.104194, actvprof=,7.228102, id=,S01, PRDE,actvstrat=,-1.000000, actvprof=,10.176959, id=,S02, PRDE,actvstrat=,0.234570, actvprof=,7.892047, id=,S03, PRDE,actvstrat=,0.957754, actvprof=,10.994527, id=,S04, PRDE,actvstrat=,0.312623, actvprof=,8.015668, id=,S05, PRDE,actvstrat=,-0.955997, actvprof=,3.150263, id=,S06, PRDE,actvstrat=,0.831586, actvprof=,10.820624, id=,S07, PRDE,actvstrat=,-0.656665, actvprof=,4.018668, id=,S08, PRDE,actvstrat=,0.739745, actvprof=,10.425869, id=,S09, PRDE,actvstrat=,1.000000, actvprof=,11.080923, id=,S10, PRDE,actvstrat=,1.000000, actvprof=,10.774509, id=,S11, PRDE,actvstrat=,0.665426, actvprof=,9.807206, id=,S12, PRDE,actvstrat=,0.426936, actvprof=,8.967970, id=,S13, PRDE,actvstrat=,0.919105, actvprof=,11.132594, id=,S14, PRDE,actvstrat=,0.347635, actvprof=,8.129289, id=,S15, PRDE,actvstrat=,-0.330376, actvprof=,4.569547, id=,S16, PRDE,actvstrat=,-1.000000, actvprof=,10.353363, id=,S17, PRDE,actvstrat=,-0.344674, actvprof=,4.342584, id=,S18, PRDE,actvstrat=,1.000000, actvprof=,10.967303, id=,S19, PRDE,actvstrat=,-0.199184, actvprof=,5.097369, id=,S20, PRDE,actvstrat=,0.111044, actvprof=,7.160041, id=,S21, PRDE,actvstrat=,-0.744277, actvprof=,3.826152, id=,S22, PRDE,actvstrat=,-0.984610, actvprof=,5.114315, id=,S23, PRDE,actvstrat=,0.288699, actvprof=,7.840653, id=,S24, PRDE,actvstrat=,-0.086313, actvprof=,6.017446, id=,S25, PRDE,actvstrat=,-0.033891, actvprof=,6.571103, id=,S26, PRDE,actvstrat=,-1.000000, actvprof=,9.941384, id=,S27, PRDE,actvstrat=,-0.007583, actvprof=,6.484707, id=,S28, PRDE,actvstrat=,1.000000, actvprof=,10.992027, id=,S29, PRDE,actvstrat=,0.691823, actvprof=,9.785260, best_B_id=,B01, best_B_prof=,4.070061, best_B_strat=,-0.882104, best_S_id=,S13, best_S_prof=,11.132594, best_S_strat=,0.919105, 
t=,79200, id=,B00, PRDE,actvstrat=,0.958161, actvprof=,1.578808, id=,B01, PRDE,actvstrat=,-0.882104, actvprof=,4.184461, id=,B02, PRDE,actvstrat=,-0.349002, actvprof=,2.142163, id=,B03, PRDE,actvstrat=,0.942882, actvprof=,1.729370, id=,B04, PRDE,actvstrat=,0.427719, actvprof=,2.614680, id=,B05, PRDE,actvstrat=,0.030808, actvprof=,2.152024, id=,B06, PRDE,actvstrat=,0.336268, actvprof=,2.564401, id=,B07, PRDE,actvstrat=,0.943804, actvprof=,1.708397, id=,B08, PRDE,actvstrat=,0.281716, actvprof=,2.654821, id=,B09, PRDE,actvstrat=,0.183087, actvprof=,2.514815, id=,B10, PRDE,actvstrat=,0.829930, actvprof=,2.571484, id=,B11, PRDE,actvstrat=,-0.139335, actvprof=,2.265501, id=,B12, PRDE,actvstrat=,0.755153, actvprof=,2.674821, id=,B13, PRDE,actvstrat=,0.520958, actvprof=,2.813993, id=,B14, PRDE,actvstrat=,-0.052563, actvprof=,2.360504, id=,B15, PRDE,actvstrat=,0.534703, actvprof=,2.778714, id=,B16, PRDE,actvstrat=,0.004470, actvprof=,2.215777, id=,B17, PRDE,actvstrat=,-0.559924, actvprof=,2.525094, id=,B18, PRDE,actvstrat=,-0.736567, actvprof=,3.319706, id=,B19, PRDE,actvstrat=,-0.783708, actvprof=,3.655830, id=,B20, PRDE,actvstrat=,0.668147, actvprof=,2.770380, id=,B21, PRDE,actvstrat=,0.932113, actvprof=,1.842846, id=,B22, PRDE,actvstrat=,-0.534997, actvprof=,2.626347, id=,B23, PRDE,actvstrat=,0.208956, actvprof=,2.396478, id=,B24, PRDE,actvstrat=,-0.286192, actvprof=,2.209110, id=,B25, PRDE,actvstrat=,-0.527099, actvprof=,2.407589, id=,B26, PRDE,actvstrat=,-0.818339, actvprof=,4.024732, id=,B27, PRDE,actvstrat=,-0.520951, actvprof=,2.408700, id=,B28, PRDE,actvstrat=,0.816281, actvprof=,2.590929, id=,B29, PRDE,actvstrat=,0.379692, actvprof=,2.758713, id=,S00, PRDE,actvstrat=,0.104194, actvprof=,7.114708, id=,S01, PRDE,actvstrat=,-1.000000, actvprof=,10.071067, id=,S02, PRDE,actvstrat=,0.234570, actvprof=,7.811539, id=,S03, PRDE,actvstrat=,0.957754, actvprof=,11.120690, id=,S04, PRDE,actvstrat=,0.312623, actvprof=,8.100578, id=,S05, PRDE,actvstrat=,-0.955997, actvprof=,3.041918, id=,S06, PRDE,actvstrat=,0.831586, actvprof=,10.883875, id=,S07, PRDE,actvstrat=,-0.656665, actvprof=,4.023343, id=,S08, PRDE,actvstrat=,0.739745, actvprof=,10.331494, id=,S09, PRDE,actvstrat=,1.000000, actvprof=,11.014297, id=,S10, PRDE,actvstrat=,1.000000, actvprof=,10.877208, id=,S11, PRDE,actvstrat=,0.665426, actvprof=,9.828420, id=,S12, PRDE,actvstrat=,0.426936, actvprof=,8.943248, id=,S13, PRDE,actvstrat=,0.919105, actvprof=,10.991102, id=,S14, PRDE,actvstrat=,0.347635, actvprof=,8.128496, id=,S15, PRDE,actvstrat=,-0.330376, actvprof=,4.549196, id=,S16, PRDE,actvstrat=,-1.000000, actvprof=,10.187600, id=,S17, PRDE,actvstrat=,-0.344674, actvprof=,4.515306, id=,S18, PRDE,actvstrat=,1.000000, actvprof=,10.916238, id=,S19, PRDE,actvstrat=,-0.199184, actvprof=,5.006158, id=,S20, PRDE,actvstrat=,0.111044, actvprof=,7.279853, id=,S21, PRDE,actvstrat=,-0.744277, actvprof=,3.525408, id=,S22, PRDE,actvstrat=,-0.984610, actvprof=,5.162275, id=,S23, PRDE,actvstrat=,0.288699, actvprof=,7.828345, id=,S24, PRDE,actvstrat=,-0.086313, actvprof=,5.817299, id=,S25, PRDE,actvstrat=,-0.033891, actvprof=,6.233286, id=,S26, PRDE,actvstrat=,-1.000000, actvprof=,10.029538, id=,S27, PRDE,actvstrat=,-0.007583, actvprof=,6.545937, id=,S28, PRDE,actvstrat=,1.000000, actvprof=,10.872625, id=,S29, PRDE,actvstrat=,0.691823, actvprof=,9.988425, best_B_id=,B01, best_B_prof=,4.184461, best_B_strat=,-0.882104, best_S_id=,S03, best_S_prof=,11.120690, best_S_strat=,0.957754, 
t=,82800, id=,B00, PRDE,actvstrat=,1.000000, actvprof=,1.599044, id=,B01, PRDE,actvstrat=,1.000000, actvprof=,1.508758, id=,B02, PRDE,actvstrat=,-0.455807, actvprof=,3.176420, id=,B03, PRDE,actvstrat=,1.000000, actvprof=,1.585432, id=,B04, PRDE,actvstrat=,1.000000, actvprof=,1.571542, id=,B05, PRDE,actvstrat=,0.100922, actvprof=,3.090023, id=,B06, PRDE,actvstrat=,0.087682, actvprof=,2.658592, id=,B07, PRDE,actvstrat=,-1.000000, actvprof=,3.625630, id=,B08, PRDE,actvstrat=,0.201275, actvprof=,3.119192, id=,B09, PRDE,actvstrat=,-0.501757, actvprof=,3.336991, id=,B10, PRDE,actvstrat=,1.000000, actvprof=,1.614324, id=,B11, PRDE,actvstrat=,-1.000000, actvprof=,3.829539, id=,B12, PRDE,actvstrat=,0.755153, actvprof=,3.190588, id=,B13, PRDE,actvstrat=,0.280370, actvprof=,3.061964, id=,B14, PRDE,actvstrat=,1.000000, actvprof=,1.625714, id=,B15, PRDE,actvstrat=,-0.346943, actvprof=,2.880002, id=,B16, PRDE,actvstrat=,0.420587, actvprof=,3.306988, id=,B17, PRDE,actvstrat=,0.780845, actvprof=,3.114192, id=,B18, PRDE,actvstrat=,-0.402696, actvprof=,3.206423, id=,B19, PRDE,actvstrat=,-0.923320, actvprof=,4.229856, id=,B20, PRDE,actvstrat=,0.241960, actvprof=,2.925562, id=,B21, PRDE,actvstrat=,1.000000, actvprof=,1.584321, id=,B22, PRDE,actvstrat=,-0.289651, actvprof=,2.799439, id=,B23, PRDE,actvstrat=,0.033768, actvprof=,2.789160, id=,B24, PRDE,actvstrat=,-0.380002, actvprof=,2.884725, id=,B25, PRDE,actvstrat=,0.000143, actvprof=,2.816107, id=,B26, PRDE,actvstrat=,0.465980, actvprof=,3.223369, id=,B27, PRDE,actvstrat=,-0.186578, actvprof=,2.779437, id=,B28, PRDE,actvstrat=,-0.850410, actvprof=,4.512383, id=,B29, PRDE,actvstrat=,-1.000000, actvprof=,3.745086, id=,S00, PRDE,actvstrat=,0.781806, actvprof=,10.406290, id=,S01, PRDE,actvstrat=,-1.000000, actvprof=,10.060145, id=,S02, PRDE,actvstrat=,0.234570, actvprof=,8.100788, id=,S03, PRDE,actvstrat=,1.000000, actvprof=,10.654091, id=,S04, PRDE,actvstrat=,0.450099, actvprof=,8.440265, id=,S05, PRDE,actvstrat=,0.644003, actvprof=,9.408970, id=,S06, PRDE,actvstrat=,0.682649, actvprof=,10.032920, id=,S07, PRDE,actvstrat=,-1.000000, actvprof=,10.153487, id=,S08, PRDE,actvstrat=,-0.368626, actvprof=,4.256525, id=,S09, PRDE,actvstrat=,0.255638, actvprof=,8.071896, id=,S10, PRDE,actvstrat=,0.807136, actvprof=,10.529079, id=,S11, PRDE,actvstrat=,0.442815, actvprof=,8.543053, id=,S12, PRDE,actvstrat=,1.000000, actvprof=,10.686595, id=,S13, PRDE,actvstrat=,-1.000000, actvprof=,10.154043, id=,S14, PRDE,actvstrat=,0.013776, actvprof=,6.518689, id=,S15, PRDE,actvstrat=,-0.051340, actvprof=,6.326448, id=,S16, PRDE,actvstrat=,1.000000, actvprof=,10.312947, id=,S17, PRDE,actvstrat=,-1.000000, actvprof=,9.896240, id=,S18, PRDE,actvstrat=,0.889523, actvprof=,10.701596, id=,S19, PRDE,actvstrat=,1.000000, actvprof=,10.581862, id=,S20, PRDE,actvstrat=,0.015408, actvprof=,6.882058, id=,S21, PRDE,actvstrat=,-1.000000, actvprof=,9.665940, id=,S22, PRDE,actvstrat=,-0.884920, actvprof=,2.298001, id=,S23, PRDE,actvstrat=,-0.610600, actvprof=,4.180684, id=,S24, PRDE,actvstrat=,1.000000, actvprof=,10.622977, id=,S25, PRDE,actvstrat=,-0.403457, actvprof=,4.445432, id=,S26, PRDE,actvstrat=,0.060919, actvprof=,6.586751, id=,S27, PRDE,actvstrat=,-1.000000, actvprof=,10.060145, id=,S28, PRDE,actvstrat=,1.000000, actvprof=,10.694095, id=,S29, PRDE,actvstrat=,0.656618, actvprof=,10.015140, best_B_id=,B28, best_B_prof=,4.512383, best_B_strat=,-0.850410, best_S_id=,S18, best_S_prof=,10.701596, best_S_strat=,0.889523, 
