t=,0, id=,B00, PRDE,actvstrat=,-0.733987, actvprof=,0.000000, id=,B01, PRDE,actvstrat=,-0.279013, actvprof=,0.000000, id=,B02, PRDE,actvstrat=,0.293388, actvprof=,0.000000, id=,B03, PRDE,actvstrat=,0.822744, actvprof=,0.000000, id=,B04, PRDE,actvstrat=,-0.678440, actvprof=,0.000000, id=,B05, PRDE,actvstrat=,-0.107693, actvprof=,0.000000, id=,B06, PRDE,actvstrat=,0.305600, actvprof=,0.000000, id=,B07, PRDE,actvstrat=,-0.948542, actvprof=,0.000000, id=,B08, PRDE,actvstrat=,0.827748, actvprof=,0.000000, id=,B09, PRDE,actvstrat=,-0.841530, actvprof=,0.000000, id=,B10, PRDE,actvstrat=,0.546426, actvprof=,0.000000, id=,B11, PRDE,actvstrat=,-0.432301, actvprof=,0.000000, id=,B12, PRDE,actvstrat=,-0.825066, actvprof=,0.000000, id=,B13, PRDE,actvstrat=,0.994469, actvprof=,0.000000, id=,B14, PRDE,actvstrat=,0.104832, actvprof=,0.000000, id=,B15, PRDE,actvstrat=,0.470231, actvprof=,0.000000, id=,B16, PRDE,actvstrat=,0.033364, actvprof=,0.000000, id=,B17, PRDE,actvstrat=,-0.329915, actvprof=,0.000000, id=,B18, PRDE,actvstrat=,0.096573, actvprof=,0.000000, id=,B19, PRDE,actvstrat=,0.590151, actvprof=,0.000000, id=,B20, PRDE,actvstrat=,0.350454, actvprof=,0.000000, id=,B21, PRDE,actvstrat=,-0.432937, actvprof=,0.000000, id=,B22, PRDE,actvstrat=,-0.275884, actvprof=,0.000000, id=,B23, PRDE,actvstrat=,-0.212437, actvprof=,0.000000, id=,B24, PRDE,actvstrat=,0.801357, actvprof=,0.000000, id=,B25, PRDE,actvstrat=,-0.294473, actvprof=,0.000000, id=,B26, PRDE,actvstrat=,0.607513, actvprof=,0.000000, id=,B27, PRDE,actvstrat=,-0.111182, actvprof=,0.000000, id=,B28, PRDE,actvstrat=,-0.521413, actvprof=,0.000000, id=,B29, PRDE,actvstrat=,0.915218, actvprof=,0.000000, id=,S00, PRDE,actvstrat=,0.603672, actvprof=,0.000000, id=,S01, PRDE,actvstrat=,0.443816, actvprof=,0.000000, id=,S02, PRDE,actvstrat=,-0.585978, actvprof=,0.000000, id=,S03, PRDE,actvstrat=,0.667431, actvprof=,0.000000, id=,S04, PRDE,actvstrat=,0.914329, actvprof=,0.000000, id=,S05, PRDE,actvstrat=,-0.099526, actvprof=,0.000000, id=,S06, PRDE,actvstrat=,0.153915, actvprof=,0.000000, id=,S07, PRDE,actvstrat=,-0.580954, actvprof=,0.000000, id=,S08, PRDE,actvstrat=,-0.125422, actvprof=,0.000000, id=,S09, PRDE,actvstrat=,0.549251, actvprof=,0.000000, id=,S10, PRDE,actvstrat=,0.376968, actvprof=,0.000000, id=,S11, PRDE,actvstrat=,0.750600, actvprof=,0.000000, id=,S12, PRDE,actvstrat=,-0.074875, actvprof=,0.000000, id=,S13, PRDE,actvstrat=,0.348796, actvprof=,0.000000, id=,S14, PRDE,actvstrat=,0.237291, actvprof=,0.000000, id=,S15, PRDE,actvstrat=,0.193689, actvprof=,0.000000, id=,S16, PRDE,actvstrat=,-0.631970, actvprof=,0.000000, id=,S17, PRDE,actvstrat=,-0.976822, actvprof=,0.000000, id=,S18, PRDE,actvstrat=,-0.378175, actvprof=,0.000000, id=,S19, PRDE,actvstrat=,-0.730427, actvprof=,0.000000, id=,S20, PRDE,actvstrat=,0.352500, actvprof=,0.000000, id=,S21, PRDE,actvstrat=,0.701313, actvprof=,0.000000, id=,S22, PRDE,actvstrat=,-0.408526, actvprof=,0.000000, id=,S23, PRDE,actvstrat=,-0.942316, actvprof=,0.000000, id=,S24, PRDE,actvstrat=,0.449363, actvprof=,0.000000, id=,S25, PRDE,actvstrat=,-0.237924, actvprof=,0.000000, id=,S26, PRDE,actvstrat=,0.014647, actvprof=,0.000000, id=,S27, PRDE,actvstrat=,0.536959, actvprof=,0.000000, id=,S28, PRDE,actvstrat=,0.474962, actvprof=,0.000000, id=,S29, PRDE,actvstrat=,-0.194901, actvprof=,0.000000, best_B_id=,B00, best_B_prof=,0.000000, best_B_strat=,-0.733987, best_S_id=,S00, best_S_prof=,0.000000, best_S_strat=,0.603672, 
t=,3600, id=,B00, PRDE,actvstrat=,-0.733987, actvprof=,3.476896, id=,B01, PRDE,actvstrat=,-0.279013, actvprof=,2.486354, id=,B02, PRDE,actvstrat=,0.293388, actvprof=,2.643019, id=,B03, PRDE,actvstrat=,0.822744, actvprof=,2.788017, id=,B04, PRDE,actvstrat=,-0.678440, actvprof=,3.119679, id=,B05, PRDE,actvstrat=,-0.107693, actvprof=,2.304412, id=,B06, PRDE,actvstrat=,0.305600, actvprof=,2.750795, id=,B07, PRDE,actvstrat=,-0.948542, actvprof=,4.073277, id=,B08, PRDE,actvstrat=,0.827748, actvprof=,2.760517, id=,B09, PRDE,actvstrat=,-0.841530, actvprof=,4.271330, id=,B10, PRDE,actvstrat=,0.546426, actvprof=,3.164123, id=,B11, PRDE,actvstrat=,-0.432301, actvprof=,2.602742, id=,B12, PRDE,actvstrat=,-0.825066, actvprof=,4.036333, id=,B13, PRDE,actvstrat=,0.994469, actvprof=,1.508312, id=,B14, PRDE,actvstrat=,0.104832, actvprof=,2.564131, id=,B15, PRDE,actvstrat=,0.470231, actvprof=,2.886627, id=,B16, PRDE,actvstrat=,0.033364, actvprof=,2.411633, id=,B17, PRDE,actvstrat=,-0.329915, actvprof=,2.606075, id=,B18, PRDE,actvstrat=,0.096573, actvprof=,2.430244, id=,B19, PRDE,actvstrat=,0.590151, actvprof=,2.889682, id=,B20, PRDE,actvstrat=,0.350454, actvprof=,2.690796, id=,B21, PRDE,actvstrat=,-0.432937, actvprof=,2.624408, id=,B22, PRDE,actvstrat=,-0.275884, actvprof=,2.438855, id=,B23, PRDE,actvstrat=,-0.212437, actvprof=,2.594964, id=,B24, PRDE,actvstrat=,0.801357, actvprof=,2.864682, id=,B25, PRDE,actvstrat=,-0.294473, actvprof=,2.195247, id=,B26, PRDE,actvstrat=,0.607513, actvprof=,3.059402, id=,B27, PRDE,actvstrat=,-0.111182, actvprof=,2.346912, id=,B28, PRDE,actvstrat=,-0.521413, actvprof=,2.697185, id=,B29, PRDE,actvstrat=,0.915218, actvprof=,2.385245, id=,S00, PRDE,actvstrat=,0.603672, actvprof=,9.586256, id=,S01, PRDE,actvstrat=,0.443816, actvprof=,9.020708, id=,S02, PRDE,actvstrat=,-0.585978, actvprof=,5.247705, id=,S03, PRDE,actvstrat=,0.667431, actvprof=,9.939306, id=,S04, PRDE,actvstrat=,0.914329, actvprof=,10.388745, id=,S05, PRDE,actvstrat=,-0.099526, actvprof=,6.406300, id=,S06, PRDE,actvstrat=,0.153915, actvprof=,7.817391, id=,S07, PRDE,actvstrat=,-0.580954, actvprof=,5.188539, id=,S08, PRDE,actvstrat=,-0.125422, actvprof=,5.904362, id=,S09, PRDE,actvstrat=,0.549251, actvprof=,9.617922, id=,S10, PRDE,actvstrat=,0.376968, actvprof=,8.437383, id=,S11, PRDE,actvstrat=,0.750600, actvprof=,10.067360, id=,S12, PRDE,actvstrat=,-0.074875, actvprof=,6.944904, id=,S13, PRDE,actvstrat=,0.348796, actvprof=,8.629047, id=,S14, PRDE,actvstrat=,0.237291, actvprof=,8.125998, id=,S15, PRDE,actvstrat=,0.193689, actvprof=,8.201553, id=,S16, PRDE,actvstrat=,-0.631970, actvprof=,5.341315, id=,S17, PRDE,actvstrat=,-0.976822, actvprof=,6.524909, id=,S18, PRDE,actvstrat=,-0.378175, actvprof=,5.550478, id=,S19, PRDE,actvstrat=,-0.730427, actvprof=,4.670768, id=,S20, PRDE,actvstrat=,0.352500, actvprof=,8.734045, id=,S21, PRDE,actvstrat=,0.701313, actvprof=,10.046249, id=,S22, PRDE,actvstrat=,-0.408526, actvprof=,5.921862, id=,S23, PRDE,actvstrat=,-0.942316, actvprof=,4.761045, id=,S24, PRDE,actvstrat=,0.449363, actvprof=,8.962376, id=,S25, PRDE,actvstrat=,-0.237924, actvprof=,5.797142, id=,S26, PRDE,actvstrat=,0.014647, actvprof=,7.342120, id=,S27, PRDE,actvstrat=,0.536959, actvprof=,9.266538, id=,S28, PRDE,actvstrat=,0.474962, actvprof=,8.925709, id=,S29, PRDE,actvstrat=,-0.194901, actvprof=,5.911307, best_B_id=,B09, best_B_prof=,4.271330, best_B_strat=,-0.841530, best_S_id=,S04, best_S_prof=,10.388745, best_S_strat=,0.914329, 
t=,7200, id=,B00, PRDE,actvstrat=,-0.261914, actvprof=,0.000000, id=,B01, PRDE,actvstrat=,-0.469926, actvprof=,0.000000, id=,B02, PRDE,actvstrat=,0.938738, actvprof=,0.000000, id=,B03, PRDE,actvstrat=,-0.124195, actvprof=,0.000000, id=,B04, PRDE,actvstrat=,0.419974, actvprof=,0.000000, id=,B05, PRDE,actvstrat=,0.575739, actvprof=,0.000000, id=,B06, PRDE,actvstrat=,0.198621, actvprof=,0.000000, id=,B07, PRDE,actvstrat=,0.076441, actvprof=,0.000000, id=,B08, PRDE,actvstrat=,0.526687, actvprof=,0.000000, id=,B09, PRDE,actvstrat=,-0.417040, actvprof=,0.000000, id=,B10, PRDE,actvstrat=,-0.128600, actvprof=,0.000000, id=,B11, PRDE,actvstrat=,-0.304856, actvprof=,0.000000, id=,B12, PRDE,actvstrat=,0.605593, actvprof=,0.000000, id=,B13, PRDE,actvstrat=,-0.006977, actvprof=,0.000000, id=,B14, PRDE,actvstrat=,0.466167, actvprof=,0.000000, id=,B15, PRDE,actvstrat=,0.345152, actvprof=,0.000000, id=,B16, PRDE,actvstrat=,-0.293395, actvprof=,0.000000, id=,B17, PRDE,actvstrat=,-0.220737, actvprof=,0.000000, id=,B18, PRDE,actvstrat=,0.792748, actvprof=,0.000000, id=,B19, PRDE,actvstrat=,-0.695407, actvprof=,0.000000, id=,B20, PRDE,actvstrat=,0.475185, actvprof=,0.000000, id=,B21, PRDE,actvstrat=,0.297782, actvprof=,0.000000, id=,B22, PRDE,actvstrat=,-0.495914, actvprof=,0.000000, id=,B23, PRDE,actvstrat=,0.293826, actvprof=,0.000000, id=,B24, PRDE,actvstrat=,0.828362, actvprof=,0.000000, id=,B25, PRDE,actvstrat=,-0.238656, actvprof=,0.000000, id=,B26, PRDE,actvstrat=,-0.643020, actvprof=,0.000000, id=,B27, PRDE,actvstrat=,-0.686686, actvprof=,0.000000, id=,B28, PRDE,actvstrat=,-0.325176, actvprof=,0.000000, id=,B29, PRDE,actvstrat=,-0.756699, actvprof=,0.000000, id=,S00, PRDE,actvstrat=,-0.889465, actvprof=,0.000000, id=,S01, PRDE,actvstrat=,0.199756, actvprof=,0.000000, id=,S02, PRDE,actvstrat=,-0.718741, actvprof=,0.000000, id=,S03, PRDE,actvstrat=,0.383849, actvprof=,0.000000, id=,S04, PRDE,actvstrat=,-0.919910, actvprof=,0.000000, id=,S05, PRDE,actvstrat=,-0.222422, actvprof=,0.000000, id=,S06, PRDE,actvstrat=,0.374578, actvprof=,0.000000, id=,S07, PRDE,actvstrat=,0.035926, actvprof=,0.000000, id=,S08, PRDE,actvstrat=,0.489065, actvprof=,0.000000, id=,S09, PRDE,actvstrat=,-0.271885, actvprof=,0.000000, id=,S10, PRDE,actvstrat=,-0.941561, actvprof=,0.000000, id=,S11, PRDE,actvstrat=,-0.469158, actvprof=,0.000000, id=,S12, PRDE,actvstrat=,-0.325465, actvprof=,0.000000, id=,S13, PRDE,actvstrat=,-0.660470, actvprof=,0.000000, id=,S14, PRDE,actvstrat=,-0.664674, actvprof=,0.000000, id=,S15, PRDE,actvstrat=,-0.701040, actvprof=,0.000000, id=,S16, PRDE,actvstrat=,-0.023234, actvprof=,0.000000, id=,S17, PRDE,actvstrat=,0.917768, actvprof=,0.000000, id=,S18, PRDE,actvstrat=,0.219565, actvprof=,0.000000, id=,S19, PRDE,actvstrat=,-0.067930, actvprof=,0.000000, id=,S20, PRDE,actvstrat=,0.794076, actvprof=,0.000000, id=,S21, PRDE,actvstrat=,0.853544, actvprof=,0.000000, id=,S22, PRDE,actvstrat=,-0.915554, actvprof=,0.000000, id=,S23, PRDE,actvstrat=,0.042719, actvprof=,0.000000, id=,S24, PRDE,actvstrat=,0.446430, actvprof=,0.000000, id=,S25, PRDE,actvstrat=,0.365409, actvprof=,0.000000, id=,S26, PRDE,actvstrat=,0.262749, actvprof=,0.000000, id=,S27, PRDE,actvstrat=,0.935000, actvprof=,0.000000, id=,S28, PRDE,actvstrat=,-0.064515, actvprof=,0.000000, id=,S29, PRDE,actvstrat=,-0.422629, actvprof=,0.000000, best_B_id=,B00, best_B_prof=,0.000000, best_B_strat=,-0.261914, best_S_id=,S00, best_S_prof=,0.000000, best_S_strat=,-0.889465, 
t=,10800, id=,B00, PRDE,actvstrat=,-0.261914, actvprof=,1.991944, id=,B01, PRDE,actvstrat=,-0.469926, actvprof=,2.110000, id=,B02, PRDE,actvstrat=,0.938738, actvprof=,1.845833, id=,B03, PRDE,actvstrat=,-0.124195, actvprof=,2.119444, id=,B04, PRDE,actvstrat=,0.419974, actvprof=,2.692222, id=,B05, PRDE,actvstrat=,0.575739, actvprof=,2.895556, id=,B06, PRDE,actvstrat=,0.198621, actvprof=,2.314167, id=,B07, PRDE,actvstrat=,0.076441, actvprof=,2.231111, id=,B08, PRDE,actvstrat=,0.526687, actvprof=,2.611944, id=,B09, PRDE,actvstrat=,-0.417040, actvprof=,2.190833, id=,B10, PRDE,actvstrat=,-0.128600, actvprof=,2.280000, id=,B11, PRDE,actvstrat=,-0.304856, actvprof=,2.041389, id=,B12, PRDE,actvstrat=,0.605593, actvprof=,2.920833, id=,B13, PRDE,actvstrat=,-0.006977, actvprof=,2.066111, id=,B14, PRDE,actvstrat=,0.466167, actvprof=,2.724722, id=,B15, PRDE,actvstrat=,0.345152, actvprof=,2.687778, id=,B16, PRDE,actvstrat=,-0.293395, actvprof=,2.182778, id=,B17, PRDE,actvstrat=,-0.220737, actvprof=,2.082778, id=,B18, PRDE,actvstrat=,0.792748, actvprof=,2.702500, id=,B19, PRDE,actvstrat=,-0.695407, actvprof=,2.806667, id=,B20, PRDE,actvstrat=,0.475185, actvprof=,2.581944, id=,B21, PRDE,actvstrat=,0.297782, actvprof=,2.631667, id=,B22, PRDE,actvstrat=,-0.495914, actvprof=,2.017778, id=,B23, PRDE,actvstrat=,0.293826, actvprof=,2.471389, id=,B24, PRDE,actvstrat=,0.828362, actvprof=,2.508611, id=,B25, PRDE,actvstrat=,-0.238656, actvprof=,2.128333, id=,B26, PRDE,actvstrat=,-0.643020, actvprof=,2.866111, id=,B27, PRDE,actvstrat=,-0.686686, actvprof=,2.740556, id=,B28, PRDE,actvstrat=,-0.325176, actvprof=,2.046944, id=,B29, PRDE,actvstrat=,-0.756699, actvprof=,3.262500, id=,S00, PRDE,actvstrat=,-0.889465, actvprof=,2.852222, id=,S01, PRDE,actvstrat=,0.199756, actvprof=,8.339722, id=,S02, PRDE,actvstrat=,-0.718741, actvprof=,4.845000, id=,S03, PRDE,actvstrat=,0.383849, actvprof=,8.903889, id=,S04, PRDE,actvstrat=,-0.919910, actvprof=,3.138333, id=,S05, PRDE,actvstrat=,-0.222422, actvprof=,6.330000, id=,S06, PRDE,actvstrat=,0.374578, actvprof=,8.910000, id=,S07, PRDE,actvstrat=,0.035926, actvprof=,7.559167, id=,S08, PRDE,actvstrat=,0.489065, actvprof=,9.686389, id=,S09, PRDE,actvstrat=,-0.271885, actvprof=,5.360556, id=,S10, PRDE,actvstrat=,-0.941561, actvprof=,3.928889, id=,S11, PRDE,actvstrat=,-0.469158, actvprof=,5.664444, id=,S12, PRDE,actvstrat=,-0.325465, actvprof=,5.370556, id=,S13, PRDE,actvstrat=,-0.660470, actvprof=,4.765556, id=,S14, PRDE,actvstrat=,-0.664674, actvprof=,5.033611, id=,S15, PRDE,actvstrat=,-0.701040, actvprof=,4.706667, id=,S16, PRDE,actvstrat=,-0.023234, actvprof=,6.891389, id=,S17, PRDE,actvstrat=,0.917768, actvprof=,10.771389, id=,S18, PRDE,actvstrat=,0.219565, actvprof=,8.484167, id=,S19, PRDE,actvstrat=,-0.067930, actvprof=,6.480278, id=,S20, PRDE,actvstrat=,0.794076, actvprof=,10.724722, id=,S21, PRDE,actvstrat=,0.853544, actvprof=,10.718889, id=,S22, PRDE,actvstrat=,-0.915554, actvprof=,2.954167, id=,S23, PRDE,actvstrat=,0.042719, actvprof=,8.060000, id=,S24, PRDE,actvstrat=,0.446430, actvprof=,8.943889, id=,S25, PRDE,actvstrat=,0.365409, actvprof=,8.710833, id=,S26, PRDE,actvstrat=,0.262749, actvprof=,8.264722, id=,S27, PRDE,actvstrat=,0.935000, actvprof=,10.819167, id=,S28, PRDE,actvstrat=,-0.064515, actvprof=,6.865278, id=,S29, PRDE,actvstrat=,-0.422629, actvprof=,5.850556, best_B_id=,B29, best_B_prof=,3.262500, best_B_strat=,-0.756699, best_S_id=,S27, best_S_prof=,10.819167, best_S_strat=,0.935000, 
t=,14400, id=,B00, PRDE,actvstrat=,-0.261914, actvprof=,2.051949, id=,B01, PRDE,actvstrat=,-0.469926, actvprof=,2.049866, id=,B02, PRDE,actvstrat=,0.938738, actvprof=,1.837088, id=,B03, PRDE,actvstrat=,-0.124195, actvprof=,2.223755, id=,B04, PRDE,actvstrat=,0.419974, actvprof=,2.642645, id=,B05, PRDE,actvstrat=,0.575739, actvprof=,2.828618, id=,B06, PRDE,actvstrat=,0.198621, actvprof=,2.449589, id=,B07, PRDE,actvstrat=,0.076441, actvprof=,2.251533, id=,B08, PRDE,actvstrat=,0.526687, actvprof=,2.620423, id=,B09, PRDE,actvstrat=,-0.417040, actvprof=,2.139866, id=,B10, PRDE,actvstrat=,-0.128600, actvprof=,2.139172, id=,B11, PRDE,actvstrat=,-0.304856, actvprof=,2.021810, id=,B12, PRDE,actvstrat=,0.605593, actvprof=,2.733617, id=,B13, PRDE,actvstrat=,-0.006977, actvprof=,2.076116, id=,B14, PRDE,actvstrat=,0.466167, actvprof=,2.644034, id=,B15, PRDE,actvstrat=,0.345152, actvprof=,2.632228, id=,B16, PRDE,actvstrat=,-0.293395, actvprof=,2.117922, id=,B17, PRDE,actvstrat=,-0.220737, actvprof=,2.055838, id=,B18, PRDE,actvstrat=,0.792748, actvprof=,2.601950, id=,B19, PRDE,actvstrat=,-0.695407, actvprof=,2.834729, id=,B20, PRDE,actvstrat=,0.475185, actvprof=,2.563061, id=,B21, PRDE,actvstrat=,0.297782, actvprof=,2.606117, id=,B22, PRDE,actvstrat=,-0.495914, actvprof=,2.147644, id=,B23, PRDE,actvstrat=,0.293826, actvprof=,2.484450, id=,B24, PRDE,actvstrat=,0.828362, actvprof=,2.468061, id=,B25, PRDE,actvstrat=,-0.238656, actvprof=,2.080699, id=,B26, PRDE,actvstrat=,-0.643020, actvprof=,2.723756, id=,B27, PRDE,actvstrat=,-0.686686, actvprof=,2.819590, id=,B28, PRDE,actvstrat=,-0.325176, actvprof=,2.075977, id=,B29, PRDE,actvstrat=,-0.756699, actvprof=,3.251952, id=,S00, PRDE,actvstrat=,-0.889465, actvprof=,2.789173, id=,S01, PRDE,actvstrat=,0.199756, actvprof=,8.297241, id=,S02, PRDE,actvstrat=,-0.718741, actvprof=,4.639872, id=,S03, PRDE,actvstrat=,0.383849, actvprof=,8.946410, id=,S04, PRDE,actvstrat=,-0.919910, actvprof=,2.928479, id=,S05, PRDE,actvstrat=,-0.222422, actvprof=,6.319737, id=,S06, PRDE,actvstrat=,0.374578, actvprof=,8.989604, id=,S07, PRDE,actvstrat=,0.035926, actvprof=,7.519740, id=,S08, PRDE,actvstrat=,0.489065, actvprof=,9.537939, id=,S09, PRDE,actvstrat=,-0.271885, actvprof=,5.546263, id=,S10, PRDE,actvstrat=,-0.941561, actvprof=,3.754731, id=,S11, PRDE,actvstrat=,-0.469158, actvprof=,5.582374, id=,S12, PRDE,actvstrat=,-0.325465, actvprof=,5.384318, id=,S13, PRDE,actvstrat=,-0.660470, actvprof=,4.851122, id=,S14, PRDE,actvstrat=,-0.664674, actvprof=,5.262373, id=,S15, PRDE,actvstrat=,-0.701040, actvprof=,4.809872, id=,S16, PRDE,actvstrat=,-0.023234, actvprof=,7.048766, id=,S17, PRDE,actvstrat=,0.917768, actvprof=,10.690303, id=,S18, PRDE,actvstrat=,0.219565, actvprof=,8.336547, id=,S19, PRDE,actvstrat=,-0.067930, actvprof=,6.674321, id=,S20, PRDE,actvstrat=,0.794076, actvprof=,10.568219, id=,S21, PRDE,actvstrat=,0.853544, actvprof=,10.763775, id=,S22, PRDE,actvstrat=,-0.915554, actvprof=,2.942923, id=,S23, PRDE,actvstrat=,0.042719, actvprof=,7.869463, id=,S24, PRDE,actvstrat=,0.446430, actvprof=,9.166827, id=,S25, PRDE,actvstrat=,0.365409, actvprof=,8.895715, id=,S26, PRDE,actvstrat=,0.262749, actvprof=,8.452936, id=,S27, PRDE,actvstrat=,0.935000, actvprof=,10.876831, id=,S28, PRDE,actvstrat=,-0.064515, actvprof=,6.670988, id=,S29, PRDE,actvstrat=,-0.422629, actvprof=,5.754180, best_B_id=,B29, best_B_prof=,3.251952, best_B_strat=,-0.756699, best_S_id=,S27, best_S_prof=,10.876831, best_S_strat=,0.935000, 
t=,18000, id=,B00, PRDE,actvstrat=,0.607632, actvprof=,3.183115, id=,B01, PRDE,actvstrat=,-0.551642, actvprof=,2.996444, id=,B02, PRDE,actvstrat=,0.160763, actvprof=,2.941166, id=,B03, PRDE,actvstrat=,-0.124195, actvprof=,2.816719, id=,B04, PRDE,actvstrat=,0.419974, actvprof=,2.979500, id=,B05, PRDE,actvstrat=,0.575739, actvprof=,3.119780, id=,B06, PRDE,actvstrat=,0.069009, actvprof=,2.486713, id=,B07, PRDE,actvstrat=,-0.373255, actvprof=,2.844219, id=,B08, PRDE,actvstrat=,-0.556460, actvprof=,3.063112, id=,B09, PRDE,actvstrat=,-0.341580, actvprof=,2.919776, id=,B10, PRDE,actvstrat=,-0.587669, actvprof=,3.254505, id=,B11, PRDE,actvstrat=,-0.977885, actvprof=,3.828960, id=,B12, PRDE,actvstrat=,0.970847, actvprof=,1.713921, id=,B13, PRDE,actvstrat=,-0.006977, actvprof=,3.061723, id=,B14, PRDE,actvstrat=,0.466167, actvprof=,3.253116, id=,B15, PRDE,actvstrat=,-0.092823, actvprof=,2.595326, id=,B16, PRDE,actvstrat=,0.552746, actvprof=,3.318117, id=,B17, PRDE,actvstrat=,0.875058, actvprof=,2.575048, id=,B18, PRDE,actvstrat=,0.281631, actvprof=,3.006167, id=,B19, PRDE,actvstrat=,-0.496136, actvprof=,3.011722, id=,B20, PRDE,actvstrat=,0.538754, actvprof=,2.981166, id=,B21, PRDE,actvstrat=,0.369036, actvprof=,3.150336, id=,B22, PRDE,actvstrat=,0.873968, actvprof=,2.508102, id=,B23, PRDE,actvstrat=,0.423296, actvprof=,3.070612, id=,B24, PRDE,actvstrat=,0.236953, actvprof=,2.904220, id=,B25, PRDE,actvstrat=,-0.081553, actvprof=,2.769218, id=,B26, PRDE,actvstrat=,-0.278432, actvprof=,2.558103, id=,B27, PRDE,actvstrat=,0.925388, actvprof=,2.090872, id=,B28, PRDE,actvstrat=,0.703764, actvprof=,3.102280, id=,B29, PRDE,actvstrat=,-0.426106, actvprof=,2.901998, id=,S00, PRDE,actvstrat=,0.719109, actvprof=,10.424637, id=,S01, PRDE,actvstrat=,-0.122594, actvprof=,7.024297, id=,S02, PRDE,actvstrat=,0.213274, actvprof=,8.668216, id=,S03, PRDE,actvstrat=,0.483425, actvprof=,9.220449, id=,S04, PRDE,actvstrat=,0.914329, actvprof=,10.486861, id=,S05, PRDE,actvstrat=,0.540344, actvprof=,9.526843, id=,S06, PRDE,actvstrat=,0.374578, actvprof=,8.636549, id=,S07, PRDE,actvstrat=,-0.429788, actvprof=,5.587048, id=,S08, PRDE,actvstrat=,0.215461, actvprof=,8.249597, id=,S09, PRDE,actvstrat=,0.544415, actvprof=,9.656845, id=,S10, PRDE,actvstrat=,0.564980, actvprof=,9.375451, id=,S11, PRDE,actvstrat=,-0.469158, actvprof=,6.100113, id=,S12, PRDE,actvstrat=,0.591922, actvprof=,9.726013, id=,S13, PRDE,actvstrat=,-0.660470, actvprof=,5.496491, id=,S14, PRDE,actvstrat=,-0.344482, actvprof=,6.115113, id=,S15, PRDE,actvstrat=,-0.701040, actvprof=,5.026482, id=,S16, PRDE,actvstrat=,-0.567154, actvprof=,5.652049, id=,S17, PRDE,actvstrat=,0.917768, actvprof=,10.436582, id=,S18, PRDE,actvstrat=,0.552321, actvprof=,9.420730, id=,S19, PRDE,actvstrat=,0.472281, actvprof=,9.271561, id=,S20, PRDE,actvstrat=,-0.432226, actvprof=,5.590104, id=,S21, PRDE,actvstrat=,0.853544, actvprof=,10.742977, id=,S22, PRDE,actvstrat=,-0.915554, actvprof=,3.432841, id=,S23, PRDE,actvstrat=,-0.686255, actvprof=,5.272875, id=,S24, PRDE,actvstrat=,0.660181, actvprof=,9.665179, id=,S25, PRDE,actvstrat=,0.513893, actvprof=,9.496287, id=,S26, PRDE,actvstrat=,0.836712, actvprof=,10.815200, id=,S27, PRDE,actvstrat=,0.711403, actvprof=,10.612697, id=,S28, PRDE,actvstrat=,-0.707623, actvprof=,4.542029, id=,S29, PRDE,actvstrat=,-0.473689, actvprof=,5.705661, best_B_id=,B11, best_B_prof=,3.828960, best_B_strat=,-0.977885, best_S_id=,S26, best_S_prof=,10.815200, best_S_strat=,0.836712, 
t=,21600, id=,B00, PRDE,actvstrat=,0.607632, actvprof=,3.154466, id=,B01, PRDE,actvstrat=,-0.551642, actvprof=,3.023354, id=,B02, PRDE,actvstrat=,0.160763, actvprof=,2.949743, id=,B03, PRDE,actvstrat=,-0.124195, actvprof=,2.834603, id=,B04, PRDE,actvstrat=,0.419974, actvprof=,3.057938, id=,B05, PRDE,actvstrat=,0.575739, actvprof=,3.093077, id=,B06, PRDE,actvstrat=,0.069009, actvprof=,2.604046, id=,B07, PRDE,actvstrat=,-0.373255, actvprof=,2.815436, id=,B08, PRDE,actvstrat=,-0.556460, actvprof=,3.123077, id=,B09, PRDE,actvstrat=,-0.341580, actvprof=,2.771547, id=,B10, PRDE,actvstrat=,-0.587669, actvprof=,3.194606, id=,B11, PRDE,actvstrat=,-0.977885, actvprof=,3.816832, id=,B12, PRDE,actvstrat=,0.970847, actvprof=,1.630706, id=,B13, PRDE,actvstrat=,-0.006977, actvprof=,2.832797, id=,B14, PRDE,actvstrat=,0.466167, actvprof=,3.162522, id=,B15, PRDE,actvstrat=,-0.092823, actvprof=,2.712658, id=,B16, PRDE,actvstrat=,0.552746, actvprof=,3.259328, id=,B17, PRDE,actvstrat=,0.875058, actvprof=,2.542657, id=,B18, PRDE,actvstrat=,0.281631, actvprof=,2.982382, id=,B19, PRDE,actvstrat=,-0.496136, actvprof=,2.942104, id=,B20, PRDE,actvstrat=,0.538754, actvprof=,3.042799, id=,B21, PRDE,actvstrat=,0.369036, actvprof=,3.070994, id=,B22, PRDE,actvstrat=,0.873968, actvprof=,2.495573, id=,B23, PRDE,actvstrat=,0.423296, actvprof=,3.142244, id=,B24, PRDE,actvstrat=,0.236953, actvprof=,2.924048, id=,B25, PRDE,actvstrat=,-0.081553, actvprof=,2.666546, id=,B26, PRDE,actvstrat=,-0.278432, actvprof=,2.638074, id=,B27, PRDE,actvstrat=,0.925388, actvprof=,2.094042, id=,B28, PRDE,actvstrat=,0.703764, actvprof=,3.064466, id=,B29, PRDE,actvstrat=,-0.426106, actvprof=,2.840575, id=,S00, PRDE,actvstrat=,0.719109, actvprof=,10.414100, id=,S01, PRDE,actvstrat=,-0.122594, actvprof=,6.775464, id=,S02, PRDE,actvstrat=,0.213274, actvprof=,8.299224, id=,S03, PRDE,actvstrat=,0.483425, actvprof=,9.310898, id=,S04, PRDE,actvstrat=,0.914329, actvprof=,10.450350, id=,S05, PRDE,actvstrat=,0.540344, actvprof=,9.587289, id=,S06, PRDE,actvstrat=,0.374578, actvprof=,8.761311, id=,S07, PRDE,actvstrat=,-0.429788, actvprof=,5.551289, id=,S08, PRDE,actvstrat=,0.215461, actvprof=,8.454781, id=,S09, PRDE,actvstrat=,0.544415, actvprof=,9.481733, id=,S10, PRDE,actvstrat=,0.564980, actvprof=,9.499927, id=,S11, PRDE,actvstrat=,-0.469158, actvprof=,5.839624, id=,S12, PRDE,actvstrat=,0.591922, actvprof=,9.894374, id=,S13, PRDE,actvstrat=,-0.660470, actvprof=,5.374898, id=,S14, PRDE,actvstrat=,-0.344482, actvprof=,5.944208, id=,S15, PRDE,actvstrat=,-0.701040, actvprof=,4.962673, id=,S16, PRDE,actvstrat=,-0.567154, actvprof=,5.721151, id=,S17, PRDE,actvstrat=,0.917768, actvprof=,10.550351, id=,S18, PRDE,actvstrat=,0.552321, actvprof=,9.637567, id=,S19, PRDE,actvstrat=,0.472281, actvprof=,9.324093, id=,S20, PRDE,actvstrat=,-0.432226, actvprof=,5.580178, id=,S21, PRDE,actvstrat=,0.853544, actvprof=,10.713408, id=,S22, PRDE,actvstrat=,-0.915554, actvprof=,3.551136, id=,S23, PRDE,actvstrat=,-0.686255, actvprof=,5.272676, id=,S24, PRDE,actvstrat=,0.660181, actvprof=,9.853124, id=,S25, PRDE,actvstrat=,0.513893, actvprof=,9.394649, id=,S26, PRDE,actvstrat=,0.836712, actvprof=,10.755214, id=,S27, PRDE,actvstrat=,0.711403, actvprof=,10.503128, id=,S28, PRDE,actvstrat=,-0.707623, actvprof=,4.688227, id=,S29, PRDE,actvstrat=,-0.473689, actvprof=,5.571983, best_B_id=,B11, best_B_prof=,3.816832, best_B_strat=,-0.977885, best_S_id=,S26, best_S_prof=,10.755214, best_S_strat=,0.836712, 
t=,25200, id=,B00, PRDE,actvstrat=,0.762173, actvprof=,2.477569, id=,B01, PRDE,actvstrat=,0.257163, actvprof=,2.086169, id=,B02, PRDE,actvstrat=,0.896421, actvprof=,2.042001, id=,B03, PRDE,actvstrat=,-0.207399, actvprof=,1.941998, id=,B04, PRDE,actvstrat=,-0.749775, actvprof=,2.780077, id=,B05, PRDE,actvstrat=,0.693536, actvprof=,2.418956, id=,B06, PRDE,actvstrat=,1.000000, actvprof=,1.150032, id=,B07, PRDE,actvstrat=,-0.168892, actvprof=,1.999778, id=,B08, PRDE,actvstrat=,0.274352, actvprof=,2.250896, id=,B09, PRDE,actvstrat=,0.071956, actvprof=,1.978944, id=,B10, PRDE,actvstrat=,0.224847, actvprof=,2.109225, id=,B11, PRDE,actvstrat=,0.340092, actvprof=,2.131726, id=,B12, PRDE,actvstrat=,0.043747, actvprof=,1.975888, id=,B13, PRDE,actvstrat=,0.301382, actvprof=,2.235340, id=,B14, PRDE,actvstrat=,-0.441072, actvprof=,1.910331, id=,B15, PRDE,actvstrat=,0.135168, actvprof=,2.142837, id=,B16, PRDE,actvstrat=,-0.096770, actvprof=,1.898386, id=,B17, PRDE,actvstrat=,-0.056452, actvprof=,1.961443, id=,B18, PRDE,actvstrat=,-1.000000, actvprof=,3.142032, id=,B19, PRDE,actvstrat=,-0.132061, actvprof=,1.766994, id=,B20, PRDE,actvstrat=,0.509408, actvprof=,2.492847, id=,B21, PRDE,actvstrat=,-0.491214, actvprof=,1.963943, id=,B22, PRDE,actvstrat=,0.214814, actvprof=,2.241173, id=,B23, PRDE,actvstrat=,1.000000, actvprof=,1.188089, id=,B24, PRDE,actvstrat=,0.509459, actvprof=,2.286175, id=,B25, PRDE,actvstrat=,0.881498, actvprof=,2.141726, id=,B26, PRDE,actvstrat=,-0.990698, actvprof=,2.823967, id=,B27, PRDE,actvstrat=,0.396485, actvprof=,2.237007, id=,B28, PRDE,actvstrat=,0.734408, actvprof=,2.514237, id=,B29, PRDE,actvstrat=,-1.000000, actvprof=,2.968694, id=,S00, PRDE,actvstrat=,0.010854, actvprof=,7.658268, id=,S01, PRDE,actvstrat=,0.548126, actvprof=,10.237229, id=,S02, PRDE,actvstrat=,1.000000, actvprof=,11.545321, id=,S03, PRDE,actvstrat=,-1.000000, actvprof=,9.970277, id=,S04, PRDE,actvstrat=,-0.923556, actvprof=,3.240923, id=,S05, PRDE,actvstrat=,-0.780668, actvprof=,4.457624, id=,S06, PRDE,actvstrat=,0.672362, actvprof=,11.017528, id=,S07, PRDE,actvstrat=,0.783414, actvprof=,11.348649, id=,S08, PRDE,actvstrat=,0.562845, actvprof=,10.345565, id=,S09, PRDE,actvstrat=,0.194508, actvprof=,8.500514, id=,S10, PRDE,actvstrat=,0.755602, actvprof=,11.112253, id=,S11, PRDE,actvstrat=,0.644705, actvprof=,10.787522, id=,S12, PRDE,actvstrat=,-0.067180, actvprof=,7.612989, id=,S13, PRDE,actvstrat=,-0.725216, actvprof=,5.577377, id=,S14, PRDE,actvstrat=,-0.928645, actvprof=,3.238701, id=,S15, PRDE,actvstrat=,-0.814415, actvprof=,3.771494, id=,S16, PRDE,actvstrat=,0.128197, actvprof=,8.483569, id=,S17, PRDE,actvstrat=,-0.116102, actvprof=,7.170477, id=,S18, PRDE,actvstrat=,0.346795, actvprof=,9.639990, id=,S19, PRDE,actvstrat=,0.165009, actvprof=,8.016889, id=,S20, PRDE,actvstrat=,-1.000000, actvprof=,10.245840, id=,S21, PRDE,actvstrat=,-0.279302, actvprof=,6.493514, id=,S22, PRDE,actvstrat=,0.473285, actvprof=,9.949165, id=,S23, PRDE,actvstrat=,-0.713495, actvprof=,5.576266, id=,S24, PRDE,actvstrat=,0.128775, actvprof=,8.325509, id=,S25, PRDE,actvstrat=,0.371689, actvprof=,10.001389, id=,S26, PRDE,actvstrat=,-0.587266, actvprof=,5.771549, id=,S27, PRDE,actvstrat=,0.340771, actvprof=,9.503042, id=,S28, PRDE,actvstrat=,1.000000, actvprof=,11.390872, id=,S29, PRDE,actvstrat=,-0.710324, actvprof=,5.448762, best_B_id=,B18, best_B_prof=,3.142032, best_B_strat=,-1.000000, best_S_id=,S02, best_S_prof=,11.545321, best_S_strat=,1.000000, 
t=,28800, id=,B00, PRDE,actvstrat=,0.762173, actvprof=,2.495035, id=,B01, PRDE,actvstrat=,0.257163, actvprof=,2.218503, id=,B02, PRDE,actvstrat=,0.896421, actvprof=,1.988083, id=,B03, PRDE,actvstrat=,-0.207399, actvprof=,1.916832, id=,B04, PRDE,actvstrat=,-0.749775, actvprof=,2.918791, id=,B05, PRDE,actvstrat=,0.693536, actvprof=,2.488507, id=,B06, PRDE,actvstrat=,1.000000, actvprof=,1.152933, id=,B07, PRDE,actvstrat=,-0.168892, actvprof=,1.948638, id=,B08, PRDE,actvstrat=,0.274352, actvprof=,2.206975, id=,B09, PRDE,actvstrat=,0.071956, actvprof=,1.911693, id=,B10, PRDE,actvstrat=,0.224847, actvprof=,2.201697, id=,B11, PRDE,actvstrat=,0.340092, actvprof=,2.218642, id=,B12, PRDE,actvstrat=,0.043747, actvprof=,1.929193, id=,B13, PRDE,actvstrat=,0.301382, actvprof=,2.321282, id=,B14, PRDE,actvstrat=,-0.441072, actvprof=,1.919193, id=,B15, PRDE,actvstrat=,0.135168, actvprof=,2.073084, id=,B16, PRDE,actvstrat=,-0.096770, actvprof=,1.918916, id=,B17, PRDE,actvstrat=,-0.056452, actvprof=,1.974611, id=,B18, PRDE,actvstrat=,-1.000000, actvprof=,3.076987, id=,B19, PRDE,actvstrat=,-0.132061, actvprof=,1.855165, id=,B20, PRDE,actvstrat=,0.509408, actvprof=,2.473507, id=,B21, PRDE,actvstrat=,-0.491214, actvprof=,2.007250, id=,B22, PRDE,actvstrat=,0.214814, actvprof=,2.235031, id=,B23, PRDE,actvstrat=,1.000000, actvprof=,1.171127, id=,B24, PRDE,actvstrat=,0.509459, actvprof=,2.332671, id=,B25, PRDE,actvstrat=,0.881498, actvprof=,2.136141, id=,B26, PRDE,actvstrat=,-0.990698, actvprof=,2.785178, id=,B27, PRDE,actvstrat=,0.396485, actvprof=,2.258642, id=,B28, PRDE,actvstrat=,0.734408, actvprof=,2.487118, id=,B29, PRDE,actvstrat=,-1.000000, actvprof=,3.027542, id=,S00, PRDE,actvstrat=,0.010854, actvprof=,7.908860, id=,S01, PRDE,actvstrat=,0.548126, actvprof=,10.217920, id=,S02, PRDE,actvstrat=,1.000000, actvprof=,11.492660, id=,S03, PRDE,actvstrat=,-1.000000, actvprof=,10.071112, id=,S04, PRDE,actvstrat=,-0.923556, actvprof=,3.140877, id=,S05, PRDE,actvstrat=,-0.780668, actvprof=,4.665620, id=,S06, PRDE,actvstrat=,0.672362, actvprof=,10.872790, id=,S07, PRDE,actvstrat=,0.783414, actvprof=,11.305574, id=,S08, PRDE,actvstrat=,0.562845, actvprof=,10.333199, id=,S09, PRDE,actvstrat=,0.194508, actvprof=,8.527341, id=,S10, PRDE,actvstrat=,0.755602, actvprof=,11.078209, id=,S11, PRDE,actvstrat=,0.644705, actvprof=,10.803206, id=,S12, PRDE,actvstrat=,-0.067180, actvprof=,7.503576, id=,S13, PRDE,actvstrat=,-0.725216, actvprof=,5.305907, id=,S14, PRDE,actvstrat=,-0.928645, actvprof=,3.302129, id=,S15, PRDE,actvstrat=,-0.814415, actvprof=,3.848248, id=,S16, PRDE,actvstrat=,0.128197, actvprof=,8.541785, id=,S17, PRDE,actvstrat=,-0.116102, actvprof=,7.093571, id=,S18, PRDE,actvstrat=,0.346795, actvprof=,9.543327, id=,S19, PRDE,actvstrat=,0.165009, actvprof=,8.219697, id=,S20, PRDE,actvstrat=,-1.000000, actvprof=,10.305560, id=,S21, PRDE,actvstrat=,-0.279302, actvprof=,6.381894, id=,S22, PRDE,actvstrat=,0.473285, actvprof=,9.958055, id=,S23, PRDE,actvstrat=,-0.713495, actvprof=,5.319241, id=,S24, PRDE,actvstrat=,0.128775, actvprof=,8.306365, id=,S25, PRDE,actvstrat=,0.371689, actvprof=,9.826803, id=,S26, PRDE,actvstrat=,-0.587266, actvprof=,5.820359, id=,S27, PRDE,actvstrat=,0.340771, actvprof=,9.496937, id=,S28, PRDE,actvstrat=,1.000000, actvprof=,11.463076, id=,S29, PRDE,actvstrat=,-0.710324, actvprof=,5.534799, best_B_id=,B18, best_B_prof=,3.076987, best_B_strat=,-1.000000, best_S_id=,S02, best_S_prof=,11.492660, best_S_strat=,1.000000, 
t=,32400, id=,B00, PRDE,actvstrat=,-0.261914, actvprof=,2.764534, id=,B01, PRDE,actvstrat=,-0.469926, actvprof=,2.834259, id=,B02, PRDE,actvstrat=,0.896421, actvprof=,2.428968, id=,B03, PRDE,actvstrat=,-0.225778, actvprof=,2.605918, id=,B04, PRDE,actvstrat=,0.876984, actvprof=,2.591751, id=,B05, PRDE,actvstrat=,-0.130241, actvprof=,2.519526, id=,B06, PRDE,actvstrat=,0.198621, actvprof=,2.939262, id=,B07, PRDE,actvstrat=,0.076441, actvprof=,2.704532, id=,B08, PRDE,actvstrat=,0.274352, actvprof=,2.945651, id=,B09, PRDE,actvstrat=,0.071956, actvprof=,2.648141, id=,B10, PRDE,actvstrat=,-0.128600, actvprof=,2.726477, id=,B11, PRDE,actvstrat=,-0.917718, actvprof=,4.625428, id=,B12, PRDE,actvstrat=,-0.275157, actvprof=,2.593973, id=,B13, PRDE,actvstrat=,0.301382, actvprof=,3.115101, id=,B14, PRDE,actvstrat=,-0.441072, actvprof=,3.170936, id=,B15, PRDE,actvstrat=,0.135168, actvprof=,2.672864, id=,B16, PRDE,actvstrat=,-0.293395, actvprof=,2.859259, id=,B17, PRDE,actvstrat=,-0.056452, actvprof=,2.750645, id=,B18, PRDE,actvstrat=,0.525561, actvprof=,3.426222, id=,B19, PRDE,actvstrat=,-0.132061, actvprof=,2.956485, id=,B20, PRDE,actvstrat=,0.475185, actvprof=,3.236494, id=,B21, PRDE,actvstrat=,0.297782, actvprof=,2.918706, id=,B22, PRDE,actvstrat=,-0.495914, actvprof=,2.863148, id=,B23, PRDE,actvstrat=,0.293826, actvprof=,2.990652, id=,B24, PRDE,actvstrat=,-0.520486, actvprof=,2.837036, id=,B25, PRDE,actvstrat=,0.740491, actvprof=,3.156491, id=,B26, PRDE,actvstrat=,0.500127, actvprof=,3.302329, id=,B27, PRDE,actvstrat=,0.396485, actvprof=,3.197604, id=,B28, PRDE,actvstrat=,-0.325176, actvprof=,2.740922, id=,B29, PRDE,actvstrat=,-0.803241, actvprof=,4.384587, id=,S00, PRDE,actvstrat=,0.010854, actvprof=,7.026894, id=,S01, PRDE,actvstrat=,0.937987, actvprof=,9.950322, id=,S02, PRDE,actvstrat=,0.110610, actvprof=,7.076896, id=,S03, PRDE,actvstrat=,0.333864, actvprof=,8.204710, id=,S04, PRDE,actvstrat=,0.914329, actvprof=,10.170052, id=,S05, PRDE,actvstrat=,0.540344, actvprof=,8.843620, id=,S06, PRDE,actvstrat=,0.765715, actvprof=,10.201164, id=,S07, PRDE,actvstrat=,0.783414, actvprof=,10.000046, id=,S08, PRDE,actvstrat=,0.562845, actvprof=,8.985291, id=,S09, PRDE,actvstrat=,-0.271885, actvprof=,5.238503, id=,S10, PRDE,actvstrat=,0.426324, actvprof=,8.628335, id=,S11, PRDE,actvstrat=,0.644705, actvprof=,9.681703, id=,S12, PRDE,actvstrat=,-0.604511, actvprof=,4.801822, id=,S13, PRDE,actvstrat=,0.618870, actvprof=,9.458918, id=,S14, PRDE,actvstrat=,-0.928645, actvprof=,3.844847, id=,S15, PRDE,actvstrat=,-0.527610, actvprof=,4.965994, id=,S16, PRDE,actvstrat=,0.128197, actvprof=,7.303570, id=,S17, PRDE,actvstrat=,-0.116102, actvprof=,6.049085, id=,S18, PRDE,actvstrat=,0.219565, actvprof=,7.728584, id=,S19, PRDE,actvstrat=,-0.684090, actvprof=,5.036830, id=,S20, PRDE,actvstrat=,-0.354356, actvprof=,5.294616, id=,S21, PRDE,actvstrat=,0.661569, actvprof=,9.403360, id=,S22, PRDE,actvstrat=,0.473285, actvprof=,8.940568, id=,S23, PRDE,actvstrat=,-0.893873, actvprof=,3.084822, id=,S24, PRDE,actvstrat=,-0.604693, actvprof=,4.705152, id=,S25, PRDE,actvstrat=,0.277932, actvprof=,8.115819, id=,S26, PRDE,actvstrat=,-0.587266, actvprof=,5.279893, id=,S27, PRDE,actvstrat=,0.340771, actvprof=,8.231378, id=,S28, PRDE,actvstrat=,-0.611241, actvprof=,5.150445, id=,S29, PRDE,actvstrat=,-0.422629, actvprof=,5.387675, best_B_id=,B11, best_B_prof=,4.625428, best_B_strat=,-0.917718, best_S_id=,S06, best_S_prof=,10.201164, best_S_strat=,0.765715, 
t=,36000, id=,B00, PRDE,actvstrat=,-0.261914, actvprof=,2.755190, id=,B01, PRDE,actvstrat=,-0.469926, actvprof=,2.860331, id=,B02, PRDE,actvstrat=,0.896421, actvprof=,2.428934, id=,B03, PRDE,actvstrat=,-0.225778, actvprof=,2.584631, id=,B04, PRDE,actvstrat=,0.876984, actvprof=,2.555186, id=,B05, PRDE,actvstrat=,-0.130241, actvprof=,2.578798, id=,B06, PRDE,actvstrat=,0.198621, actvprof=,2.801996, id=,B07, PRDE,actvstrat=,0.076441, actvprof=,2.668383, id=,B08, PRDE,actvstrat=,0.274352, actvprof=,2.933527, id=,B09, PRDE,actvstrat=,0.071956, actvprof=,2.655744, id=,B10, PRDE,actvstrat=,-0.128600, actvprof=,2.723523, id=,B11, PRDE,actvstrat=,-0.917718, actvprof=,4.590363, id=,B12, PRDE,actvstrat=,-0.275157, actvprof=,2.530186, id=,B13, PRDE,actvstrat=,0.301382, actvprof=,3.011445, id=,B14, PRDE,actvstrat=,-0.441072, actvprof=,3.005333, id=,B15, PRDE,actvstrat=,0.135168, actvprof=,2.678661, id=,B16, PRDE,actvstrat=,-0.293395, actvprof=,2.647271, id=,B17, PRDE,actvstrat=,-0.056452, actvprof=,2.562686, id=,B18, PRDE,actvstrat=,0.525561, actvprof=,3.328256, id=,B19, PRDE,actvstrat=,-0.132061, actvprof=,2.798107, id=,B20, PRDE,actvstrat=,0.475185, actvprof=,3.239504, id=,B21, PRDE,actvstrat=,0.297782, actvprof=,2.986444, id=,B22, PRDE,actvstrat=,-0.495914, actvprof=,2.879914, id=,B23, PRDE,actvstrat=,0.293826, actvprof=,2.946582, id=,B24, PRDE,actvstrat=,-0.520486, actvprof=,3.027973, id=,B25, PRDE,actvstrat=,0.740491, actvprof=,3.136447, id=,B26, PRDE,actvstrat=,0.500127, actvprof=,3.147975, id=,B27, PRDE,actvstrat=,0.396485, actvprof=,3.140891, id=,B28, PRDE,actvstrat=,-0.325176, actvprof=,2.641993, id=,B29, PRDE,actvstrat=,-0.803241, actvprof=,4.258829, id=,S00, PRDE,actvstrat=,0.010854, actvprof=,6.992213, id=,S01, PRDE,actvstrat=,0.937987, actvprof=,10.093798, id=,S02, PRDE,actvstrat=,0.110610, actvprof=,7.124715, id=,S03, PRDE,actvstrat=,0.333864, actvprof=,8.335988, id=,S04, PRDE,actvstrat=,0.914329, actvprof=,10.286163, id=,S05, PRDE,actvstrat=,0.540344, actvprof=,9.003222, id=,S06, PRDE,actvstrat=,0.765715, actvprof=,10.147549, id=,S07, PRDE,actvstrat=,0.783414, actvprof=,9.957268, id=,S08, PRDE,actvstrat=,0.562845, actvprof=,9.162670, id=,S09, PRDE,actvstrat=,-0.271885, actvprof=,5.315098, id=,S10, PRDE,actvstrat=,0.426324, actvprof=,8.790441, id=,S11, PRDE,actvstrat=,0.644705, actvprof=,9.774764, id=,S12, PRDE,actvstrat=,-0.604511, actvprof=,4.865368, id=,S13, PRDE,actvstrat=,0.618870, actvprof=,9.610178, id=,S14, PRDE,actvstrat=,-0.928645, actvprof=,3.707430, id=,S15, PRDE,actvstrat=,-0.527610, actvprof=,4.992592, id=,S16, PRDE,actvstrat=,0.128197, actvprof=,7.089992, id=,S17, PRDE,actvstrat=,-0.116102, actvprof=,6.013861, id=,S18, PRDE,actvstrat=,0.219565, actvprof=,7.848062, id=,S19, PRDE,actvstrat=,-0.684090, actvprof=,4.877174, id=,S20, PRDE,actvstrat=,-0.354356, actvprof=,5.202457, id=,S21, PRDE,actvstrat=,0.661569, actvprof=,9.571844, id=,S22, PRDE,actvstrat=,0.473285, actvprof=,9.011556, id=,S23, PRDE,actvstrat=,-0.893873, actvprof=,3.090335, id=,S24, PRDE,actvstrat=,-0.604693, actvprof=,4.739393, id=,S25, PRDE,actvstrat=,0.277932, actvprof=,8.259320, id=,S26, PRDE,actvstrat=,-0.587266, actvprof=,5.110650, id=,S27, PRDE,actvstrat=,0.340771, actvprof=,8.200846, id=,S28, PRDE,actvstrat=,-0.611241, actvprof=,4.932730, id=,S29, PRDE,actvstrat=,-0.422629, actvprof=,5.392878, best_B_id=,B11, best_B_prof=,4.590363, best_B_strat=,-0.917718, best_S_id=,S04, best_S_prof=,10.286163, best_S_strat=,0.914329, 
t=,39600, id=,B00, PRDE,actvstrat=,1.000000, actvprof=,1.552258, id=,B01, PRDE,actvstrat=,-0.324508, actvprof=,3.035348, id=,B02, PRDE,actvstrat=,0.896421, actvprof=,2.348943, id=,B03, PRDE,actvstrat=,-0.225778, actvprof=,2.782842, id=,B04, PRDE,actvstrat=,0.248543, actvprof=,3.145628, id=,B05, PRDE,actvstrat=,-0.190298, actvprof=,2.680062, id=,B06, PRDE,actvstrat=,-0.178156, actvprof=,2.862011, id=,B07, PRDE,actvstrat=,0.260106, actvprof=,2.862566, id=,B08, PRDE,actvstrat=,-0.467119, actvprof=,3.120350, id=,B09, PRDE,actvstrat=,0.084229, actvprof=,2.551170, id=,B10, PRDE,actvstrat=,-0.128600, actvprof=,2.811176, id=,B11, PRDE,actvstrat=,-0.697088, actvprof=,3.845367, id=,B12, PRDE,actvstrat=,1.000000, actvprof=,1.525591, id=,B13, PRDE,actvstrat=,0.257491, actvprof=,3.216463, id=,B14, PRDE,actvstrat=,-0.336090, actvprof=,2.939790, id=,B15, PRDE,actvstrat=,0.555137, actvprof=,3.387856, id=,B16, PRDE,actvstrat=,-0.398746, actvprof=,2.732563, id=,B17, PRDE,actvstrat=,-0.294054, actvprof=,2.811454, id=,B18, PRDE,actvstrat=,0.414318, actvprof=,3.195630, id=,B19, PRDE,actvstrat=,-1.000000, actvprof=,4.175374, id=,B20, PRDE,actvstrat=,1.000000, actvprof=,1.603648, id=,B21, PRDE,actvstrat=,0.211189, actvprof=,2.895345, id=,B22, PRDE,actvstrat=,1.000000, actvprof=,1.559758, id=,B23, PRDE,actvstrat=,1.000000, actvprof=,1.700873, id=,B24, PRDE,actvstrat=,-0.663993, actvprof=,3.830366, id=,B25, PRDE,actvstrat=,-0.958521, actvprof=,3.836200, id=,B26, PRDE,actvstrat=,0.271498, actvprof=,2.970624, id=,B27, PRDE,actvstrat=,-1.000000, actvprof=,3.826477, id=,B28, PRDE,actvstrat=,1.000000, actvprof=,1.669483, id=,B29, PRDE,actvstrat=,0.025152, actvprof=,2.530336, id=,S00, PRDE,actvstrat=,-0.931679, actvprof=,4.625940, id=,S01, PRDE,actvstrat=,-0.566266, actvprof=,5.674020, id=,S02, PRDE,actvstrat=,0.102035, actvprof=,7.755180, id=,S03, PRDE,actvstrat=,1.000000, actvprof=,10.357184, id=,S04, PRDE,actvstrat=,-0.056966, actvprof=,6.669321, id=,S05, PRDE,actvstrat=,0.365563, actvprof=,8.822704, id=,S06, PRDE,actvstrat=,0.765715, actvprof=,10.718026, id=,S07, PRDE,actvstrat=,0.946534, actvprof=,10.505521, id=,S08, PRDE,actvstrat=,0.587527, actvprof=,9.831339, id=,S09, PRDE,actvstrat=,-1.000000, actvprof=,10.284405, id=,S10, PRDE,actvstrat=,0.337484, actvprof=,8.943818, id=,S11, PRDE,actvstrat=,-1.000000, actvprof=,10.287183, id=,S12, PRDE,actvstrat=,-0.075027, actvprof=,6.900993, id=,S13, PRDE,actvstrat=,0.507881, actvprof=,9.321882, id=,S14, PRDE,actvstrat=,-0.143338, actvprof=,6.296535, id=,S15, PRDE,actvstrat=,0.201374, actvprof=,7.965462, id=,S16, PRDE,actvstrat=,0.128197, actvprof=,7.869904, id=,S17, PRDE,actvstrat=,0.348171, actvprof=,8.676312, id=,S18, PRDE,actvstrat=,0.172593, actvprof=,7.756568, id=,S19, PRDE,actvstrat=,-0.788913, actvprof=,4.243709, id=,S20, PRDE,actvstrat=,-1.000000, actvprof=,10.299405, id=,S21, PRDE,actvstrat=,0.517735, actvprof=,9.261048, id=,S22, PRDE,actvstrat=,1.000000, actvprof=,10.278571, id=,S23, PRDE,actvstrat=,-0.381875, actvprof=,6.302368, id=,S24, PRDE,actvstrat=,-0.032914, actvprof=,7.048774, id=,S25, PRDE,actvstrat=,0.446694, actvprof=,8.850205, id=,S26, PRDE,actvstrat=,-0.428115, actvprof=,5.557629, id=,S27, PRDE,actvstrat=,-1.000000, actvprof=,9.939675, id=,S28, PRDE,actvstrat=,1.000000, actvprof=,10.470242, id=,S29, PRDE,actvstrat=,-0.516573, actvprof=,5.421514, best_B_id=,B19, best_B_prof=,4.175374, best_B_strat=,-1.000000, best_S_id=,S06, best_S_prof=,10.718026, best_S_strat=,0.765715, 
t=,43200, id=,B00, PRDE,actvstrat=,1.000000, actvprof=,1.614058, id=,B01, PRDE,actvstrat=,-0.324508, actvprof=,2.866998, id=,B02, PRDE,actvstrat=,0.896421, actvprof=,2.449768, id=,B03, PRDE,actvstrat=,-0.225778, actvprof=,2.888942, id=,B04, PRDE,actvstrat=,0.248543, actvprof=,3.130891, id=,B05, PRDE,actvstrat=,-0.190298, actvprof=,2.832552, id=,B06, PRDE,actvstrat=,-0.178156, actvprof=,2.974222, id=,B07, PRDE,actvstrat=,0.260106, actvprof=,2.894220, id=,B08, PRDE,actvstrat=,-0.467119, actvprof=,3.070196, id=,B09, PRDE,actvstrat=,0.084229, actvprof=,2.764773, id=,B10, PRDE,actvstrat=,-0.128600, actvprof=,2.924637, id=,B11, PRDE,actvstrat=,-0.697088, actvprof=,3.848821, id=,B12, PRDE,actvstrat=,1.000000, actvprof=,1.561973, id=,B13, PRDE,actvstrat=,0.257491, actvprof=,3.130891, id=,B14, PRDE,actvstrat=,-0.336090, actvprof=,2.833941, id=,B15, PRDE,actvstrat=,0.555137, actvprof=,3.423536, id=,B16, PRDE,actvstrat=,-0.398746, actvprof=,2.869081, id=,B17, PRDE,actvstrat=,-0.294054, actvprof=,2.759634, id=,B18, PRDE,actvstrat=,0.414318, actvprof=,3.223810, id=,B19, PRDE,actvstrat=,-1.000000, actvprof=,4.029102, id=,B20, PRDE,actvstrat=,1.000000, actvprof=,1.588918, id=,B21, PRDE,actvstrat=,0.211189, actvprof=,2.959777, id=,B22, PRDE,actvstrat=,1.000000, actvprof=,1.576001, id=,B23, PRDE,actvstrat=,1.000000, actvprof=,1.712948, id=,B24, PRDE,actvstrat=,-0.663993, actvprof=,3.729930, id=,B25, PRDE,actvstrat=,-0.958521, actvprof=,3.812709, id=,B26, PRDE,actvstrat=,0.271498, actvprof=,3.062140, id=,B27, PRDE,actvstrat=,-1.000000, actvprof=,3.796598, id=,B28, PRDE,actvstrat=,1.000000, actvprof=,1.730588, id=,B29, PRDE,actvstrat=,0.025152, actvprof=,2.593104, id=,S00, PRDE,actvstrat=,-0.931679, actvprof=,4.656058, id=,S01, PRDE,actvstrat=,-0.566266, actvprof=,5.413017, id=,S02, PRDE,actvstrat=,0.102035, actvprof=,7.834867, id=,S03, PRDE,actvstrat=,1.000000, actvprof=,10.438249, id=,S04, PRDE,actvstrat=,-0.056966, actvprof=,7.004157, id=,S05, PRDE,actvstrat=,0.365563, actvprof=,8.901970, id=,S06, PRDE,actvstrat=,0.765715, actvprof=,10.660892, id=,S07, PRDE,actvstrat=,0.946534, actvprof=,10.378942, id=,S08, PRDE,actvstrat=,0.587527, actvprof=,9.855321, id=,S09, PRDE,actvstrat=,-1.000000, actvprof=,10.243801, id=,S10, PRDE,actvstrat=,0.337484, actvprof=,8.841275, id=,S11, PRDE,actvstrat=,-1.000000, actvprof=,10.335191, id=,S12, PRDE,actvstrat=,-0.075027, actvprof=,6.929295, id=,S13, PRDE,actvstrat=,0.507881, actvprof=,9.303783, id=,S14, PRDE,actvstrat=,-0.143338, actvprof=,6.243032, id=,S15, PRDE,actvstrat=,0.201374, actvprof=,8.024315, id=,S16, PRDE,actvstrat=,0.128197, actvprof=,7.753477, id=,S17, PRDE,actvstrat=,0.348171, actvprof=,8.771829, id=,S18, PRDE,actvstrat=,0.172593, actvprof=,7.714171, id=,S19, PRDE,actvstrat=,-0.788913, actvprof=,4.470083, id=,S20, PRDE,actvstrat=,-1.000000, actvprof=,10.251023, id=,S21, PRDE,actvstrat=,0.517735, actvprof=,9.261838, id=,S22, PRDE,actvstrat=,1.000000, actvprof=,10.285746, id=,S23, PRDE,actvstrat=,-0.381875, actvprof=,5.999000, id=,S24, PRDE,actvstrat=,-0.032914, actvprof=,7.252079, id=,S25, PRDE,actvstrat=,0.446694, actvprof=,9.125030, id=,S26, PRDE,actvstrat=,-0.428115, actvprof=,5.512602, id=,S27, PRDE,actvstrat=,-1.000000, actvprof=,10.127826, id=,S28, PRDE,actvstrat=,1.000000, actvprof=,10.350469, id=,S29, PRDE,actvstrat=,-0.516573, actvprof=,5.378711, best_B_id=,B19, best_B_prof=,4.029102, best_B_strat=,-1.000000, best_S_id=,S06, best_S_prof=,10.660892, best_S_strat=,0.765715, 
t=,46800, id=,B00, PRDE,actvstrat=,0.564181, actvprof=,3.323209, id=,B01, PRDE,actvstrat=,0.119316, actvprof=,2.909857, id=,B02, PRDE,actvstrat=,0.573538, actvprof=,3.107644, id=,B03, PRDE,actvstrat=,-0.207399, actvprof=,2.835687, id=,B04, PRDE,actvstrat=,-0.901320, actvprof=,4.497153, id=,B05, PRDE,actvstrat=,-0.297067, actvprof=,2.612343, id=,B06, PRDE,actvstrat=,0.921255, actvprof=,2.181212, id=,B07, PRDE,actvstrat=,-0.168892, actvprof=,2.770128, id=,B08, PRDE,actvstrat=,0.149805, actvprof=,2.801796, id=,B09, PRDE,actvstrat=,-0.172649, actvprof=,2.676791, id=,B10, PRDE,actvstrat=,0.224847, actvprof=,2.744016, id=,B11, PRDE,actvstrat=,0.830381, actvprof=,2.822075, id=,B12, PRDE,actvstrat=,0.043747, actvprof=,2.752072, id=,B13, PRDE,actvstrat=,0.842287, actvprof=,2.614843, id=,B14, PRDE,actvstrat=,-0.110075, actvprof=,2.667624, id=,B15, PRDE,actvstrat=,-0.724722, actvprof=,4.067411, id=,B16, PRDE,actvstrat=,-0.351923, actvprof=,3.007917, id=,B17, PRDE,actvstrat=,0.234100, actvprof=,2.927080, id=,B18, PRDE,actvstrat=,-1.000000, actvprof=,3.968239, id=,B19, PRDE,actvstrat=,0.574487, actvprof=,3.236261, id=,B20, PRDE,actvstrat=,0.509408, actvprof=,2.950970, id=,B21, PRDE,actvstrat=,-0.491214, actvprof=,2.909301, id=,B22, PRDE,actvstrat=,0.940970, actvprof=,1.857030, id=,B23, PRDE,actvstrat=,-0.115452, actvprof=,2.652067, id=,B24, PRDE,actvstrat=,0.509459, actvprof=,3.107366, id=,B25, PRDE,actvstrat=,-0.238656, actvprof=,2.801241, id=,B26, PRDE,actvstrat=,0.271498, actvprof=,2.955415, id=,B27, PRDE,actvstrat=,-0.284022, actvprof=,2.939025, id=,B28, PRDE,actvstrat=,1.000000, actvprof=,1.327561, id=,B29, PRDE,actvstrat=,0.025152, actvprof=,2.484004, id=,S00, PRDE,actvstrat=,0.014589, actvprof=,7.382008, id=,S01, PRDE,actvstrat=,0.548126, actvprof=,9.500162, id=,S02, PRDE,actvstrat=,-0.718741, actvprof=,5.250243, id=,S03, PRDE,actvstrat=,0.447412, actvprof=,9.156813, id=,S04, PRDE,actvstrat=,0.565941, actvprof=,9.562665, id=,S05, PRDE,actvstrat=,-0.222422, actvprof=,5.439141, id=,S06, PRDE,actvstrat=,0.672362, actvprof=,10.131580, id=,S07, PRDE,actvstrat=,-0.082832, actvprof=,6.756979, id=,S08, PRDE,actvstrat=,0.489065, actvprof=,9.414325, id=,S09, PRDE,actvstrat=,0.194508, actvprof=,8.182323, id=,S10, PRDE,actvstrat=,0.337484, actvprof=,8.709014, id=,S11, PRDE,actvstrat=,0.719869, actvprof=,10.344646, id=,S12, PRDE,actvstrat=,-0.281655, actvprof=,5.696653, id=,S13, PRDE,actvstrat=,0.728473, actvprof=,10.150192, id=,S14, PRDE,actvstrat=,0.622150, actvprof=,9.814621, id=,S15, PRDE,actvstrat=,-0.090752, actvprof=,6.841983, id=,S16, PRDE,actvstrat=,-0.123288, actvprof=,6.477800, id=,S17, PRDE,actvstrat=,-0.525368, actvprof=,5.358026, id=,S18, PRDE,actvstrat=,0.111931, actvprof=,7.769804, id=,S19, PRDE,actvstrat=,-0.975264, actvprof=,5.839993, id=,S20, PRDE,actvstrat=,0.794076, actvprof=,10.704940, id=,S21, PRDE,actvstrat=,0.938700, actvprof=,10.475763, id=,S22, PRDE,actvstrat=,0.982052, actvprof=,10.224640, id=,S23, PRDE,actvstrat=,-0.381875, actvprof=,5.510811, id=,S24, PRDE,actvstrat=,-0.470405, actvprof=,6.193620, id=,S25, PRDE,actvstrat=,0.371689, actvprof=,8.449558, id=,S26, PRDE,actvstrat=,0.330575, actvprof=,8.996528, id=,S27, PRDE,actvstrat=,-0.947695, actvprof=,4.479930, id=,S28, PRDE,actvstrat=,1.000000, actvprof=,10.293532, id=,S29, PRDE,actvstrat=,-0.710324, actvprof=,5.110514, best_B_id=,B04, best_B_prof=,4.497153, best_B_strat=,-0.901320, best_S_id=,S20, best_S_prof=,10.704940, best_S_strat=,0.794076, 
t=,50400, id=,B00, PRDE,actvstrat=,0.564181, actvprof=,3.231873, id=,B01, PRDE,actvstrat=,0.119316, actvprof=,2.887699, id=,B02, PRDE,actvstrat=,0.573538, actvprof=,3.173816, id=,B03, PRDE,actvstrat=,-0.207399, actvprof=,2.836309, id=,B04, PRDE,actvstrat=,-0.901320, actvprof=,4.546067, id=,B05, PRDE,actvstrat=,-0.297067, actvprof=,2.723668, id=,B06, PRDE,actvstrat=,0.921255, actvprof=,2.223241, id=,B07, PRDE,actvstrat=,-0.168892, actvprof=,2.725751, id=,B08, PRDE,actvstrat=,0.149805, actvprof=,2.817420, id=,B09, PRDE,actvstrat=,-0.172649, actvprof=,2.704917, id=,B10, PRDE,actvstrat=,0.224847, actvprof=,2.860337, id=,B11, PRDE,actvstrat=,0.830381, actvprof=,2.800892, id=,B12, PRDE,actvstrat=,0.043747, actvprof=,2.654361, id=,B13, PRDE,actvstrat=,0.842287, actvprof=,2.763669, id=,B14, PRDE,actvstrat=,-0.110075, actvprof=,2.729085, id=,B15, PRDE,actvstrat=,-0.724722, actvprof=,4.091196, id=,B16, PRDE,actvstrat=,-0.351923, actvprof=,2.979090, id=,B17, PRDE,actvstrat=,0.234100, actvprof=,2.901033, id=,B18, PRDE,actvstrat=,-1.000000, actvprof=,3.986750, id=,B19, PRDE,actvstrat=,0.574487, actvprof=,3.296596, id=,B20, PRDE,actvstrat=,0.509408, actvprof=,3.111176, id=,B21, PRDE,actvstrat=,-0.491214, actvprof=,2.981451, id=,B22, PRDE,actvstrat=,0.940970, actvprof=,1.929485, id=,B23, PRDE,actvstrat=,-0.115452, actvprof=,2.729640, id=,B24, PRDE,actvstrat=,0.509459, actvprof=,3.161316, id=,B25, PRDE,actvstrat=,-0.238656, actvprof=,2.799642, id=,B26, PRDE,actvstrat=,0.271498, actvprof=,3.064369, id=,B27, PRDE,actvstrat=,-0.284022, actvprof=,2.961034, id=,B28, PRDE,actvstrat=,1.000000, actvprof=,1.482253, id=,B29, PRDE,actvstrat=,0.025152, actvprof=,2.663111, id=,S00, PRDE,actvstrat=,0.014589, actvprof=,7.452377, id=,S01, PRDE,actvstrat=,0.548126, actvprof=,9.633534, id=,S02, PRDE,actvstrat=,-0.718741, actvprof=,5.074689, id=,S03, PRDE,actvstrat=,0.447412, actvprof=,8.954075, id=,S04, PRDE,actvstrat=,0.565941, actvprof=,9.665062, id=,S05, PRDE,actvstrat=,-0.222422, actvprof=,5.719564, id=,S06, PRDE,actvstrat=,0.672362, actvprof=,10.174240, id=,S07, PRDE,actvstrat=,-0.082832, actvprof=,6.915700, id=,S08, PRDE,actvstrat=,0.489065, actvprof=,9.260471, id=,S09, PRDE,actvstrat=,0.194508, actvprof=,8.105169, id=,S10, PRDE,actvstrat=,0.337484, actvprof=,8.778377, id=,S11, PRDE,actvstrat=,0.719869, actvprof=,10.225491, id=,S12, PRDE,actvstrat=,-0.281655, actvprof=,5.709147, id=,S13, PRDE,actvstrat=,0.728473, actvprof=,10.154934, id=,S14, PRDE,actvstrat=,0.622150, actvprof=,9.761037, id=,S15, PRDE,actvstrat=,-0.090752, actvprof=,6.973895, id=,S16, PRDE,actvstrat=,-0.123288, actvprof=,6.464579, id=,S17, PRDE,actvstrat=,-0.525368, actvprof=,5.382612, id=,S18, PRDE,actvstrat=,0.111931, actvprof=,7.699466, id=,S19, PRDE,actvstrat=,-0.975264, actvprof=,5.964708, id=,S20, PRDE,actvstrat=,0.794076, actvprof=,10.454384, id=,S21, PRDE,actvstrat=,0.938700, actvprof=,10.394383, id=,S22, PRDE,actvstrat=,0.982052, actvprof=,10.277159, id=,S23, PRDE,actvstrat=,-0.381875, actvprof=,5.704563, id=,S24, PRDE,actvstrat=,-0.470405, actvprof=,5.760676, id=,S25, PRDE,actvstrat=,0.371689, actvprof=,8.633791, id=,S26, PRDE,actvstrat=,0.330575, actvprof=,8.851157, id=,S27, PRDE,actvstrat=,-0.947695, actvprof=,4.311895, id=,S28, PRDE,actvstrat=,1.000000, actvprof=,10.269658, id=,S29, PRDE,actvstrat=,-0.710324, actvprof=,4.996076, best_B_id=,B04, best_B_prof=,4.546067, best_B_strat=,-0.901320, best_S_id=,S20, best_S_prof=,10.454384, best_S_strat=,0.794076, 
t=,54000, id=,B00, PRDE,actvstrat=,1.000000, actvprof=,0.671142, id=,B01, PRDE,actvstrat=,0.345385, actvprof=,1.720357, id=,B02, PRDE,actvstrat=,1.000000, actvprof=,0.776425, id=,B03, PRDE,actvstrat=,-0.244156, actvprof=,1.386175, id=,B04, PRDE,actvstrat=,1.000000, actvprof=,0.758924, id=,B05, PRDE,actvstrat=,-0.297067, actvprof=,1.393398, id=,B06, PRDE,actvstrat=,0.701373, actvprof=,2.075096, id=,B07, PRDE,actvstrat=,0.538001, actvprof=,2.098430, id=,B08, PRDE,actvstrat=,0.629431, actvprof=,2.016482, id=,B09, PRDE,actvstrat=,0.328833, actvprof=,1.652577, id=,B10, PRDE,actvstrat=,0.224847, actvprof=,1.672855, id=,B11, PRDE,actvstrat=,0.653877, actvprof=,2.096486, id=,B12, PRDE,actvstrat=,-0.266445, actvprof=,1.238113, id=,B13, PRDE,actvstrat=,0.769219, actvprof=,1.867031, id=,B14, PRDE,actvstrat=,-0.667087, actvprof=,1.752303, id=,B15, PRDE,actvstrat=,-0.630229, actvprof=,1.860364, id=,B16, PRDE,actvstrat=,-0.216034, actvprof=,1.300894, id=,B17, PRDE,actvstrat=,0.498110, actvprof=,2.008704, id=,B18, PRDE,actvstrat=,-1.000000, actvprof=,2.029261, id=,B19, PRDE,actvstrat=,-1.000000, actvprof=,2.088430, id=,B20, PRDE,actvstrat=,1.000000, actvprof=,0.795592, id=,B21, PRDE,actvstrat=,0.780233, actvprof=,2.029538, id=,B22, PRDE,actvstrat=,-1.000000, actvprof=,2.102042, id=,B23, PRDE,actvstrat=,1.000000, actvprof=,0.738923, id=,B24, PRDE,actvstrat=,1.000000, actvprof=,0.813649, id=,B25, PRDE,actvstrat=,1.000000, actvprof=,0.837817, id=,B26, PRDE,actvstrat=,-1.000000, actvprof=,2.106764, id=,B27, PRDE,actvstrat=,-1.000000, actvprof=,1.989814, id=,B28, PRDE,actvstrat=,-0.309489, actvprof=,1.382842, id=,B29, PRDE,actvstrat=,-0.530232, actvprof=,1.554516, id=,S00, PRDE,actvstrat=,-1.000000, actvprof=,10.400482, id=,S01, PRDE,actvstrat=,-0.956127, actvprof=,3.757674, id=,S02, PRDE,actvstrat=,-0.374993, actvprof=,6.379740, id=,S03, PRDE,actvstrat=,-0.866790, actvprof=,3.919904, id=,S04, PRDE,actvstrat=,-0.555290, actvprof=,6.549470, id=,S05, PRDE,actvstrat=,0.835951, actvprof=,12.330571, id=,S06, PRDE,actvstrat=,0.672362, actvprof=,11.906107, id=,S07, PRDE,actvstrat=,0.111931, actvprof=,8.897356, id=,S08, PRDE,actvstrat=,0.598497, actvprof=,11.498310, id=,S09, PRDE,actvstrat=,1.000000, actvprof=,12.322515, id=,S10, PRDE,actvstrat=,0.261757, actvprof=,10.388537, id=,S11, PRDE,actvstrat=,-1.000000, actvprof=,10.161859, id=,S12, PRDE,actvstrat=,-0.331742, actvprof=,6.798926, id=,S13, PRDE,actvstrat=,0.173579, actvprof=,9.714339, id=,S14, PRDE,actvstrat=,-0.316254, actvprof=,7.573962, id=,S15, PRDE,actvstrat=,0.363374, actvprof=,10.572989, id=,S16, PRDE,actvstrat=,-0.087268, actvprof=,8.512894, id=,S17, PRDE,actvstrat=,-0.525368, actvprof=,6.863373, id=,S18, PRDE,actvstrat=,0.111931, actvprof=,9.220982, id=,S19, PRDE,actvstrat=,0.695207, actvprof=,12.113339, id=,S20, PRDE,actvstrat=,-0.811697, actvprof=,4.804389, id=,S21, PRDE,actvstrat=,0.695099, actvprof=,11.985555, id=,S22, PRDE,actvstrat=,0.491234, actvprof=,10.891338, id=,S23, PRDE,actvstrat=,0.422219, actvprof=,10.823557, id=,S24, PRDE,actvstrat=,-0.254700, actvprof=,7.117274, id=,S25, PRDE,actvstrat=,0.506698, actvprof=,11.045234, id=,S26, PRDE,actvstrat=,0.346662, actvprof=,10.500764, id=,S27, PRDE,actvstrat=,-0.088073, actvprof=,8.125098, id=,S28, PRDE,actvstrat=,0.254534, actvprof=,9.487106, id=,S29, PRDE,actvstrat=,-0.367950, actvprof=,6.758368, best_B_id=,B26, best_B_prof=,2.106764, best_B_strat=,-1.000000, best_S_id=,S05, best_S_prof=,12.330571, best_S_strat=,0.835951, 
t=,57600, id=,B00, PRDE,actvstrat=,1.000000, actvprof=,0.738906, id=,B01, PRDE,actvstrat=,0.345385, actvprof=,1.812959, id=,B02, PRDE,actvstrat=,1.000000, actvprof=,0.774601, id=,B03, PRDE,actvstrat=,-0.244156, actvprof=,1.353226, id=,B04, PRDE,actvstrat=,1.000000, actvprof=,0.766129, id=,B05, PRDE,actvstrat=,-0.297067, actvprof=,1.373643, id=,B06, PRDE,actvstrat=,0.701373, actvprof=,2.027686, id=,B07, PRDE,actvstrat=,0.538001, actvprof=,2.066298, id=,B08, PRDE,actvstrat=,0.629431, actvprof=,2.044492, id=,B09, PRDE,actvstrat=,0.328833, actvprof=,1.713373, id=,B10, PRDE,actvstrat=,0.224847, actvprof=,1.708790, id=,B11, PRDE,actvstrat=,0.653877, actvprof=,2.036436, id=,B12, PRDE,actvstrat=,-0.266445, actvprof=,1.322808, id=,B13, PRDE,actvstrat=,0.769219, actvprof=,1.952129, id=,B14, PRDE,actvstrat=,-0.667087, actvprof=,1.940323, id=,B15, PRDE,actvstrat=,-0.630229, actvprof=,1.889210, id=,B16, PRDE,actvstrat=,-0.216034, actvprof=,1.291419, id=,B17, PRDE,actvstrat=,0.498110, actvprof=,1.907266, id=,B18, PRDE,actvstrat=,-1.000000, actvprof=,2.004352, id=,B19, PRDE,actvstrat=,-1.000000, actvprof=,2.088382, id=,B20, PRDE,actvstrat=,1.000000, actvprof=,0.781685, id=,B21, PRDE,actvstrat=,0.780233, actvprof=,2.012824, id=,B22, PRDE,actvstrat=,-1.000000, actvprof=,2.101021, id=,B23, PRDE,actvstrat=,1.000000, actvprof=,0.698349, id=,B24, PRDE,actvstrat=,1.000000, actvprof=,0.826269, id=,B25, PRDE,actvstrat=,1.000000, actvprof=,0.778629, id=,B26, PRDE,actvstrat=,-1.000000, actvprof=,2.039769, id=,B27, PRDE,actvstrat=,-1.000000, actvprof=,2.005324, id=,B28, PRDE,actvstrat=,-0.309489, actvprof=,1.388227, id=,B29, PRDE,actvstrat=,-0.530232, actvprof=,1.660038, id=,S00, PRDE,actvstrat=,-1.000000, actvprof=,10.430797, id=,S01, PRDE,actvstrat=,-0.956127, actvprof=,3.574527, id=,S02, PRDE,actvstrat=,-0.374993, actvprof=,6.693210, id=,S03, PRDE,actvstrat=,-0.866790, actvprof=,3.724808, id=,S04, PRDE,actvstrat=,-0.555290, actvprof=,6.662932, id=,S05, PRDE,actvstrat=,0.835951, actvprof=,12.379731, id=,S06, PRDE,actvstrat=,0.672362, actvprof=,11.950554, id=,S07, PRDE,actvstrat=,0.111931, actvprof=,8.922012, id=,S08, PRDE,actvstrat=,0.598497, actvprof=,11.388180, id=,S09, PRDE,actvstrat=,1.000000, actvprof=,12.367647, id=,S10, PRDE,actvstrat=,0.261757, actvprof=,10.268988, id=,S11, PRDE,actvstrat=,-1.000000, actvprof=,10.021204, id=,S12, PRDE,actvstrat=,-0.331742, actvprof=,6.819602, id=,S13, PRDE,actvstrat=,0.173579, actvprof=,9.706475, id=,S14, PRDE,actvstrat=,-0.316254, actvprof=,7.360170, id=,S15, PRDE,actvstrat=,0.363374, actvprof=,10.691220, id=,S16, PRDE,actvstrat=,-0.087268, actvprof=,8.446446, id=,S17, PRDE,actvstrat=,-0.525368, actvprof=,6.683488, id=,S18, PRDE,actvstrat=,0.111931, actvprof=,9.413412, id=,S19, PRDE,actvstrat=,0.695207, actvprof=,12.070557, id=,S20, PRDE,actvstrat=,-0.811697, actvprof=,4.719831, id=,S21, PRDE,actvstrat=,0.695099, actvprof=,11.867219, id=,S22, PRDE,actvstrat=,0.491234, actvprof=,11.053173, id=,S23, PRDE,actvstrat=,0.422219, actvprof=,11.016505, id=,S24, PRDE,actvstrat=,-0.254700, actvprof=,7.255585, id=,S25, PRDE,actvstrat=,0.506698, actvprof=,11.064978, id=,S26, PRDE,actvstrat=,0.346662, actvprof=,9.956480, id=,S27, PRDE,actvstrat=,-0.088073, actvprof=,8.415056, id=,S28, PRDE,actvstrat=,0.254534, actvprof=,9.796477, id=,S29, PRDE,actvstrat=,-0.367950, actvprof=,7.003773, best_B_id=,B22, best_B_prof=,2.101021, best_B_strat=,-1.000000, best_S_id=,S05, best_S_prof=,12.379731, best_S_strat=,0.835951, 
t=,61200, id=,B00, PRDE,actvstrat=,0.564181, actvprof=,2.676513, id=,B01, PRDE,actvstrat=,0.345385, actvprof=,2.504560, id=,B02, PRDE,actvstrat=,0.573538, actvprof=,2.523728, id=,B03, PRDE,actvstrat=,-0.225778, actvprof=,1.913700, id=,B04, PRDE,actvstrat=,-0.749775, actvprof=,2.851243, id=,B05, PRDE,actvstrat=,-0.190298, actvprof=,2.012593, id=,B06, PRDE,actvstrat=,0.612298, actvprof=,2.658179, id=,B07, PRDE,actvstrat=,0.538001, actvprof=,2.432335, id=,B08, PRDE,actvstrat=,0.629431, actvprof=,2.580953, id=,B09, PRDE,actvstrat=,0.328833, actvprof=,2.346498, id=,B10, PRDE,actvstrat=,-0.458625, actvprof=,1.925645, id=,B11, PRDE,actvstrat=,0.340092, actvprof=,2.448447, id=,B12, PRDE,actvstrat=,-0.977464, actvprof=,3.364878, id=,B13, PRDE,actvstrat=,0.639320, actvprof=,2.544840, id=,B14, PRDE,actvstrat=,0.414835, actvprof=,2.580953, id=,B15, PRDE,actvstrat=,0.555137, actvprof=,2.585397, id=,B16, PRDE,actvstrat=,-0.096770, actvprof=,1.835918, id=,B17, PRDE,actvstrat=,0.439456, actvprof=,2.341220, id=,B18, PRDE,actvstrat=,-1.000000, actvprof=,3.611001, id=,B19, PRDE,actvstrat=,-0.129695, actvprof=,2.066762, id=,B20, PRDE,actvstrat=,0.475185, actvprof=,2.523728, id=,B21, PRDE,actvstrat=,0.175586, actvprof=,2.259549, id=,B22, PRDE,actvstrat=,-0.934693, actvprof=,3.792398, id=,B23, PRDE,actvstrat=,0.423296, actvprof=,2.529839, id=,B24, PRDE,actvstrat=,-0.663993, actvprof=,2.347886, id=,B25, PRDE,actvstrat=,-0.238656, actvprof=,1.946757, id=,B26, PRDE,actvstrat=,-0.990698, actvprof=,3.416547, id=,B27, PRDE,actvstrat=,-0.686686, actvprof=,2.538729, id=,B28, PRDE,actvstrat=,0.734408, actvprof=,2.619288, id=,B29, PRDE,actvstrat=,-0.169489, actvprof=,1.988703, id=,S00, PRDE,actvstrat=,-1.000000, actvprof=,9.925182, id=,S01, PRDE,actvstrat=,-0.566266, actvprof=,4.916894, id=,S02, PRDE,actvstrat=,0.102035, actvprof=,7.914811, id=,S03, PRDE,actvstrat=,0.447412, actvprof=,8.973193, id=,S04, PRDE,actvstrat=,-0.555290, actvprof=,5.733043, id=,S05, PRDE,actvstrat=,0.835951, actvprof=,11.072457, id=,S06, PRDE,actvstrat=,-0.126973, actvprof=,6.632807, id=,S07, PRDE,actvstrat=,0.035926, actvprof=,7.624520, id=,S08, PRDE,actvstrat=,0.587527, actvprof=,9.855178, id=,S09, PRDE,actvstrat=,0.976519, actvprof=,10.981342, id=,S10, PRDE,actvstrat=,0.261757, actvprof=,8.352609, id=,S11, PRDE,actvstrat=,-1.000000, actvprof=,9.794898, id=,S12, PRDE,actvstrat=,-0.331742, actvprof=,5.452197, id=,S13, PRDE,actvstrat=,0.507881, actvprof=,9.227927, id=,S14, PRDE,actvstrat=,0.292186, actvprof=,8.884856, id=,S15, PRDE,actvstrat=,-0.814415, actvprof=,3.447660, id=,S16, PRDE,actvstrat=,0.208241, actvprof=,8.475670, id=,S17, PRDE,actvstrat=,-0.904622, actvprof=,2.399833, id=,S18, PRDE,actvstrat=,0.111931, actvprof=,7.805917, id=,S19, PRDE,actvstrat=,-0.067930, actvprof=,6.728089, id=,S20, PRDE,actvstrat=,0.794076, actvprof=,10.723552, id=,S21, PRDE,actvstrat=,0.695099, actvprof=,10.152692, id=,S22, PRDE,actvstrat=,0.361308, actvprof=,8.858188, id=,S23, PRDE,actvstrat=,0.042719, actvprof=,7.571184, id=,S24, PRDE,actvstrat=,-0.032914, actvprof=,7.427844, id=,S25, PRDE,actvstrat=,0.446694, actvprof=,9.275707, id=,S26, PRDE,actvstrat=,-0.428115, actvprof=,5.259132, id=,S27, PRDE,actvstrat=,-0.204909, actvprof=,6.168619, id=,S28, PRDE,actvstrat=,0.254534, actvprof=,8.549840, id=,S29, PRDE,actvstrat=,-0.501559, actvprof=,5.681930, best_B_id=,B22, best_B_prof=,3.792398, best_B_strat=,-0.934693, best_S_id=,S05, best_S_prof=,11.072457, best_S_strat=,0.835951, 
t=,64800, id=,B00, PRDE,actvstrat=,0.564181, actvprof=,2.681868, id=,B01, PRDE,actvstrat=,0.345385, actvprof=,2.375611, id=,B02, PRDE,actvstrat=,0.573538, actvprof=,2.629783, id=,B03, PRDE,actvstrat=,-0.225778, actvprof=,1.831570, id=,B04, PRDE,actvstrat=,-0.749775, actvprof=,2.939790, id=,B05, PRDE,actvstrat=,-0.190298, actvprof=,1.978796, id=,B06, PRDE,actvstrat=,0.612298, actvprof=,2.649922, id=,B07, PRDE,actvstrat=,0.538001, actvprof=,2.478113, id=,B08, PRDE,actvstrat=,0.629431, actvprof=,2.616449, id=,B09, PRDE,actvstrat=,0.328833, actvprof=,2.350749, id=,B10, PRDE,actvstrat=,-0.458625, actvprof=,2.011991, id=,B11, PRDE,actvstrat=,0.340092, actvprof=,2.413667, id=,B12, PRDE,actvstrat=,-0.977464, actvprof=,3.420218, id=,B13, PRDE,actvstrat=,0.639320, actvprof=,2.533670, id=,B14, PRDE,actvstrat=,0.414835, actvprof=,2.596032, id=,B15, PRDE,actvstrat=,0.555137, actvprof=,2.556865, id=,B16, PRDE,actvstrat=,-0.096770, actvprof=,2.027686, id=,B17, PRDE,actvstrat=,0.439456, actvprof=,2.420612, id=,B18, PRDE,actvstrat=,-1.000000, actvprof=,3.635779, id=,B19, PRDE,actvstrat=,-0.129695, actvprof=,1.972823, id=,B20, PRDE,actvstrat=,0.475185, actvprof=,2.539225, id=,B21, PRDE,actvstrat=,0.175586, actvprof=,2.223801, id=,B22, PRDE,actvstrat=,-0.934693, actvprof=,3.757309, id=,B23, PRDE,actvstrat=,0.423296, actvprof=,2.485058, id=,B24, PRDE,actvstrat=,-0.663993, actvprof=,2.388666, id=,B25, PRDE,actvstrat=,-0.238656, actvprof=,2.018241, id=,B26, PRDE,actvstrat=,-0.990698, actvprof=,3.394106, id=,B27, PRDE,actvstrat=,-0.686686, actvprof=,2.576171, id=,B28, PRDE,actvstrat=,0.734408, actvprof=,2.634228, id=,B29, PRDE,actvstrat=,-0.169489, actvprof=,1.956434, id=,S00, PRDE,actvstrat=,-1.000000, actvprof=,9.843145, id=,S01, PRDE,actvstrat=,-0.566266, actvprof=,5.129008, id=,S02, PRDE,actvstrat=,0.102035, actvprof=,7.775319, id=,S03, PRDE,actvstrat=,0.447412, actvprof=,9.124795, id=,S04, PRDE,actvstrat=,-0.555290, actvprof=,5.515961, id=,S05, PRDE,actvstrat=,0.835951, actvprof=,10.989421, id=,S06, PRDE,actvstrat=,-0.126973, actvprof=,6.523484, id=,S07, PRDE,actvstrat=,0.035926, actvprof=,7.602954, id=,S08, PRDE,actvstrat=,0.587527, actvprof=,9.842867, id=,S09, PRDE,actvstrat=,0.976519, actvprof=,10.985532, id=,S10, PRDE,actvstrat=,0.261757, actvprof=,8.431723, id=,S11, PRDE,actvstrat=,-1.000000, actvprof=,9.779949, id=,S12, PRDE,actvstrat=,-0.331742, actvprof=,5.675826, id=,S13, PRDE,actvstrat=,0.507881, actvprof=,9.391190, id=,S14, PRDE,actvstrat=,0.292186, actvprof=,8.744925, id=,S15, PRDE,actvstrat=,-0.814415, actvprof=,3.613278, id=,S16, PRDE,actvstrat=,0.208241, actvprof=,8.243802, id=,S17, PRDE,actvstrat=,-0.904622, actvprof=,2.483391, id=,S18, PRDE,actvstrat=,0.111931, actvprof=,7.855043, id=,S19, PRDE,actvstrat=,-0.067930, actvprof=,6.875020, id=,S20, PRDE,actvstrat=,0.794076, actvprof=,10.786500, id=,S21, PRDE,actvstrat=,0.695099, actvprof=,10.340378, id=,S22, PRDE,actvstrat=,0.361308, actvprof=,8.855066, id=,S23, PRDE,actvstrat=,0.042719, actvprof=,7.602676, id=,S24, PRDE,actvstrat=,-0.032914, actvprof=,7.302113, id=,S25, PRDE,actvstrat=,0.446694, actvprof=,9.314243, id=,S26, PRDE,actvstrat=,-0.428115, actvprof=,5.228038, id=,S27, PRDE,actvstrat=,-0.204909, actvprof=,6.189727, id=,S28, PRDE,actvstrat=,0.254534, actvprof=,8.368666, id=,S29, PRDE,actvstrat=,-0.501559, actvprof=,5.553462, best_B_id=,B22, best_B_prof=,3.757309, best_B_strat=,-0.934693, best_S_id=,S05, best_S_prof=,10.989421, best_S_strat=,0.835951, 
t=,68400, id=,B00, PRDE,actvstrat=,-0.610569, actvprof=,3.123449, id=,B01, PRDE,actvstrat=,0.345385, actvprof=,2.700378, id=,B02, PRDE,actvstrat=,0.486788, actvprof=,2.537594, id=,B03, PRDE,actvstrat=,-0.225778, actvprof=,2.363421, id=,B04, PRDE,actvstrat=,-1.000000, actvprof=,3.219286, id=,B05, PRDE,actvstrat=,1.000000, actvprof=,1.183933, id=,B06, PRDE,actvstrat=,0.772632, actvprof=,2.695655, id=,B07, PRDE,actvstrat=,0.500466, actvprof=,2.718434, id=,B08, PRDE,actvstrat=,0.629431, actvprof=,2.967888, id=,B09, PRDE,actvstrat=,-0.160376, actvprof=,2.465369, id=,B10, PRDE,actvstrat=,-1.000000, actvprof=,3.235120, id=,B11, PRDE,actvstrat=,-1.000000, actvprof=,3.198730, id=,B12, PRDE,actvstrat=,-0.159410, actvprof=,2.415645, id=,B13, PRDE,actvstrat=,-0.021992, actvprof=,2.274806, id=,B14, PRDE,actvstrat=,1.000000, actvprof=,1.080318, id=,B15, PRDE,actvstrat=,-0.078807, actvprof=,2.593985, id=,B16, PRDE,actvstrat=,0.063005, actvprof=,2.176469, id=,B17, PRDE,actvstrat=,-0.854468, actvprof=,4.025149, id=,B18, PRDE,actvstrat=,1.000000, actvprof=,1.214767, id=,B19, PRDE,actvstrat=,-0.756326, actvprof=,3.801252, id=,B20, PRDE,actvstrat=,0.632161, actvprof=,2.958998, id=,B21, PRDE,actvstrat=,-0.080483, actvprof=,2.307585, id=,B22, PRDE,actvstrat=,-1.000000, actvprof=,3.333457, id=,B23, PRDE,actvstrat=,0.284112, actvprof=,2.490092, id=,B24, PRDE,actvstrat=,1.000000, actvprof=,1.204489, id=,B25, PRDE,actvstrat=,-1.000000, actvprof=,3.177618, id=,B26, PRDE,actvstrat=,1.000000, actvprof=,1.114208, id=,B27, PRDE,actvstrat=,0.718616, actvprof=,2.989000, id=,B28, PRDE,actvstrat=,0.475432, actvprof=,2.771769, id=,B29, PRDE,actvstrat=,-0.335591, actvprof=,2.232860, id=,S00, PRDE,actvstrat=,0.226659, actvprof=,8.699211, id=,S01, PRDE,actvstrat=,0.937987, actvprof=,11.297641, id=,S02, PRDE,actvstrat=,1.000000, actvprof=,11.142913, id=,S03, PRDE,actvstrat=,0.972573, actvprof=,11.329308, id=,S04, PRDE,actvstrat=,0.354700, actvprof=,9.796474, id=,S05, PRDE,actvstrat=,0.835951, actvprof=,11.490426, id=,S06, PRDE,actvstrat=,1.000000, actvprof=,11.171247, id=,S07, PRDE,actvstrat=,0.187936, actvprof=,8.761713, id=,S08, PRDE,actvstrat=,0.609467, actvprof=,10.632338, id=,S09, PRDE,actvstrat=,-1.000000, actvprof=,9.653413, id=,S10, PRDE,actvstrat=,0.337484, actvprof=,9.183396, id=,S11, PRDE,actvstrat=,-1.000000, actvprof=,9.495074, id=,S12, PRDE,actvstrat=,-0.267530, actvprof=,6.663302, id=,S13, PRDE,actvstrat=,0.243725, actvprof=,9.112560, id=,S14, PRDE,actvstrat=,-0.733323, actvprof=,4.970184, id=,S15, PRDE,actvstrat=,-0.448731, actvprof=,6.028834, id=,S16, PRDE,actvstrat=,0.149139, actvprof=,8.586151, id=,S17, PRDE,actvstrat=,-0.654063, actvprof=,5.504648, id=,S18, PRDE,actvstrat=,0.233255, actvprof=,8.360032, id=,S19, PRDE,actvstrat=,1.000000, actvprof=,11.047631, id=,S20, PRDE,actvstrat=,-0.849358, actvprof=,3.738472, id=,S21, PRDE,actvstrat=,0.695099, actvprof=,11.030409, id=,S22, PRDE,actvstrat=,0.595175, actvprof=,10.566780, id=,S23, PRDE,actvstrat=,-0.002375, actvprof=,7.636672, id=,S24, PRDE,actvstrat=,-0.432129, actvprof=,5.956610, id=,S25, PRDE,actvstrat=,0.430437, actvprof=,10.012315, id=,S26, PRDE,actvstrat=,0.966484, actvprof=,11.170136, id=,S27, PRDE,actvstrat=,0.205458, actvprof=,8.789770, id=,S28, PRDE,actvstrat=,-0.170661, actvprof=,6.719416, id=,S29, PRDE,actvstrat=,-0.501559, actvprof=,6.004945, best_B_id=,B17, best_B_prof=,4.025149, best_B_strat=,-0.854468, best_S_id=,S05, best_S_prof=,11.490426, best_S_strat=,0.835951, 
t=,72000, id=,B00, PRDE,actvstrat=,-0.610569, actvprof=,3.013403, id=,B01, PRDE,actvstrat=,0.345385, actvprof=,2.674229, id=,B02, PRDE,actvstrat=,0.486788, actvprof=,2.647561, id=,B03, PRDE,actvstrat=,-0.225778, actvprof=,2.378249, id=,B04, PRDE,actvstrat=,-1.000000, actvprof=,3.124517, id=,B05, PRDE,actvstrat=,1.000000, actvprof=,1.212250, id=,B06, PRDE,actvstrat=,0.772632, actvprof=,2.740063, id=,B07, PRDE,actvstrat=,0.500466, actvprof=,2.808815, id=,B08, PRDE,actvstrat=,0.629431, actvprof=,2.991041, id=,B09, PRDE,actvstrat=,-0.160376, actvprof=,2.459362, id=,B10, PRDE,actvstrat=,-1.000000, actvprof=,3.221463, id=,B11, PRDE,actvstrat=,-1.000000, actvprof=,3.256603, id=,B12, PRDE,actvstrat=,-0.159410, actvprof=,2.439084, id=,B13, PRDE,actvstrat=,-0.021992, actvprof=,2.217968, id=,B14, PRDE,actvstrat=,1.000000, actvprof=,1.125026, id=,B15, PRDE,actvstrat=,-0.078807, actvprof=,2.390333, id=,B16, PRDE,actvstrat=,0.063005, actvprof=,2.246719, id=,B17, PRDE,actvstrat=,-0.854468, actvprof=,4.005093, id=,B18, PRDE,actvstrat=,1.000000, actvprof=,1.167944, id=,B19, PRDE,actvstrat=,-0.756326, actvprof=,3.687446, id=,B20, PRDE,actvstrat=,0.632161, actvprof=,2.947152, id=,B21, PRDE,actvstrat=,-0.080483, actvprof=,2.201023, id=,B22, PRDE,actvstrat=,-1.000000, actvprof=,3.386328, id=,B23, PRDE,actvstrat=,0.284112, actvprof=,2.503808, id=,B24, PRDE,actvstrat=,1.000000, actvprof=,1.202389, id=,B25, PRDE,actvstrat=,-1.000000, actvprof=,3.237019, id=,B26, PRDE,actvstrat=,1.000000, actvprof=,1.131276, id=,B27, PRDE,actvstrat=,0.718616, actvprof=,2.891317, id=,B28, PRDE,actvstrat=,0.475432, actvprof=,2.699924, id=,B29, PRDE,actvstrat=,-0.335591, actvprof=,2.334221, id=,S00, PRDE,actvstrat=,0.226659, actvprof=,8.845760, id=,S01, PRDE,actvstrat=,0.937987, actvprof=,11.228177, id=,S02, PRDE,actvstrat=,1.000000, actvprof=,11.319429, id=,S03, PRDE,actvstrat=,0.972573, actvprof=,11.201926, id=,S04, PRDE,actvstrat=,0.354700, actvprof=,9.585777, id=,S05, PRDE,actvstrat=,0.835951, actvprof=,11.426376, id=,S06, PRDE,actvstrat=,1.000000, actvprof=,11.101507, id=,S07, PRDE,actvstrat=,0.187936, actvprof=,8.788259, id=,S08, PRDE,actvstrat=,0.609467, actvprof=,10.506077, id=,S09, PRDE,actvstrat=,-1.000000, actvprof=,9.706752, id=,S10, PRDE,actvstrat=,0.337484, actvprof=,9.563971, id=,S11, PRDE,actvstrat=,-1.000000, actvprof=,9.320910, id=,S12, PRDE,actvstrat=,-0.267530, actvprof=,6.248339, id=,S13, PRDE,actvstrat=,0.243725, actvprof=,8.951596, id=,S14, PRDE,actvstrat=,-0.733323, actvprof=,5.149008, id=,S15, PRDE,actvstrat=,-0.448731, actvprof=,6.027917, id=,S16, PRDE,actvstrat=,0.149139, actvprof=,8.562837, id=,S17, PRDE,actvstrat=,-0.654063, actvprof=,5.660825, id=,S18, PRDE,actvstrat=,0.233255, actvprof=,8.728119, id=,S19, PRDE,actvstrat=,1.000000, actvprof=,11.090396, id=,S20, PRDE,actvstrat=,-0.849358, actvprof=,3.705502, id=,S21, PRDE,actvstrat=,0.695099, actvprof=,10.857890, id=,S22, PRDE,actvstrat=,0.595175, actvprof=,10.571495, id=,S23, PRDE,actvstrat=,-0.002375, actvprof=,7.897266, id=,S24, PRDE,actvstrat=,-0.432129, actvprof=,6.119864, id=,S25, PRDE,actvstrat=,0.430437, actvprof=,9.818561, id=,S26, PRDE,actvstrat=,0.966484, actvprof=,11.279983, id=,S27, PRDE,actvstrat=,0.205458, actvprof=,8.919373, id=,S28, PRDE,actvstrat=,-0.170661, actvprof=,6.910854, id=,S29, PRDE,actvstrat=,-0.501559, actvprof=,5.815968, best_B_id=,B17, best_B_prof=,4.005093, best_B_strat=,-0.854468, best_S_id=,S05, best_S_prof=,11.426376, best_S_strat=,0.835951, 
t=,75600, id=,B00, PRDE,actvstrat=,-0.610569, actvprof=,1.370070, id=,B01, PRDE,actvstrat=,0.345385, actvprof=,1.696197, id=,B02, PRDE,actvstrat=,0.896421, actvprof=,1.806203, id=,B03, PRDE,actvstrat=,-0.629507, actvprof=,1.499799, id=,B04, PRDE,actvstrat=,-1.000000, actvprof=,2.493738, id=,B05, PRDE,actvstrat=,1.000000, actvprof=,0.881434, id=,B06, PRDE,actvstrat=,0.701373, actvprof=,1.959544, id=,B07, PRDE,actvstrat=,0.586622, actvprof=,1.909819, id=,B08, PRDE,actvstrat=,0.629431, actvprof=,1.964544, id=,B09, PRDE,actvstrat=,-0.111284, actvprof=,1.408961, id=,B10, PRDE,actvstrat=,0.224847, actvprof=,1.581192, id=,B11, PRDE,actvstrat=,-0.697088, actvprof=,1.537578, id=,B12, PRDE,actvstrat=,1.000000, actvprof=,0.968383, id=,B13, PRDE,actvstrat=,0.419865, actvprof=,1.759256, id=,B14, PRDE,actvstrat=,0.828581, actvprof=,1.902597, id=,B15, PRDE,actvstrat=,-0.724722, actvprof=,1.644806, id=,B16, PRDE,actvstrat=,-0.398746, actvprof=,1.243952, id=,B17, PRDE,actvstrat=,-0.854468, actvprof=,2.546519, id=,B18, PRDE,actvstrat=,0.414318, actvprof=,1.910653, id=,B19, PRDE,actvstrat=,-1.000000, actvprof=,2.404289, id=,B20, PRDE,actvstrat=,0.632161, actvprof=,1.917320, id=,B21, PRDE,actvstrat=,0.780233, actvprof=,2.081773, id=,B22, PRDE,actvstrat=,-1.000000, actvprof=,2.555686, id=,B23, PRDE,actvstrat=,-0.115452, actvprof=,1.205339, id=,B24, PRDE,actvstrat=,1.000000, actvprof=,0.937826, id=,B25, PRDE,actvstrat=,-0.958521, actvprof=,2.550963, id=,B26, PRDE,actvstrat=,-0.643020, actvprof=,1.671474, id=,B27, PRDE,actvstrat=,-1.000000, actvprof=,2.581798, id=,B28, PRDE,actvstrat=,-0.309489, actvprof=,1.112279, id=,B29, PRDE,actvstrat=,-0.530232, actvprof=,1.254786, id=,S00, PRDE,actvstrat=,0.226659, actvprof=,9.383256, id=,S01, PRDE,actvstrat=,-0.287570, actvprof=,6.750344, id=,S02, PRDE,actvstrat=,-0.374993, actvprof=,6.200316, id=,S03, PRDE,actvstrat=,-0.378527, actvprof=,6.308377, id=,S04, PRDE,actvstrat=,-0.490261, actvprof=,6.374769, id=,S05, PRDE,actvstrat=,0.835951, actvprof=,11.966721, id=,S06, PRDE,actvstrat=,-0.010282, actvprof=,8.345425, id=,S07, PRDE,actvstrat=,0.946534, actvprof=,11.975332, id=,S08, PRDE,actvstrat=,0.609467, actvprof=,11.086120, id=,S09, PRDE,actvstrat=,-1.000000, actvprof=,9.987731, id=,S10, PRDE,actvstrat=,0.376968, actvprof=,9.666603, id=,S11, PRDE,actvstrat=,-0.905890, actvprof=,2.879036, id=,S12, PRDE,actvstrat=,-0.267530, actvprof=,6.323100, id=,S13, PRDE,actvstrat=,-0.725216, actvprof=,5.845853, id=,S14, PRDE,actvstrat=,-0.733323, actvprof=,5.013866, id=,S15, PRDE,actvstrat=,0.363374, actvprof=,9.912449, id=,S16, PRDE,actvstrat=,0.149139, actvprof=,8.781558, id=,S17, PRDE,actvstrat=,-0.525368, actvprof=,5.997528, id=,S18, PRDE,actvstrat=,0.270967, actvprof=,9.509929, id=,S19, PRDE,actvstrat=,0.695207, actvprof=,11.380857, id=,S20, PRDE,actvstrat=,-0.811697, actvprof=,3.977147, id=,S21, PRDE,actvstrat=,-0.279302, actvprof=,6.845071, id=,S22, PRDE,actvstrat=,1.000000, actvprof=,12.229512, id=,S23, PRDE,actvstrat=,-0.002375, actvprof=,8.318757, id=,S24, PRDE,actvstrat=,-0.432129, actvprof=,7.024802, id=,S25, PRDE,actvstrat=,0.270083, actvprof=,9.699661, id=,S26, PRDE,actvstrat=,-0.533006, actvprof=,5.946692, id=,S27, PRDE,actvstrat=,-1.000000, actvprof=,9.818556, id=,S28, PRDE,actvstrat=,-0.064515, actvprof=,7.515938, id=,S29, PRDE,actvstrat=,-0.367950, actvprof=,6.413104, best_B_id=,B27, best_B_prof=,2.581798, best_B_strat=,-1.000000, best_S_id=,S22, best_S_prof=,12.229512, best_S_strat=,1.000000, 
t=,79200, id=,B00, PRDE,actvstrat=,-0.610569, actvprof=,1.370171, id=,B01, PRDE,actvstrat=,0.345385, actvprof=,1.611704, id=,B02, PRDE,actvstrat=,0.896421, actvprof=,1.680872, id=,B03, PRDE,actvstrat=,-0.629507, actvprof=,1.557119, id=,B04, PRDE,actvstrat=,-1.000000, actvprof=,2.460196, id=,B05, PRDE,actvstrat=,1.000000, actvprof=,0.875993, id=,B06, PRDE,actvstrat=,0.701373, actvprof=,1.954490, id=,B07, PRDE,actvstrat=,0.586622, actvprof=,1.878377, id=,B08, PRDE,actvstrat=,0.629431, actvprof=,1.955879, id=,B09, PRDE,actvstrat=,-0.111284, actvprof=,1.316975, id=,B10, PRDE,actvstrat=,0.224847, actvprof=,1.584481, id=,B11, PRDE,actvstrat=,-0.697088, actvprof=,1.606982, id=,B12, PRDE,actvstrat=,1.000000, actvprof=,0.912799, id=,B13, PRDE,actvstrat=,0.419865, actvprof=,1.692123, id=,B14, PRDE,actvstrat=,0.828581, actvprof=,1.869904, id=,B15, PRDE,actvstrat=,-0.724722, actvprof=,1.717123, id=,B16, PRDE,actvstrat=,-0.398746, actvprof=,1.201694, id=,B17, PRDE,actvstrat=,-0.854468, actvprof=,2.558948, id=,B18, PRDE,actvstrat=,0.414318, actvprof=,1.797264, id=,B19, PRDE,actvstrat=,-1.000000, actvprof=,2.418389, id=,B20, PRDE,actvstrat=,0.632161, actvprof=,1.917822, id=,B21, PRDE,actvstrat=,0.780233, actvprof=,2.030880, id=,B22, PRDE,actvstrat=,-1.000000, actvprof=,2.453807, id=,B23, PRDE,actvstrat=,-0.115452, actvprof=,1.242668, id=,B24, PRDE,actvstrat=,1.000000, actvprof=,0.895299, id=,B25, PRDE,actvstrat=,-0.958521, actvprof=,2.551309, id=,B26, PRDE,actvstrat=,-0.643020, actvprof=,1.544064, id=,B27, PRDE,actvstrat=,-1.000000, actvprof=,2.523114, id=,B28, PRDE,actvstrat=,-0.309489, actvprof=,1.181138, id=,B29, PRDE,actvstrat=,-0.530232, actvprof=,1.238501, id=,S00, PRDE,actvstrat=,0.226659, actvprof=,9.471053, id=,S01, PRDE,actvstrat=,-0.287570, actvprof=,6.699322, id=,S02, PRDE,actvstrat=,-0.374993, actvprof=,6.388759, id=,S03, PRDE,actvstrat=,-0.378527, actvprof=,6.358203, id=,S04, PRDE,actvstrat=,-0.490261, actvprof=,6.139448, id=,S05, PRDE,actvstrat=,0.835951, actvprof=,12.041251, id=,S06, PRDE,actvstrat=,-0.010282, actvprof=,8.199079, id=,S07, PRDE,actvstrat=,0.946534, actvprof=,12.091669, id=,S08, PRDE,actvstrat=,0.609467, actvprof=,11.010255, id=,S09, PRDE,actvstrat=,-1.000000, actvprof=,10.109123, id=,S10, PRDE,actvstrat=,0.376968, actvprof=,9.744392, id=,S11, PRDE,actvstrat=,-0.905890, actvprof=,2.776453, id=,S12, PRDE,actvstrat=,-0.267530, actvprof=,6.421260, id=,S13, PRDE,actvstrat=,-0.725216, actvprof=,5.623464, id=,S14, PRDE,actvstrat=,-0.733323, actvprof=,5.159147, id=,S15, PRDE,actvstrat=,0.363374, actvprof=,10.067872, id=,S16, PRDE,actvstrat=,0.149139, actvprof=,8.939096, id=,S17, PRDE,actvstrat=,-0.525368, actvprof=,5.966805, id=,S18, PRDE,actvstrat=,0.270967, actvprof=,9.467997, id=,S19, PRDE,actvstrat=,0.695207, actvprof=,11.523461, id=,S20, PRDE,actvstrat=,-0.811697, actvprof=,4.145929, id=,S21, PRDE,actvstrat=,-0.279302, actvprof=,6.774046, id=,S22, PRDE,actvstrat=,1.000000, actvprof=,12.178060, id=,S23, PRDE,actvstrat=,-0.002375, actvprof=,8.239774, id=,S24, PRDE,actvstrat=,-0.432129, actvprof=,6.563902, id=,S25, PRDE,actvstrat=,0.270083, actvprof=,9.633417, id=,S26, PRDE,actvstrat=,-0.533006, actvprof=,5.880414, id=,S27, PRDE,actvstrat=,-1.000000, actvprof=,10.016899, id=,S28, PRDE,actvstrat=,-0.064515, actvprof=,7.994768, id=,S29, PRDE,actvstrat=,-0.367950, actvprof=,6.536957, best_B_id=,B17, best_B_prof=,2.558948, best_B_strat=,-0.854468, best_S_id=,S22, best_S_prof=,12.178060, best_S_strat=,1.000000, 
t=,82800, id=,B00, PRDE,actvstrat=,-0.525665, actvprof=,2.732109, id=,B01, PRDE,actvstrat=,0.052606, actvprof=,2.591545, id=,B02, PRDE,actvstrat=,0.911655, actvprof=,2.341530, id=,B03, PRDE,actvstrat=,-0.591831, actvprof=,3.010737, id=,B04, PRDE,actvstrat=,-1.000000, actvprof=,3.511878, id=,B05, PRDE,actvstrat=,-0.403835, actvprof=,2.604323, id=,B06, PRDE,actvstrat=,0.384742, actvprof=,2.987402, id=,B07, PRDE,actvstrat=,0.469076, actvprof=,2.699607, id=,B08, PRDE,actvstrat=,0.285482, actvprof=,2.734053, id=,B09, PRDE,actvstrat=,-0.121102, actvprof=,2.422368, id=,B10, PRDE,actvstrat=,-1.000000, actvprof=,3.351313, id=,B11, PRDE,actvstrat=,0.097762, actvprof=,2.520429, id=,B12, PRDE,actvstrat=,0.655749, actvprof=,3.031016, id=,B13, PRDE,actvstrat=,0.890460, actvprof=,2.551820, id=,B14, PRDE,actvstrat=,0.150038, actvprof=,2.623491, id=,B15, PRDE,actvstrat=,0.651899, actvprof=,3.103242, id=,B16, PRDE,actvstrat=,0.364980, actvprof=,3.015459, id=,B17, PRDE,actvstrat=,0.281023, actvprof=,2.907397, id=,B18, PRDE,actvstrat=,-1.000000, actvprof=,3.547991, id=,B19, PRDE,actvstrat=,-0.512651, actvprof=,2.752943, id=,B20, PRDE,actvstrat=,0.555160, actvprof=,2.951567, id=,B21, PRDE,actvstrat=,-0.678009, actvprof=,3.264919, id=,B22, PRDE,actvstrat=,1.000000, actvprof=,1.634265, id=,B23, PRDE,actvstrat=,0.603763, actvprof=,3.159635, id=,B24, PRDE,actvstrat=,-1.000000, actvprof=,3.564381, id=,B25, PRDE,actvstrat=,1.000000, actvprof=,1.430086, id=,B26, PRDE,actvstrat=,0.942167, actvprof=,2.262081, id=,B27, PRDE,actvstrat=,1.000000, actvprof=,1.590373, id=,B28, PRDE,actvstrat=,0.093922, actvprof=,2.457926, id=,B29, PRDE,actvstrat=,-0.140950, actvprof=,2.477094, id=,S00, PRDE,actvstrat=,-1.000000, actvprof=,10.226727, id=,S01, PRDE,actvstrat=,1.000000, actvprof=,10.519800, id=,S02, PRDE,actvstrat=,0.522972, actvprof=,9.657248, id=,S03, PRDE,actvstrat=,-0.527578, actvprof=,5.695065, id=,S04, PRDE,actvstrat=,0.207338, actvprof=,8.119100, id=,S05, PRDE,actvstrat=,0.835951, actvprof=,10.835374, id=,S06, PRDE,actvstrat=,1.000000, actvprof=,10.778149, id=,S07, PRDE,actvstrat=,-0.403741, actvprof=,5.679231, id=,S08, PRDE,actvstrat=,0.675072, actvprof=,10.235616, id=,S09, PRDE,actvstrat=,-1.000000, actvprof=,10.185057, id=,S10, PRDE,actvstrat=,0.565122, actvprof=,9.830869, id=,S11, PRDE,actvstrat=,-0.999876, actvprof=,10.210615, id=,S12, PRDE,actvstrat=,0.131601, actvprof=,8.027150, id=,S13, PRDE,actvstrat=,-0.545457, actvprof=,5.600337, id=,S14, PRDE,actvstrat=,0.135398, actvprof=,8.265497, id=,S15, PRDE,actvstrat=,0.070827, actvprof=,7.434336, id=,S16, PRDE,actvstrat=,-0.208414, actvprof=,6.244265, id=,S17, PRDE,actvstrat=,-0.324921, actvprof=,5.580891, id=,S18, PRDE,actvstrat=,0.395324, actvprof=,9.258613, id=,S19, PRDE,actvstrat=,-1.000000, actvprof=,9.929209, id=,S20, PRDE,actvstrat=,-1.000000, actvprof=,10.488687, id=,S21, PRDE,actvstrat=,-0.199488, actvprof=,6.434832, id=,S22, PRDE,actvstrat=,0.190349, actvprof=,8.345224, id=,S23, PRDE,actvstrat=,-1.000000, actvprof=,9.947265, id=,S24, PRDE,actvstrat=,0.139650, actvprof=,8.134934, id=,S25, PRDE,actvstrat=,0.304400, actvprof=,8.613852, id=,S26, PRDE,actvstrat=,0.899354, actvprof=,10.905934, id=,S27, PRDE,actvstrat=,0.495560, actvprof=,9.786145, id=,S28, PRDE,actvstrat=,1.000000, actvprof=,10.713145, id=,S29, PRDE,actvstrat=,-0.635169, actvprof=,5.593392, best_B_id=,B24, best_B_prof=,3.564381, best_B_strat=,-1.000000, best_S_id=,S26, best_S_prof=,10.905934, best_S_strat=,0.899354, 
